Date,Open,High,Low,Close,Volume,Dividends,Stock Splits,MA_5,MA_10,MA_20,MA_50,MA_200,EMA_12,EMA_26,MACD,MACD_signal,MACD_histogram,RSI,BB_middle,BB_upper,BB_lower,BB_width,BB_position,Stoch_K,Stoch_D,Williams_R,Volume_MA,Volume_ratio,Volume_rate_of_change,High_Low_Pct,Price_Change,Price_Range,Open_Close_ratio,High_Close_ratio,Low_Close_ratio,Volatility,Volatility_MA,Momentum,ROC,True_Range,ATR,Close_lag_1,Volume_lag_1,High_lag_1,Low_lag_1,Close_lag_2,Volume_lag_2,High_lag_2,Low_lag_2,Close_lag_3,Volume_lag_3,High_lag_3,Low_lag_3,Close_lag_5,Volume_lag_5,High_lag_5,Low_lag_5,Close_lag_10,Volume_lag_10,High_lag_10,Low_lag_10,Target
2024-12-09 00:00:00+05:30,2420.3212934353196,2432.054648922866,2340.1021731538126,2357.23583984375,3385021.0,0.0,0.0,2355.5667724609375,2343.6369140625,2328.6976318359375,2330.202822265625,2280.4353153571706,2336.9645165251945,2314.5065098604296,-6.21586651333655,-6.21586651333655,0.0,0.0,2328.6976318359375,2376.1844879108353,2281.2107757610397,94.97371214979557,0.5,50.0,50.0,-50.0,3097499.870808035,1.0,0.0,0.039008602454961995,0.0,91.95247576905331,1.026762470061439,1.031740060885921,0.9927314584309591,0.00043583551483131265,0.00021791775741565632,-60.72900390625,0.0,91.95247576905331,45.4186993826071,2357.23583984375,3385021.0,2432.054648922866,2340.1021731538126,2357.23583984375,3385021.0,2432.054648922866,2340.1021731538126,2357.23583984375,3385021.0,2432.054648922866,2340.1021731538126,2357.23583984375,3385021.0,2432.054648922866,2340.1021731538126,2357.23583984375,3385021.0,2432.054648922866,2340.1021731538126,2353.897705078125
2024-12-10 00:00:00+05:30,2365.0418405006158,2369.2639501866993,2345.0116899782884,2353.897705078125,2063838.0,0.0,0.0,2355.5667724609375,2343.6369140625,2328.6976318359375,2330.202822265625,2280.4353153571706,2336.9645165251945,2314.5065098604296,-6.21586651333655,-6.21586651333655,0.0,0.0,2328.6976318359375,2376.1844879108353,2281.2107757610397,94.97371214979557,0.5,50.0,50.0,-50.0,2724429.5,0.7575303380028736,0.0,0.010303022156014207,-0.001416122523339114,24.252260208410917,1.0047343329314817,1.0065280003780217,0.9962249782220074,0.0010013498392440923,0.0005006749196220462,-60.72900390625,0.0,24.252260208410917,45.4186993826071,2357.23583984375,3385021.0,2432.054648922866,2340.1021731538126,2357.23583984375,3385021.0,2432.054648922866,2340.1021731538126,2357.23583984375,3385021.0,2432.054648922866,2340.1021731538126,2357.23583984375,3385021.0,2432.054648922866,2340.1021731538126,2357.23583984375,3385021.0,2432.054648922866,2340.1021731538126,2357.824951171875
2024-12-11 00:00:00+05:30,2361.4086980082207,2365.6799489199275,2341.77120363809,2357.824951171875,1718225.0,0.0,0.0,2356.3194986979165,2343.6369140625,2328.6976318359375,2330.202822265625,2280.4353153571706,2336.9645165251945,2314.5065098604296,-6.21586651333655,-6.21586651333655,0.0,0.0,2328.6976318359375,2376.1844879108353,2281.2107757610397,94.97371214979557,0.5,50.0,50.0,-50.0,2389028.0,0.7192150950093511,0.0,0.010140169765340117,0.0016684013435577238,23.908745281837582,1.0015199376164734,1.0033314592519467,0.9931912894866066,0.001543980436498996,0.000848443425247696,-60.72900390625,0.0,23.908745281837582,45.4186993826071,2353.897705078125,2063838.0,2369.2639501866993,2345.0116899782884,2357.23583984375,3385021.0,2432.054648922866,2340.1021731538126,2357.23583984375,3385021.0,2432.054648922866,2340.1021731538126,2357.23583984375,3385021.0,2432.054648922866,2340.1021731538126,2357.23583984375,3385021.0,2432.054648922866,2340.1021731538126,2302.447265625
2024-12-12 00:00:00+05:30,2341.82054101358,2356.450379655681,2295.6232837042285,2302.447265625,3231056.0,0.0,0.0,2342.8514404296875,2343.6369140625,2328.6976318359375,2330.202822265625,2280.4353153571706,2336.9645165251945,2314.5065098604296,-6.21586651333655,-6.21586651333655,0.0,0.0,2328.6976318359375,2376.1844879108353,2281.2107757610397,94.97371214979557,0.5,50.0,50.0,-50.0,2599535.0,1.2429361405020514,0.0,0.026418453468874992,-0.023486767123806818,60.82709595145252,1.0171006198389052,1.0234546583702198,0.9970362049013448,0.011852662630394237,0.0035994982265343312,-60.72900390625,0.0,62.20166746764653,45.4186993826071,2357.824951171875,1718225.0,2365.6799489199275,2341.77120363809,2353.897705078125,2063838.0,2369.2639501866993,2345.0116899782884,2357.23583984375,3385021.0,2432.054648922866,2340.1021731538126,2357.23583984375,3385021.0,2432.054648922866,2340.1021731538126,2357.23583984375,3385021.0,2432.054648922866,2340.1021731538126,2346.77880859375
2024-12-13 00:00:00+05:30,2302.4470222060845,2351.148103051197,2291.1554631934337,2346.77880859375,2260902.0,0.0,0.0,2343.6369140625,2343.6369140625,2328.6976318359375,2330.202822265625,2280.4353153571706,2336.9645165251945,2314.5065098604296,-6.21586651333655,-6.21586651333655,0.0,0.0,2328.6976318359375,2376.1844879108353,2281.2107757610397,94.97371214979557,0.5,50.0,50.0,-50.0,2531808.4,0.892998854099702,0.0,0.02556382375623729,0.019254096990888536,59.99263985776315,0.9811095164890166,1.0018618262792585,0.9762980025230212,0.015198427088899088,0.005919283999007282,-60.72900390625,0.0,59.99263985776315,45.4186993826071,2302.447265625,3231056.0,2356.450379655681,2295.6232837042285,2357.824951171875,1718225.0,2365.6799489199275,2341.77120363809,2353.897705078125,2063838.0,2369.2639501866993,2345.0116899782884,2357.23583984375,3385021.0,2432.054648922866,2340.1021731538126,2357.23583984375,3385021.0,2432.054648922866,2340.1021731538126,2323.2626953125
2024-12-16 00:00:00+05:30,2346.9751128385005,2349.6261265509324,2320.1698859339126,2323.2626953125,1247552.0,0.0,0.0,2336.84228515625,2340.2412109375,2328.6976318359375,2330.202822265625,2280.4353153571706,2336.9645165251945,2314.5065098604296,-6.21586651333655,-6.21586651333655,0.0,0.0,2328.6976318359375,2376.1844879108353,2281.2107757610397,94.97371214979557,0.5,50.0,50.0,-50.0,2317765.6666666665,0.5382563120775655,0.0,0.012678824773647776,-0.010020592138950457,29.45624061701983,1.0102065158511104,1.0113475894446307,0.998668764670983,0.014105874361081402,0.007283715726019636,-60.72900390625,0.0,29.45624061701983,45.4186993826071,2346.77880859375,2260902.0,2351.148103051197,2291.1554631934337,2302.447265625,3231056.0,2356.450379655681,2295.6232837042285,2357.824951171875,1718225.0,2365.6799489199275,2341.77120363809,2357.23583984375,3385021.0,2432.054648922866,2340.1021731538126,2357.23583984375,3385021.0,2432.054648922866,2340.1021731538126,2320.41552734375
2024-12-17 00:00:00+05:30,2310.6950631027157,2336.861929579234,2310.6950631027157,2320.41552734375,2131569.0,0.0,0.0,2330.145849609375,2337.4089704241073,2328.6976318359375,2330.202822265625,2280.4353153571706,2333.27166748985,2314.5065098604296,-6.21586651333655,-6.21586651333655,0.0,36.192854736410375,2328.6976318359375,2376.1844879108353,2281.2107757610397,94.97371214979557,0.5,20.766666605514843,40.25555553517162,-79.23333339448516,2291166.1428571427,0.9303423964452787,0.0,0.011276802007299276,-0.0012255041044194614,26.166866476518408,0.9958108950200995,1.0070876970273988,0.9958108950200995,0.012883650672117317,0.008083706432605019,-60.72900390625,0.0,26.166866476518408,45.4186993826071,2323.2626953125,1247552.0,2349.6261265509324,2320.1698859339126,2346.77880859375,2260902.0,2351.148103051197,2291.1554631934337,2302.447265625,3231056.0,2356.450379655681,2295.6232837042285,2353.897705078125,2063838.0,2369.2639501866993,2345.0116899782884,2357.23583984375,3385021.0,2432.054648922866,2340.1021731538126,2316.438720703125
2024-12-18 00:00:00+05:30,2307.454663175832,2339.807386268207,2307.454663175832,2316.438720703125,988403.0,0.0,0.0,2321.868603515625,2334.7876892089844,2328.6976318359375,2330.202822265625,2280.4353153571706,2329.7588909434558,2314.5065098604296,-6.21586651333655,-6.21586651333655,0.0,35.144664062541665,2328.6976318359375,2376.1844879108353,2281.2107757610397,94.97371214979557,0.5,17.94421832801973,29.570294977844856,-82.05578167198027,2128320.75,0.4644050949557298,0.0,0.013966578439232281,-0.0017138338343983817,32.35272309237507,0.9961216079462849,1.0100881863855171,0.9961216079462849,0.01192905809562934,0.008564375390483058,-60.72900390625,0.0,32.35272309237507,43.7854523463281,2320.41552734375,2131569.0,2336.861929579234,2310.6950631027157,2323.2626953125,1247552.0,2349.6261265509324,2320.1698859339126,2346.77880859375,2260902.0,2351.148103051197,2291.1554631934337,2357.824951171875,1718225.0,2365.6799489199275,2341.77120363809,2357.23583984375,3385021.0,2432.054648922866,2340.1021731538126,2317.077392578125
2024-12-19 00:00:00+05:30,2304.4602052401287,2343.686056401983,2293.6595822074737,2317.077392578125,1655915.0,0.0,0.0,2324.79462890625,2332.819878472222,2328.6976318359375,2330.202822265625,2280.4353153571706,2327.2500391945505,2314.5065098604296,-6.21586651333655,-6.21586651333655,0.0,35.444919716064035,2328.6976318359375,2376.1844879108353,2281.2107757610397,94.97371214979557,0.5,18.39750119952364,19.036128711019405,-81.60249880047635,2075831.2222222222,0.7977117707225287,0.0,0.021590333734535616,0.0002757128299109013,50.02647419450932,0.9945546974915854,1.011483718199957,0.9898933844654213,0.011187092130118825,0.0088557883615537,-60.72900390625,0.0,50.02647419450932,44.47889921834823,2316.438720703125,988403.0,2339.807386268207,2307.454663175832,2320.41552734375,2131569.0,2336.861929579234,2310.6950631027157,2323.2626953125,1247552.0,2349.6261265509324,2320.1698859339126,2302.447265625,3231056.0,2356.450379655681,2295.6232837042285,2357.23583984375,3385021.0,2432.054648922866,2340.1021731538126,2291.597412109375
2024-12-20 00:00:00+05:30,2309.467724557705,2330.479748587135,2282.515070557055,2291.597412109375,2069691.0,0.0,0.0,2313.758349609375,2328.6976318359375,2328.6976318359375,2330.202822265625,2280.4353153571706,2320.4938802181036,2314.5065098604296,-6.21586651333655,-6.21586651333655,0.0,29.91890030668202,2328.6976318359375,2376.1844879108353,2281.2107757610397,94.97371214979557,0.10936327656597387,6.0735369536099455,14.138418827051105,-93.92646304639005,2075217.2,0.9973370498278445,0.0,0.020930673850748222,-0.010996603113200054,47.964678030079995,1.0077981901855442,1.0169673504919738,0.9960366766412256,0.01093656372455678,0.009063865897854007,-60.72900390625,0.0,47.964678030079995,44.82747709952141,2317.077392578125,1655915.0,2343.686056401983,2293.6595822074737,2316.438720703125,988403.0,2339.807386268207,2307.454663175832,2320.41552734375,2131569.0,2336.861929579234,2310.6950631027157,2346.77880859375,2260902.0,2351.148103051197,2291.1554631934337,2357.23583984375,3385021.0,2432.054648922866,2340.1021731538126,2296.5068359375
2024-12-23 00:00:00+05:30,2294.641369734494,2309.124022795506,2273.285593186901,2296.5068359375,1066199.0,0.0,0.0,2308.407177734375,2322.6247314453126,2325.7711958451705,2330.202822265625,2280.4353153571706,2316.104829483242,2314.5065098604296,-6.21586651333655,-6.21586651333655,0.0,31.962693537065718,2325.7711958451705,2374.825436891636,2276.716954798705,98.1084820929309,0.2017142729825283,14.625798864242192,13.032279005791926,-85.3742011357578,1983488.2727272727,0.5375373349366916,-0.6850244060524292,0.015605627228178653,0.0021423587765383445,35.838429608604656,0.9991876940343423,1.0054940776402501,0.9898884504120715,0.011017453899487965,0.010165611287802804,-60.72900390625,-2.576280356838434,35.838429608604656,44.01029096398352,2291.597412109375,2069691.0,2330.479748587135,2282.515070557055,2317.077392578125,1655915.0,2343.686056401983,2293.6595822074737,2316.438720703125,988403.0,2339.807386268207,2307.454663175832,2323.2626953125,1247552.0,2349.6261265509324,2320.1698859339126,2357.23583984375,3385021.0,2432.054648922866,2340.1021731538126,2293.217529296875
2024-12-24 00:00:00+05:30,2288.848234775878,2314.229552226785,2288.848234775878,2293.217529296875,683646.0,0.0,0.0,2302.967578125,2316.5567138671877,2323.058390299479,2330.202822265625,2280.4353153571706,2312.0355426458987,2314.5065098604296,-6.21586651333655,-6.21586651333655,0.0,31.35013264486028,2323.058390299479,2373.464832348828,2272.65194825013,100.8128840986983,0.20399754684739427,12.554043366687829,11.084459728179988,-87.44595663331216,1875168.0833333333,0.36457851756133686,-0.668750163530277,0.011067993823808353,-0.0014323086651218953,25.381317450906863,0.9980946881553201,1.0091626819791284,0.9980946881553201,0.011017269688003536,0.01116720327267875,-60.68017578125,-2.577859507248048,25.381317450906863,42.45787650456047,2296.5068359375,1066199.0,2309.124022795506,2273.285593186901,2291.597412109375,2069691.0,2330.479748587135,2282.515070557055,2317.077392578125,1655915.0,2343.686056401983,2293.6595822074737,2320.41552734375,2131569.0,2336.861929579234,2310.6950631027157,2353.897705078125,2063838.0,2369.2639501866993,2345.0116899782884,2290.46826171875
2024-12-26 00:00:00+05:30,2289.9773243568984,2299.403417590653,2282.564122249837,2290.46826171875,1033769.0,0.0,0.0,2297.773486328125,2309.821044921875,2320.551457331731,2330.202822265625,2280.4353153571706,2308.290643347093,2314.5065098604296,-6.21586651333655,-6.21586651333655,0.0,30.855871622056767,2320.551457331731,2372.0866914386047,2269.016223224857,103.07046821374752,0.20812982482436754,10.82242912650675,12.667423785812256,-89.17757087349325,1810445.076923077,0.5710026850176153,-0.39835062346316696,0.007351900754206478,-0.0011988690750013298,16.83929534081608,0.9997856607008895,1.0039010171069553,0.9965491163527489,0.010932167163618325,0.01210602194539068,-67.356689453125,-2.8567298611225422,16.83929534081608,40.48721641504167,2293.217529296875,683646.0,2314.229552226785,2288.848234775878,2296.5068359375,1066199.0,2309.124022795506,2273.285593186901,2291.597412109375,2069691.0,2330.479748587135,2282.515070557055,2316.438720703125,988403.0,2339.807386268207,2307.454663175832,2357.824951171875,1718225.0,2365.6799489199275,2341.77120363809,2298.814208984375
2024-12-27 00:00:00+05:30,2300.5324897599107,2303.134361905232,2286.049837508968,2298.814208984375,556816.0,0.0,0.0,2294.120849609375,2309.4577392578126,2318.998796735491,2330.202822265625,2280.4353153571706,2306.6771091406904,2312.7440777216398,-6.0669685809493785,-6.133145439788122,0.06617685883874369,34.01398354735315,2318.998796735491,2369.857268414896,2268.1403250560857,101.71694335881057,0.30156120421438537,16.07908775367931,13.151853415624629,-83.9209122463207,1720900.142857143,0.3235609005619235,-0.8276674870382934,0.0074318856780566,0.0036437733738174938,17.084524396263987,1.000747463961559,1.0018792962493326,0.994447410571276,0.00828497128765238,0.011749252811116495,-3.633056640625,-0.15779109015288117,17.084524396263987,38.81559555655755,2290.46826171875,1033769.0,2299.403417590653,2282.564122249837,2293.217529296875,683646.0,2314.229552226785,2288.848234775878,2296.5068359375,1066199.0,2309.124022795506,2273.285593186901,2317.077392578125,1655915.0,2343.686056401983,2293.6595822074737,2302.447265625,3231056.0,2356.450379655681,2295.6232837042285,2301.0234375
2024-12-30 00:00:00+05:30,2299.05968803339,2316.389681190017,2282.8587549338595,2301.0234375,924180.0,0.0,0.0,2296.0060546875,2304.8822021484375,2317.800439453125,2330.202822265625,2280.4353153571706,2305.730022353394,2311.476191551776,-5.7461691983821765,-5.9745486195397834,0.2283794211576069,34.80224422442245,2317.800439453125,2367.680212327759,2267.920666578491,99.759545749268,0.33182559797042765,28.900103294284502,18.600540058156852,-71.0998967057155,1667785.4666666666,0.5541360195727812,-0.5912339411438443,0.014572179365799149,0.0009610296069124669,33.53092625615773,0.9991465756347343,1.006678003987092,0.9921058246212929,0.004828774029113587,0.010712287505137946,-45.75537109375,-1.9497095732327607,33.53092625615773,34.64262773420786,2298.814208984375,556816.0,2303.134361905232,2286.049837508968,2290.46826171875,1033769.0,2299.403417590653,2282.564122249837,2293.217529296875,683646.0,2314.229552226785,2288.848234775878,2291.597412109375,2069691.0,2330.479748587135,2282.515070557055,2346.77880859375,2260902.0,2351.148103051197,2291.1554631934337,2284.67529296875
2024-12-31 00:00:00+05:30,2297.586849677959,2310.007469026126,2281.140448083042,2284.67529296875,1878762.0,0.0,0.0,2293.63974609375,2301.0234619140624,2315.7301177978516,2330.202822265625,2280.4353153571706,2302.2505623154116,2308.672597395865,-6.422035080453497,-6.126136174049849,-0.29589890640364835,32.51487131670508,2315.7301177978516,2366.68543605113,2264.774799544573,101.91063650655724,0.1952739586990667,12.327267928313008,19.102152992092275,-87.672732071687,1680971.5,1.117664398236377,0.5059588698507156,0.012635065049254109,-0.007104727515949039,28.867020943083844,1.005651374945466,1.011087867118508,0.9984528020692539,0.00435223914348698,0.009736923983378503,-38.58740234375,-1.6609143004622462,28.867020943083844,34.97225350097022,2301.0234375,924180.0,2316.389681190017,2282.8587549338595,2298.814208984375,556816.0,2303.134361905232,2286.049837508968,2290.46826171875,1033769.0,2299.403417590653,2282.564122249837,2296.5068359375,1066199.0,2309.124022795506,2273.285593186901,2323.2626953125,1247552.0,2349.6261265509324,2320.1698859339126,2280.011474609375
2025-01-01 00:00:00+05:30,2282.8588155253287,2294.7884979654154,2278.1949104183414,2280.011474609375,559893.0,0.0,0.0,2290.99853515625,2296.983056640625,2313.629021139706,2330.202822265625,2280.4353153571706,2298.616844733201,2305.7632431392008,-7.146398405999662,-6.429641121678898,-0.7167572843207637,30.41769168573346,2313.629021139706,2365.9201290548845,2261.3379132245273,104.5822158303572,0.1785538892686891,8.087415008272385,16.438262076956633,-91.91258499172761,1615025.705882353,0.3466774540867807,-0.7373329223684526,0.0072778526476131025,-0.0020413484462007414,16.593587547074094,1.0012488274500644,1.0064811179770805,0.9992032653294673,0.004350733771493951,0.008883632293316167,-40.404052734375,-1.7412421291899682,16.593587547074094,34.449742234201395,2284.67529296875,1878762.0,2310.007469026126,2281.140448083042,2301.0234375,924180.0,2316.389681190017,2282.8587549338595,2298.814208984375,556816.0,2303.134361905232,2286.049837508968,2293.217529296875,683646.0,2314.229552226785,2288.848234775878,2320.41552734375,2131569.0,2336.861929579234,2310.6950631027157,2327.04296875
2025-01-02 00:00:00+05:30,2287.767981935654,2336.517963432763,2273.5307992154535,2327.04296875,1650744.0,0.0,0.0,2298.3134765625,2298.0434814453124,2314.3742404513887,2330.202822265625,2280.4353153571706,2303.2175588803157,2307.865642512305,-4.648083631989266,-5.946739989292733,1.298656357303467,56.46109643159488,2314.3742404513887,2365.496648398161,2263.2518325046162,102.24481589354491,0.6239058253261635,69.04141114483853,29.81869802714131,-30.95858885516147,1617010.0555555555,1.0208619262004865,0.670112292253261,0.027067469343354526,0.020627744493558975,62.98716421730933,0.9831223628691983,1.004071688752637,0.9770042194092826,0.008306960097977822,0.008521422493551015,10.604248046875,0.45778236877582756,62.98716421730933,34.5058491448916,2280.011474609375,559893.0,2294.7884979654154,2278.1949104183414,2284.67529296875,1878762.0,2310.007469026126,2281.140448083042,2301.0234375,924180.0,2316.389681190017,2282.8587549338595,2290.46826171875,1033769.0,2299.403417590653,2282.564122249837,2316.438720703125,988403.0,2339.807386268207,2307.454663175832,2362.635986328125
2025-01-03 00:00:00+05:30,2338.678339641274,2370.834735922727,2321.9373281379058,2362.635986328125,1274239.0,0.0,0.0,2311.07783203125,2302.5993408203126,2316.9143323396383,2330.202822265625,2280.4353153571706,2312.7579765324276,2313.1462961771003,-0.38831964467271973,-4.540052085230802,4.151732440558082,54.366001771917404,2316.9143323396383,2371.307927492684,2262.5207371865927,108.78719030609136,0.9202852731083592,91.5952622804641,56.24136281119167,-8.404737719535898,1598969.4736842106,0.7969126496605379,-0.23049250716371317,0.020696124188311665,0.015295384767752829,48.8974077848211,0.9898597808441558,1.0034701704545455,0.9827740462662339,0.009531902712429128,0.008355903551782045,45.55859375,1.9662094108694683,48.8974077848211,33.71333256825288,2327.04296875,1650744.0,2336.517963432763,2273.5307992154535,2280.011474609375,559893.0,2294.7884979654154,2278.1949104183414,2284.67529296875,1878762.0,2310.007469026126,2281.140448083042,2298.814208984375,556816.0,2303.134361905232,2286.049837508968,2317.077392578125,1655915.0,2343.686056401983,2293.6595822074737,2333.130615234375
2025-01-06 00:00:00+05:30,2374.1730256557257,2375.10575867804,2318.8442903999216,2333.130615234375,900419.0,0.0,0.0,2317.499267578125,2306.7526611328126,2317.725146484375,2330.202822265625,2280.4353153571706,2316.00724846918,2315.030969360258,0.9762791089219718,-3.214373964644792,4.190653073566764,52.63021582359287,2317.725146484375,2371.162377366985,2264.287915601765,106.87446176522008,0.6441454627752198,58.77521585120787,73.1372964255035,-41.22478414879213,1564041.95,0.5757000315752401,-0.56495003360405,0.024114152851432372,-0.012488327133121202,56.26146827811817,1.0175911327695761,1.0179909102257647,0.9938767573743323,0.009766501887885755,0.008238897368114942,41.533203125,1.812412725966972,56.26146827811817,35.62799168690276,2362.635986328125,1274239.0,2370.834735922727,2321.9373281379058,2327.04296875,1650744.0,2336.517963432763,2273.5307992154535,2280.011474609375,559893.0,2294.7884979654154,2278.1949104183414,2301.0234375,924180.0,2316.389681190017,2282.8587549338595,2291.597412109375,2069691.0,2330.479748587135,2282.515070557055,2347.46630859375
2025-01-07 00:00:00+05:30,2334.063573808319,2358.708727057057,2332.1981075834215,2347.46630859375,922768.0,0.0,0.0,2330.057470703125,2311.8486083984376,2317.236669921875,2330.202822265625,2280.4353153571706,2320.9965468346404,2318.0292035321418,2.967343302498648,-1.7863666082771537,4.753709910775802,56.79407811472917,2317.236669921875,2369.3144931800916,2265.1588466636586,104.15564651643308,0.7902352362347005,72.85464038388812,74.40837283852004,-27.14535961611188,1440929.3,0.6403978321490166,-0.13452554354299717,0.011293290717989731,0.006144402403263971,26.510619473635415,0.994290552866993,1.0047891713811397,0.99349588066315,0.009861778552480152,0.008123329833414161,50.95947265625,2.218999388932663,26.510619473635415,35.65254547241112,2333.130615234375,900419.0,2375.10575867804,2318.8442903999216,2362.635986328125,1274239.0,2370.834735922727,2321.9373281379058,2327.04296875,1650744.0,2336.517963432763,2273.5307992154535,2284.67529296875,1878762.0,2310.007469026126,2281.140448083042,2296.5068359375,1066199.0,2309.124022795506,2273.285593186901,2357.481201171875
2025-01-08 00:00:00+05:30,2347.662453978323,2365.3361989267164,2325.0793354331527,2357.481201171875,953351.0,0.0,0.0,2345.551416015625,2318.2749755859377,2317.4158447265627,2330.202822265625,2280.4353153571706,2326.7555296549413,2321.610278466903,5.145251188038401,-0.23328184204160596,5.378533030080007,60.004784871236964,2317.4158447265627,2370.046478556428,2264.785210896697,105.26126765973095,0.8806277212509748,82.69050396731217,71.44012006746938,-17.309496032687832,1385404.95,0.6881388723203278,0.3945097316447401,0.017076218242398942,0.00426625615092413,40.25686349356374,0.9958350687213662,1.003331945022907,0.986255726780508,0.009790340406746001,0.008000636905288409,64.263671875,2.802336501182423,40.25686349356374,36.21712692963888,2347.46630859375,922768.0,2358.708727057057,2332.1981075834215,2333.130615234375,900419.0,2375.10575867804,2318.8442903999216,2362.635986328125,1274239.0,2370.834735922727,2321.9373281379058,2280.011474609375,559893.0,2294.7884979654154,2278.1949104183414,2293.217529296875,683646.0,2314.229552226785,2288.848234775878,2391.257568359375
2025-01-09 00:00:00+05:30,2361.457814796113,2428.8142759463803,2343.1457076596816,2391.257568359375,2425267.0,0.0,0.0,2358.3943359375,2328.35390625,2319.0874755859377,2330.202822265625,2280.4353153571706,2336.896395399709,2327.8283736214476,9.068021778261482,1.8017902430264041,7.266231535235078,65.56759027749314,2319.0874755859377,2378.7730366593696,2259.4019145125058,119.37112214686385,1.1045858619360678,75.85223064925859,77.1324583334863,-24.147769350741417,1420757.05,1.7070244346139263,1.3460434584515495,0.035825738481812856,0.01432731135701526,85.6685682866987,0.9875380410886865,1.0157058395063534,0.9798801010245406,0.010301626482602933,0.007937582837186869,100.789306640625,4.400379971429658,85.6685682866987,38.76299079336669,2357.481201171875,953351.0,2365.3361989267164,2325.0793354331527,2347.46630859375,922768.0,2358.708727057057,2332.1981075834215,2333.130615234375,900419.0,2375.10575867804,2318.8442903999216,2327.04296875,1650744.0,2336.517963432763,2273.5307992154535,2290.46826171875,1033769.0,2299.403417590653,2282.564122249837,2397.787353515625
2025-01-10 00:00:00+05:30,2391.2577424018345,2411.484458748228,2370.049390991343,2397.787353515625,1651911.0,0.0,0.0,2365.424609375,2338.251220703125,2323.8544799804686,2330.202822265625,2280.4353153571706,2346.437366805574,2333.980745201274,12.456621604299926,4.090001173054215,8.36662043124571,74.21091888762719,2323.8544799804686,2392.500830799635,2255.208129161302,137.2927016383328,1.0385054897522243,80.05067497502205,79.53113653053093,-19.94932502497796,1341799.8,1.2311158490260619,1.9667089307778514,0.017280543120778875,0.0027306908476321112,41.43506775688502,0.9972768181030662,1.0057123936417967,0.9884318505210178,0.010312751662628676,0.0081403608746845,98.97314453125,4.305399894625528,41.43506775688502,38.29659005956705,2391.257568359375,2425267.0,2428.8142759463803,2343.1457076596816,2357.481201171875,953351.0,2365.3361989267164,2325.0793354331527,2347.46630859375,922768.0,2358.708727057057,2332.1981075834215,2362.635986328125,1274239.0,2370.834735922727,2321.9373281379058,2298.814208984375,556816.0,2303.134361905232,2286.049837508968,2406.5751953125
2025-01-13 00:00:00+05:30,2373.2405929574184,2415.903006147045,2365.3855943599074,2406.5751953125,2595013.0,0.0,0.0,2380.113525390625,2348.806396484375,2326.8442993164062,2330.202822265625,2280.4353153571706,2355.833614321344,2340.277559509023,15.556054812321236,6.516616488691759,9.039438323629476,74.65908071577188,2326.8442993164062,2404.3337737027423,2249.35482493007,154.97894877267208,1.0144627488282005,85.6783985636695,80.52710139598338,-14.321601436330495,1358505.35,1.9101971147923709,1.8079086325174751,0.020991412146827867,0.003664979625482845,50.51741178713746,0.9861485307336291,1.003875968992248,0.9828845568454203,0.01025156515009683,0.008682639986782823,105.5517578125,4.5871656973289765,50.51741178713746,39.34508878660511,2397.787353515625,1651911.0,2411.484458748228,2370.049390991343,2391.257568359375,2425267.0,2428.8142759463803,2343.1457076596816,2357.481201171875,953351.0,2365.3361989267164,2325.0793354331527,2333.130615234375,900419.0,2375.10575867804,2318.8442903999216,2301.0234375,924180.0,2316.389681190017,2282.8587549338595,2325.0302734375
2025-01-14 00:00:00+05:30,2420.3212661598373,2423.2668904188554,2321.2501994677364,2325.0302734375,2052741.0,0.0,0.0,2375.626318359375,2352.84189453125,2326.9326782226562,2330.0038780799277,2280.4353153571706,2351.0322586336024,2338.971557079064,12.060701554538355,7.676443220996038,4.384258333542316,55.27686908602303,2326.9326782226562,2404.408983774351,2249.4563726709616,154.95261110338924,0.4877226671328119,33.16481270655996,66.2979620817505,-66.83518729344004,1398764.8,1.467538359558376,0.09260300133811517,0.04387757532304724,-0.03388421938106578,102.01669095111902,1.0409848395571435,1.0422517582259756,0.9983741829029285,0.015688204779667297,0.009816236550400852,40.35498046875,1.766333298781908,102.01669095111902,44.81904403662026,2406.5751953125,2595013.0,2415.903006147045,2365.3855943599074,2397.787353515625,1651911.0,2411.484458748228,2370.049390991343,2391.257568359375,2425267.0,2428.8142759463803,2343.1457076596816,2347.46630859375,922768.0,2358.708727057057,2332.1981075834215,2284.67529296875,1878762.0,2310.007469026126,2281.140448083042,2329.989013671875
2025-01-15 00:00:00+05:30,2330.8726051486196,2341.6732284736895,2307.5041755449906,2329.989013671875,1215150.0,0.0,0.0,2370.127880859375,2357.8396484375,2327.4113525390626,2330.003327546296,2280.4353153571706,2347.758850449857,2338.2109677330554,9.547882716801723,8.064380447895516,1.4835022689062072,56.507717504830225,2327.4113525390626,2404.836400135858,2249.986304942267,154.8500951935912,0.516646170798861,36.35815969927795,51.73379032316914,-63.64184030072205,1352943.85,0.8981525729985024,1.1703254014606363,0.014664898730509978,0.002132763728294851,34.169052928698875,1.0003792255978718,1.0050147081094607,0.9903498093789507,0.01562815724275374,0.010943978897526834,49.9775390625,2.191986295641879,34.169052928698875,46.056883864326174,2325.0302734375,2052741.0,2423.2668904188554,2321.2501994677364,2406.5751953125,2595013.0,2415.903006147045,2365.3855943599074,2397.787353515625,1651911.0,2411.484458748228,2370.049390991343,2357.481201171875,953351.0,2365.3361989267164,2325.0793354331527,2280.011474609375,559893.0,2294.7884979654154,2278.1949104183414,2302.496337890625
2025-01-16 00:00:00+05:30,2333.867188879549,2336.861954874067,2283.8898589241226,2302.496337890625,2762596.0,0.0,0.0,2352.375634765625,2355.3849853515626,2326.7142333984375,2329.0209350585938,2280.4353153571706,2340.730003898145,2335.218580905687,5.511422992457938,7.539000835388535,-2.0275778429305973,50.57035629683638,2326.7142333984375,2404.8034809655496,2248.6249858313254,156.17849513422425,0.3449345059510341,18.65332956536168,29.392100657066532,-81.34667043463833,1441653.5,1.9162690618792935,0.6735459889601294,0.023006375766257952,-0.011799487302270095,52.97209594994456,1.0136247126532516,1.0149253731343284,0.9919189973680704,0.01473734317645554,0.011587017205374604,-24.546630859375,-1.0548421833637467,52.97209594994456,48.62028183244622,2329.989013671875,1215150.0,2341.6732284736895,2307.5041755449906,2325.0302734375,2052741.0,2423.2668904188554,2321.2501994677364,2406.5751953125,2595013.0,2415.903006147045,2365.3855943599074,2391.257568359375,2425267.0,2428.8142759463803,2343.1457076596816,2327.04296875,1650744.0,2336.517963432763,2273.5307992154535,2311.333251953125
2025-01-17 00:00:00+05:30,2307.4057527994237,2336.1747320433897,2300.532629280447,2311.333251953125,1333005.0,0.0,0.0,2335.084814453125,2350.2547119140627,2326.4270263671874,2328.4110149515086,2280.4353153571706,2336.1715470004324,2333.2365733227507,2.9349736776816826,6.596983049090423,-3.6620093714087405,51.564844960694515,2326.4270263671874,2404.707529301373,2248.1465234330017,156.56100586837147,0.4035917383748001,24.34415659251054,26.45188195238339,-75.65584340748946,1425508.0,0.9351087471974903,0.04611850681073171,0.015420581490282411,0.00383797095225602,35.64210276294261,0.9983007646559048,1.0107476842940208,0.9953271028037384,0.013745042893058543,0.012008331223437547,-51.302734375,-2.1714193245118474,35.64210276294261,48.771080154359424,2302.496337890625,2762596.0,2336.861954874067,2283.8898589241226,2329.989013671875,1215150.0,2341.6732284736895,2307.5041755449906,2325.0302734375,2052741.0,2423.2668904188554,2321.2501994677364,2397.787353515625,1651911.0,2411.484458748228,2370.049390991343,2362.635986328125,1274239.0,2370.834735922727,2321.9373281379058,2302.692626953125
2025-01-20 00:00:00+05:30,2313.7387179443335,2325.079419305078,2293.315675101929,2302.692626953125,1382273.0,0.0,0.0,2314.30830078125,2347.2109130859376,2326.981787109375,2327.5537353515624,2280.4353153571706,2330.986410449077,2330.7244063213316,0.26200412774551296,5.306744391470742,-5.044740263725229,52.800225842412694,2326.981787109375,2404.3752329216522,2249.588341297098,154.7868916245543,0.3430799927479322,18.779736486839955,20.592407548237393,-81.22026351316005,1391137.1,0.9936281621703569,0.5351441939808024,0.013794174624677465,-0.0037383726438835474,31.76374420314869,1.004797032335933,1.0097220063546104,0.9959278317299329,0.01328141974224276,0.012359823008873248,-30.43798828125,-1.3045985545130923,31.76374420314869,48.97798895864977,2311.333251953125,1333005.0,2336.1747320433897,2300.532629280447,2302.496337890625,2762596.0,2336.861954874067,2283.8898589241226,2329.989013671875,1215150.0,2341.6732284736895,2307.5041755449906,2406.5751953125,2595013.0,2415.903006147045,2365.3855943599074,2333.130615234375,900419.0,2375.10575867804,2318.8442903999216,2298.077880859375
2025-01-21 00:00:00+05:30,2310.8422527675875,2334.2109200503423,2290.173741080801,2298.077880859375,1842885.0,0.0,0.0,2308.917822265625,2342.2720703125,2327.060339355469,2326.6029013356856,2280.4353153571706,2325.894866554525,2328.0610760479785,-2.166209493453607,3.790299338078236,-5.956508831531844,52.80828093738899,2327.060339355469,2404.326633018888,2249.7940456920496,154.53258732683844,0.31245082996769113,15.807916051787247,19.643936377045915,-84.19208394821275,1429971.4,1.2887565443616567,0.9971271218767881,0.01916261382450343,-0.002004065171240965,44.0371789695414,1.0055543687246313,1.0157231569442962,0.9965605431197927,0.013026100953717545,0.012676255248996987,-49.388427734375,-2.10390358121737,44.0371789695414,50.938245488826006,2302.692626953125,1382273.0,2325.079419305078,2293.315675101929,2311.333251953125,1333005.0,2336.1747320433897,2300.532629280447,2302.496337890625,2762596.0,2336.861954874067,2283.8898589241226,2325.0302734375,2052741.0,2423.2668904188554,2321.2501994677364,2347.46630859375,922768.0,2358.708727057057,2332.1981075834215,2300.4833984375
2025-01-22 00:00:00+05:30,2300.0907444235577,2319.1881603751613,2289.928244871017,2300.4833984375,2658047.0,0.0,0.0,2303.01669921875,2336.5722900390624,2327.4236328125,2325.786666870117,2280.4353153571706,2321.9666784916053,2325.828029442475,-3.8613509508695643,2.2421199876274462,-6.1034709384970105,45.20649591449702,2327.4236328125,2404.0858982869613,2250.7613673380383,153.32453094892298,0.3242927324918775,11.449788692839087,15.345813743822097,-88.55021130716091,1528691.45,1.738772726177019,1.7881095210473372,0.012719029193611158,0.0010467519826722338,29.259915504144374,0.9998293167365567,1.0081307963145336,0.9954117671209224,0.012891831164042421,0.012986404324726628,-56.997802734375,-2.417741558492259,29.259915504144374,48.52915629502851,2298.077880859375,1842885.0,2334.2109200503423,2290.173741080801,2302.692626953125,1382273.0,2325.079419305078,2293.315675101929,2311.333251953125,1333005.0,2336.1747320433897,2300.532629280447,2329.989013671875,1215150.0,2341.6732284736895,2307.5041755449906,2357.481201171875,953351.0,2365.3361989267164,2325.0793354331527,2279.618408203125
2025-01-23 00:00:00+05:30,2273.0398957567777,2298.8632479151706,2212.9983546557087,2279.618408203125,3408925.0,0.0,0.0,2298.44111328125,2325.4083740234373,2326.881140136719,2324.387628728693,2280.4353153571706,2315.4251659278534,2322.1119358894302,-6.686769961576829,0.4397177715880085,-7.126487733164837,34.17561880013179,2326.881140136719,2404.7879577326885,2248.974322540749,155.81363519193928,0.19667139929459213,30.868924381945437,19.37554304219059,-69.13107561805457,1647449.25,2.0692139681996276,0.4055875085093723,0.03766634492443131,-0.00906982864929462,85.86489325946195,0.9971142045428855,1.008442132087894,0.9707757871634628,0.011581621966103989,0.013114403873076736,-111.63916015625,-4.6686380268456285,87.48504378179132,51.28541600909781,2300.4833984375,2658047.0,2319.1881603751613,2289.928244871017,2298.077880859375,1842885.0,2334.2109200503423,2290.173741080801,2302.692626953125,1382273.0,2325.079419305078,2293.315675101929,2302.496337890625,2762596.0,2336.861954874067,2283.8898589241226,2391.257568359375,2425267.0,2428.8142759463803,2343.1457076596816,2325.177734375
2025-01-24 00:00:00+05:30,2290.5666487972244,2337.647495987577,2280.895086444603,2325.177734375,1688664.0,0.0,0.0,2301.210009765625,2318.147412109375,2328.19931640625,2324.410867130055,2280.4353153571706,2316.9307011340907,2322.3569275655223,-5.426226431431587,-0.7421920240230494,-4.684034407408538,48.57149121845331,2328.19931640625,2404.990749969065,2251.4078828434353,153.5828671256295,0.4803260475090723,51.97919553312405,31.43263620263619,-48.02080446687595,1704041.65,0.9909757780861753,0.02224877732517072,0.02440777266355031,0.019985505472289278,56.752409542973965,0.9851146494884706,1.0053629283595082,0.9809551556959579,0.013871944718479192,0.013470323178661786,-72.609619140625,-3.028192597402979,58.029087784451804,51.411674545264496,2279.618408203125,3408925.0,2298.8632479151706,2212.9983546557087,2300.4833984375,2658047.0,2319.1881603751613,2289.928244871017,2298.077880859375,1842885.0,2334.2109200503423,2290.173741080801,2311.333251953125,1333005.0,2336.1747320433897,2300.532629280447,2397.787353515625,1651911.0,2411.484458748228,2370.049390991343,2349.47900390625
2025-01-27 00:00:00+05:30,2322.1336972511494,2366.023448998165,2318.353383718259,2349.47900390625,2477358.0,0.0,0.0,2310.56728515625,2312.43779296875,2330.6220947265624,2325.127099609375,2280.4353153571706,2321.95264001331,2324.5117078356134,-2.5590678223034047,-1.1077249089845314,-1.4513429133188733,50.349028022157604,2330.6220947265624,2406.858969194425,2254.3852202587,152.47374893572487,0.62367315233809,63.23937939069952,48.695833101923,-36.76062060930048,1781700.55,1.390445773842299,-0.04533888654893059,0.020289632382604617,0.010451359985081732,47.670065279905884,0.9883611189503562,1.0070417505601914,0.9867521181775868,0.014389640714580331,0.013884130735110134,-57.09619140625,-2.372508098540249,47.670065279905884,52.92306353142668,2325.177734375,1688664.0,2337.647495987577,2280.895086444603,2279.618408203125,3408925.0,2298.8632479151706,2212.9983546557087,2300.4833984375,2658047.0,2319.1881603751613,2289.928244871017,2302.692626953125,1382273.0,2325.079419305078,2293.315675101929,2406.5751953125,2595013.0,2415.903006147045,2365.3855943599074,2345.551513671875
2025-01-28 00:00:00+05:30,2357.48119559763,2363.3724438998315,2336.321747502455,2345.551513671875,1892156.0,0.0,0.0,2320.06201171875,2314.4899169921873,2333.665905761719,2325.6944444444443,2280.4353153571706,2325.59213241195,2326.1743331798134,-0.5822007678634691,-1.0021213822049824,0.4199206143415133,47.886614881580535,2333.665905761719,2406.9839198214577,2260.34789170198,146.6360281194775,0.5810551681096531,61.419545983188655,58.87937363567074,-38.580454016811345,1782370.25,1.0615953671803038,-0.07822954771205914,0.011532765850462945,-0.0016716430442005326,27.05069639737667,1.0050860882211363,1.0075977569130676,0.9960649910626046,0.009206826539054067,0.013235992911048813,20.521240234375,0.8826224960948537,27.05069639737667,51.97976588169903,2349.47900390625,2477358.0,2366.023448998165,2318.353383718259,2325.177734375,1688664.0,2337.647495987577,2280.895086444603,2279.618408203125,3408925.0,2298.8632479151706,2212.9983546557087,2298.077880859375,1842885.0,2334.2109200503423,2290.173741080801,2325.0302734375,2052741.0,2423.2668904188554,2321.2501994677364,2340.740234375
2025-01-29 00:00:00+05:30,2341.9184361178313,2352.5718729143537,2321.151881289454,2340.740234375,699576.0,0.0,0.0,2328.11337890625,2315.5650390625,2336.70234375,2326.1010874155404,2280.4353153571706,2327.927439884536,2327.319703972918,0.607735911617965,-0.6789289369034259,1.286664848521391,40.02722140234563,2336.70234375,2405.5585970100656,2267.846090489935,137.71250652013077,0.5293211613602398,60.75178069589257,61.80356868992691,-39.24821930410743,1789354.4,0.39096559071808246,-0.4242883594617949,0.013423100591633529,-0.002051235826129094,31.419991624899467,1.0005033457901602,1.005054656798563,0.9916315562069296,0.009240451233176903,0.012597222310091128,10.751220703125,0.461427956957694,31.419991624899467,48.104867548713365,2345.551513671875,1892156.0,2363.3724438998315,2336.321747502455,2349.47900390625,2477358.0,2366.023448998165,2318.353383718259,2325.177734375,1688664.0,2337.647495987577,2280.895086444603,2300.4833984375,2658047.0,2319.1881603751613,2289.928244871017,2329.989013671875,1215150.0,2341.6732284736895,2307.5041755449906,2365.0908203125
2025-01-30 00:00:00+05:30,2340.7894200830306,2381.0462851096263,2340.7894200830306,2365.0908203125,1419960.0,0.0,0.0,2345.207861328125,2321.8244873046874,2338.604736328125,2327.127133018092,2280.4353153571706,2333.6549069393636,2330.276305816443,3.378601122920827,0.13503713656769847,3.2435639863531285,43.969586090940936,2338.604736328125,2408.4328595835655,2268.7766130726845,139.65624651088092,0.6896519822499412,72.3324890739303,64.83460525100384,-27.667510926069696,1777815.2,0.7987106871400357,-0.4860051922177546,0.017021276595744678,0.010402942445256746,40.25686502659573,0.989724961079398,1.0067462376751426,0.989724961079398,0.008602502647652808,0.011983738257210856,62.594482421875,2.7185486201128706,40.3060507346263,48.02422347569489,2340.740234375,699576.0,2352.5718729143537,2321.151881289454,2345.551513671875,1892156.0,2363.3724438998315,2336.321747502455,2349.47900390625,2477358.0,2366.023448998165,2318.353383718259,2279.618408203125,3408925.0,2298.8632479151706,2212.9983546557087,2302.496337890625,2762596.0,2336.861954874067,2283.8898589241226,2424.052490234375
2025-01-31 00:00:00+05:30,2357.9722699945264,2434.0675649870627,2357.9722699945264,2424.052490234375,2116148.0,0.0,0.0,2364.9828125,2333.0964111328126,2341.6755615234374,2329.6123985877402,2280.4353153571706,2347.5828532587893,2337.586083823599,9.996769435190345,2.1121639957095675,7.884605439480778,52.72002583733876,2341.6755615234374,2420.743900534032,2262.607222512843,158.13667802118925,1.0209223422531972,95.46971071291365,76.18466016091217,-4.530289287086351,1819910.65,1.1627757659421358,0.5875019223483784,0.031391768659753266,0.024929981299443016,76.09529499253631,0.9727397733728698,1.004131542032623,0.9727397733728698,0.011123640304752967,0.011721597998380299,112.71923828125,4.876805981396237,76.09529499253631,49.85121513322338,2365.0908203125,1419960.0,2381.0462851096263,2340.7894200830306,2340.740234375,699576.0,2352.5718729143537,2321.151881289454,2345.551513671875,1892156.0,2363.3724438998315,2336.321747502455,2325.177734375,1688664.0,2337.647495987577,2280.895086444603,2311.333251953125,1333005.0,2336.1747320433897,2300.532629280447,2460.627197265625
2025-02-01 00:00:00+05:30,2430.139939176491,2554.838028984739,2391.0121355827387,2460.627197265625,2970999.0,0.0,0.0,2387.212451171875,2348.8898681640626,2348.050390625,2332.8877685546877,2280.4353153571706,2364.9961107274235,2347.1400168277287,17.85609389969477,5.267052418221772,12.589041481472997,74.53794068710917,2348.050390625,2443.151187265832,2252.949593984168,190.20159328166392,1.0918815121275731,72.44005339519674,80.08075106068023,-27.559946604803258,1923439.65,1.5446281353303704,1.1493576160425616,0.06657891678351446,0.01508824878116144,163.82589340200047,0.9876099645964197,1.0382873243959125,0.9717084076123981,0.01110584883036908,0.011504040907192929,157.9345703125,6.858690928344857,163.82589340200047,54.2661581654292,2424.052490234375,2116148.0,2434.0675649870627,2357.9722699945264,2365.0908203125,1419960.0,2381.0462851096263,2340.7894200830306,2340.740234375,699576.0,2352.5718729143537,2321.151881289454,2349.47900390625,2477358.0,2366.023448998165,2318.353383718259,2302.692626953125,1382273.0,2325.079419305078,2293.315675101929,2397.68896484375
2025-02-03 00:00:00+05:30,2459.5962149229367,2474.3243359703793,2372.7003007430244,2397.68896484375,2528480.0,0.0,0.0,2397.63994140625,2358.8509765625,2350.5615234375,2334.4682855373476,2280.4353153571706,2370.0311191357264,2351.051077585271,18.980041550455553,8.013900786639917,10.966140763815636,60.12623328325583,2350.5615234375,2448.215367910597,2252.907678964403,195.3076889461936,0.7412984438069584,54.028430301589665,73.97939813656667,-45.971569698410335,2003725.25,1.2618895729342134,0.37202267097512864,0.04238416104733475,-0.025578125972034793,101.62403522735485,1.0258195499862182,1.0319621820220637,0.9895780209747289,0.01498559017799855,0.01169998982962103,99.611083984375,4.334539086513689,101.62403522735485,59.084371186761764,2460.627197265625,2970999.0,2554.838028984739,2391.0121355827387,2424.052490234375,2116148.0,2434.0675649870627,2357.9722699945264,2365.0908203125,1419960.0,2381.0462851096263,2340.7894200830306,2345.551513671875,1892156.0,2363.3724438998315,2336.321747502455,2298.077880859375,1842885.0,2334.2109200503423,2290.173741080801,2393.859619140625
2025-02-04 00:00:00+05:30,2405.5929736608914,2405.5929736608914,2359.297678237658,2393.859619140625,1992474.0,0.0,0.0,2408.263818359375,2368.1885986328125,2352.3804443359377,2335.882364908854,2280.4353153571706,2373.700334102049,2354.352362938746,19.3479711633031,10.283524520066273,9.064446643236828,64.70675618532312,2352.3804443359377,2451.9140642087264,2252.846824463149,199.06723974557735,0.7083676593783125,52.90821343073016,59.79223237583884,-47.09178656926984,2055681.4,0.9692523364758762,-0.25039925930579854,0.019339185578414523,-0.0015970986058962966,46.295295423233256,1.004901438006828,1.004901438006828,0.9855622524284133,0.015073474537839384,0.011918154167000728,93.376220703125,4.058982593247418,46.295295423233256,58.60745686342524,2397.68896484375,2528480.0,2474.3243359703793,2372.7003007430244,2460.627197265625,2970999.0,2554.838028984739,2391.0121355827387,2424.052490234375,2116148.0,2434.0675649870627,2357.9722699945264,2340.740234375,699576.0,2352.5718729143537,2321.151881289454,2300.4833984375,2658047.0,2319.1881603751613,2289.928244871017,2347.711669921875
2025-02-05 00:00:00+05:30,2408.538762766955,2408.538762766955,2343.735029239593,2347.711669921875,1357416.0,0.0,0.0,2404.78798828125,2374.9979248046875,2350.2031494140624,2336.157465025436,2280.4353153571706,2369.69904053627,2353.841803481412,15.857237054857706,11.399372108950976,4.45786494590673,55.22786980953076,2350.2031494140624,2448.046769513547,2252.3595293145777,195.68724019896945,0.4872680534016723,39.40833243846965,48.781658723596486,-60.59166756153035,2002288.85,0.6779321574906637,-0.6018052611893778,0.027602935384956593,-0.019277633846932374,64.80373352736206,1.0259090984742194,1.0259090984742194,0.9983061630892629,0.016354787967571248,0.012395470767147454,68.09326171875,2.987046493120027,64.80373352736206,60.6904304894552,2393.859619140625,1992474.0,2405.5929736608914,2359.297678237658,2397.68896484375,2528480.0,2474.3243359703793,2372.7003007430244,2460.627197265625,2970999.0,2554.838028984739,2391.0121355827387,2365.0908203125,1419960.0,2381.0462851096263,2340.7894200830306,2279.618408203125,3408925.0,2298.8632479151706,2212.9983546557087,2329.694091796875
2025-02-06 00:00:00+05:30,2356.499319499281,2365.2870502684787,2317.518941198998,2329.694091796875,1132113.0,0.0,0.0,2385.91630859375,2375.449560546875,2346.798486328125,2336.0105701793323,2280.4353153571706,2363.5404770945397,2351.9904450316985,11.550032062841183,11.429527991680795,0.1205040711603882,53.77849294850771,2346.798486328125,2442.3831766042404,2251.2137960520095,191.1693805522309,0.4105275411687769,34.13756386534681,42.15136991151554,-65.8624361346532,1976298.95,0.5728450141614456,-0.32958066258296503,0.020504026360232262,-0.007674527649981666,47.76810906948049,1.0115059001938453,1.0152779537008445,0.9947739273406122,0.01549199326631722,0.012557475621931258,4.516357421875,0.19423708369068482,47.76810906948049,61.833599408478904,2347.711669921875,1357416.0,2408.538762766955,2343.735029239593,2393.859619140625,1992474.0,2405.5929736608914,2359.297678237658,2397.68896484375,2528480.0,2474.3243359703793,2372.7003007430244,2424.052490234375,2116148.0,2434.0675649870627,2357.9722699945264,2325.177734375,1688664.0,2337.647495987577,2280.895086444603,2321.004638671875
2025-02-07 00:00:00+05:30,2336.8618194174337,2338.7764271667124,2293.757615357239,2321.004638671875,855602.0,0.0,0.0,2357.991796875,2372.6021240234377,2342.5199584960938,2335.6771050347224,2280.4353153571706,2356.9929432005147,2349.620969470716,7.37197372979881,10.617502456976164,-3.245528727177353,53.17211746981847,2342.5199584960938,2434.4283894178043,2250.611527574383,183.81686184342107,0.38295241465635543,31.595596452683015,35.04716425216649,-68.40440354731699,1889328.4,0.45286039208429835,-0.6546312644357416,0.019396261023947824,-0.0037298687220767013,45.01881180947339,1.0068320331986207,1.0076569379477875,0.9882606769238397,0.015103932019941493,0.012628904752467373,-28.474365234375,-1.2119438048619924,45.01881180947339,61.90371603990262,2329.694091796875,1132113.0,2365.2870502684787,2317.518941198998,2347.711669921875,1357416.0,2408.538762766955,2343.735029239593,2393.859619140625,1992474.0,2405.5929736608914,2359.297678237658,2460.627197265625,2970999.0,2554.838028984739,2391.0121355827387,2349.47900390625,2477358.0,2366.023448998165,2318.353383718259,2318.648193359375
2025-02-10 00:00:00+05:30,2327.9268622556306,2354.535765162653,2309.418666146116,2318.648193359375,1326354.0,0.0,0.0,2342.183642578125,2369.9117919921873,2342.2008544921873,2335.3069113026495,2280.4353153571706,2351.091036593529,2347.2581507773843,3.8328858161448807,9.259890737885675,-5.427004921740794,52.51359957946202,2342.2008544921873,2434.408793405812,2249.9929155785626,184.41587782724946,0.3722850688872075,30.906254199732043,32.213138172587286,-69.09374580026795,1853009.05,0.7157838759611023,-0.2990250275347276,0.019458363345398015,-0.0010152695402834144,45.117099016537395,1.0040017579738185,1.0154777994807753,0.9960194361353772,0.015102674710154099,0.013218489569577375,-26.9033203125,-1.1469933683265765,45.117099016537395,63.036372005073545,2321.004638671875,855602.0,2338.7764271667124,2293.757615357239,2329.694091796875,1132113.0,2365.2870502684787,2317.518941198998,2347.711669921875,1357416.0,2408.538762766955,2343.735029239593,2397.68896484375,2528480.0,2474.3243359703793,2372.7003007430244,2345.551513671875,1892156.0,2363.3724438998315,2336.321747502455,2273.28564453125
2025-02-11 00:00:00+05:30,2328.025164964299,2334.849146922713,2254.9246336026426,2273.28564453125,1389260.0,0.0,0.0,2318.06884765625,2363.1663330078127,2339.365686035156,2333.987309881981,2280.4353153571706,2339.116316296585,2341.6274737255626,-2.51115742897764,6.9047257360879986,-9.415883165065638,49.179327883489165,2339.365686035156,2436.5094834078777,2242.2218886624346,194.28759474544313,0.15988543123154797,6.122104317886506,22.874651656767185,-93.87789568211349,1861714.55,0.7462261064672884,0.9858600066325889,0.035158148080660846,-0.019564222359409134,79.92451332007022,1.0240794730590648,1.0270812876241768,0.991923139543516,0.016206690915301844,0.01391511353778987,-67.45458984375,-2.8817631641966934,79.92451332007022,62.49633411495061,2318.648193359375,1326354.0,2354.535765162653,2309.418666146116,2321.004638671875,855602.0,2338.7764271667124,2293.757615357239,2329.694091796875,1132113.0,2365.2870502684787,2317.518941198998,2393.859619140625,1992474.0,2405.5929736608914,2359.297678237658,2340.740234375,699576.0,2352.5718729143537,2321.151881289454,2290.22265625
2025-02-12 00:00:00+05:30,2283.5458605845,2297.4884328852386,2263.3193863135825,2290.22265625,1341909.0,0.0,0.0,2306.571044921875,2355.6795166015627,2338.752001953125,2333.0755462646484,2280.4353153571706,2331.5917370425304,2337.722598817789,-6.130861775258381,4.296761901167021,-10.427623676425402,45.107148178474134,2338.752001953125,2437.02499859623,2240.4790053100196,196.54599328621043,0.2530891121628903,11.76940516524341,16.265921227620648,-88.23059483475659,1790680.2,0.7493850660771253,-0.05496704132510777,0.014919530412647429,0.0074504547017637535,34.169046571656054,0.9970846521637191,1.003172519761522,0.9882529893488746,0.015964490774841848,0.014651312350508774,-74.8681640625,-3.1655513361050436,34.169046571656054,60.792045456893774,2273.28564453125,1389260.0,2334.849146922713,2254.9246336026426,2318.648193359375,1326354.0,2354.535765162653,2309.418666146116,2321.004638671875,855602.0,2338.7764271667124,2293.757615357239,2347.711669921875,1357416.0,2408.538762766955,2343.735029239593,2365.0908203125,1419960.0,2381.0462851096263,2340.7894200830306,2279.42236328125
2025-02-13 00:00:00+05:30,2287.8665825033304,2303.0856420040236,2271.4201794945166,2279.42236328125,1334967.0,0.0,0.0,2296.51669921875,2341.21650390625,2337.156457519531,2331.98058334662,2280.4353153571706,2323.5634426715524,2333.3022764114617,-9.738833739909296,1.4889138139116231,-11.227747553820919,39.808596874303,2337.156457519531,2438.298168225333,2236.0147468137293,202.28342141160374,0.2145881069472097,8.168267925277792,8.68659246946923,-91.83173207472221,1790778.3,0.7454674875164614,-0.36915234662225893,0.013891880249838525,-0.00471582662029657,31.66546250950705,1.0037045434659704,1.0103812611054277,0.9964893808555891,0.01257430231627423,0.0147963785516609,-144.630126953125,-5.966460195717183,31.66546250950705,59.64885954472243,2290.22265625,1341909.0,2297.4884328852386,2263.3193863135825,2273.28564453125,1389260.0,2334.849146922713,2254.9246336026426,2318.648193359375,1326354.0,2354.535765162653,2309.418666146116,2329.694091796875,1132113.0,2365.2870502684787,2317.518941198998,2424.052490234375,2116148.0,2434.0675649870627,2357.9722699945264,2276.329345703125
2025-02-14 00:00:00+05:30,2279.9130925334366,2323.1155800749834,2271.4688740822953,2276.329345703125,1135380.0,0.0,0.0,2287.581640625,2322.78671875,2335.8382934570313,2330.86755859375,2280.4353153571706,2316.2949449152648,2328.990118824477,-12.695173909212372,-1.348493037060323,-11.34668087215205,39.905482499238104,2335.8382934570313,2439.5263352951474,2232.1502516189153,207.37608367623216,0.2130385206482381,7.13696434706168,9.024879145860956,-92.86303565293832,1778433.65,0.6384157204852708,-0.6178457145222869,0.02268859121382332,-0.0013569304346354727,51.64670599268811,1.0015743533935793,1.0205533678420364,0.9978647766282132,0.010385877886027156,0.014724381457226706,-177.72518846484377,-7.444669301765293,51.64670599268811,61.40571737295896,2279.42236328125,1334967.0,2303.0856420040236,2271.4201794945166,2290.22265625,1341909.0,2297.4884328852386,2263.3193863135825,2273.28564453125,1389260.0,2334.849146922713,2254.9246336026426,2321.004638671875,855602.0,2338.7764271667124,2293.757615357239,2460.627197265625,2970999.0,2554.838028984739,2391.0121355827387,2287.178955078125
2025-02-17 00:00:00+05:30,2276.3294308235972,2293.659424337889,2258.311933209394,2287.178955078125,1409168.0,0.0,0.0,2281.28779296875,2311.7357177734375,2335.293347167969,2329.4664208984377,2280.4353153571706,2311.8146681035846,2325.830621165765,-14.015953062180415,-3.882406060600563,-10.133547001579853,42.324450766865695,2335.293347167969,2439.927235930873,2230.659458405065,209.26777752580801,0.270082175771613,10.754545136068236,8.68659246946923,-89.24545486393177,1756747.8,0.8021458743252731,-0.44268176928431313,0.015454624156109301,0.004766273999621484,35.34749112849522,0.9952563728210078,1.0028333896853046,0.9873787655291952,0.008912281382488311,0.014117050577675682,-110.510009765625,-4.609021911765209,35.34749112849522,61.686253051787226,2276.329345703125,1135380.0,2323.1155800749834,2271.4688740822953,2279.42236328125,1334967.0,2303.0856420040236,2271.4201794945166,2290.22265625,1341909.0,2297.4884328852386,2263.3193863135825,2318.648193359375,1326354.0,2354.535765162653,2309.418666146116,2397.68896484375,2528480.0,2474.3243359703793,2372.7003007430244,2254.384521484375
2025-02-18 00:00:00+05:30,2287.17904363718,2296.1633418095184,2246.5295231516766,2254.384521484375,1035705.0,0.0,0.0,2277.507568359375,2297.7882080078125,2332.9884033203125,2327.4761572265625,2280.4353153571706,2302.9777692873813,2320.439775429726,-17.462006142344762,-6.5986871326339385,-10.863319009710825,34.51020178108445,2332.9884033203125,2442.7560439732083,2223.2207626674167,219.5352813057916,0.1419533053256719,2.5477721775706055,6.81309388690017,-97.45222782242939,1675630.7,0.6180986060950066,-0.4801914604657326,0.02201657178925315,-0.01433837676799965,49.63381865784186,1.0145469957943163,1.0185322512317618,0.9965156794425086,0.009325128982126651,0.013542216022104411,-139.47509765625,-5.826369121273722,49.63381865784186,62.352522189159764,2287.178955078125,1409168.0,2293.659424337889,2258.311933209394,2276.329345703125,1135380.0,2323.1155800749834,2271.4688740822953,2279.42236328125,1334967.0,2303.0856420040236,2271.4201794945166,2273.28564453125,1389260.0,2334.849146922713,2254.9246336026426,2393.859619140625,1992474.0,2405.5929736608914,2359.297678237658,2209.61083984375
2025-02-19 00:00:00+05:30,2257.084579856575,2263.9085614208143,2207.254436331737,2209.61083984375,1521343.0,0.0,0.0,2261.385205078125,2283.978125,2329.4880249023436,2324.511875,2280.4353153571706,2288.6115743950922,2312.08888177333,-23.477307378237583,-9.974770188483781,-13.502537189753802,18.75525131242793,2329.4880249023436,2450.32811475415,2208.647935050537,241.68017970361325,0.003984210845895279,1.0136440247110872,4.660085320863841,-98.98635597528892,1581251.6,0.962113176675995,0.12076401044337182,0.02563986565755784,-0.019860711965474342,56.6541250890773,1.0214851136484207,1.0245734319356,0.9989335662780422,0.009419102928454118,0.012848647518192697,-138.100830078125,-5.882359058287623,56.6541250890773,60.96386719605555,2254.384521484375,1035705.0,2296.1633418095184,2246.5295231516766,2287.178955078125,1409168.0,2293.659424337889,2258.311933209394,2276.329345703125,1135380.0,2323.1155800749834,2271.4688740822953,2290.22265625,1341909.0,2297.4884328852386,2263.3193863135825,2347.711669921875,1357416.0,2408.538762766955,2343.735029239593,2207.303466796875
2025-02-20 00:00:00+05:30,2209.61072851207,2213.5873689893037,2186.1440190733874,2207.303466796875,2206196.0,0.0,0.0,2246.96142578125,2271.7390625,2323.5943115234377,2322.6089990234377,2280.4353153571706,2276.10112281623,2304.2034202842956,-28.102297468065444,-13.600584094534605,-14.501713373530839,8.995433284699686,2323.5943115234377,2456.2409138250423,2190.947709221833,265.29320460320923,0.06165162654469319,7.342433359545121,3.5227147286894698,-92.65756664045487,1607128.2,1.3727566973188574,0.9487418658738129,0.012432975496450739,-0.0010442440837401534,27.443349915916315,1.0010452852314609,1.002846868265716,0.9904138927692652,0.009521243096613443,0.01225157250122232,-122.390625,-5.25350626208615,27.443349915916315,51.22225694704954,2209.61083984375,1521343.0,2263.9085614208143,2207.254436331737,2254.384521484375,1035705.0,2296.1633418095184,2246.5295231516766,2287.178955078125,1409168.0,2293.659424337889,2258.311933209394,2279.42236328125,1334967.0,2303.0856420040236,2271.4201794945166,2329.694091796875,1132113.0,2365.2870502684787,2317.518941198998,2201.01953125
2025-02-21 00:00:00+05:30,2207.3036737471143,2212.703985102254,2186.045940674385,2201.01953125,1781509.0,0.0,0.0,2231.899462890625,2259.7405517578127,2316.171337890625,2319.6938134765624,2280.4353153571706,2264.5489273811613,2296.4476259217936,-31.898698540632267,-17.260456061733265,-14.638242478899002,11.01582870848037,2316.171337890625,2458.9478463103596,2173.3948294708907,285.5530168394689,0.09674106085399624,6.729920738470049,4.916764248989284,-93.27007926152996,1572335.75,1.1330334503937851,1.0821702146558798,0.012111680087059337,-0.0028468833766631674,26.6580444278693,1.002855105285479,1.0053086552328858,0.9931969751458265,0.009541915208638792,0.01169537082009205,-119.985107421875,-5.1695332884182825,26.6580444278693,45.867543318514855,2207.303466796875,2206196.0,2213.5873689893037,2186.1440190733874,2209.61083984375,1521343.0,2263.9085614208143,2207.254436331737,2254.384521484375,1035705.0,2296.1633418095184,2246.5295231516766,2276.329345703125,1135380.0,2323.1155800749834,2271.4688740822953,2321.004638671875,855602.0,2338.7764271667124,2293.757615357239,2200.822998046875
2025-02-24 00:00:00+05:30,2189.5805806766357,2210.1999493735907,2178.5836319813607,2200.822998046875,1627949.0,0.0,0.0,2214.628271484375,2247.9580322265624,2308.934912109375,2317.24501953125,2280.4353153571706,2254.744089848157,2289.2678527886433,-34.52376294048645,-20.713305428484723,-13.810457512001726,11.176797544156656,2308.934912109375,2459.8786810451447,2157.9911431736055,301.8875378715393,0.14188016893726688,9.671176281015388,7.914510126343515,-90.32882371898461,1559125.4,1.0441424403707362,0.22738650465863564,0.014365679302828078,-8.929189420381345e-05,31.61631739223003,0.9948917212423641,1.0042606567338843,0.9898949774310561,0.00959196597587614,0.011144299946664254,-117.8251953125,-5.081633153746745,31.61631739223003,44.819044887728914,2201.01953125,1781509.0,2212.703985102254,2186.045940674385,2207.303466796875,2206196.0,2213.5873689893037,2186.1440190733874,2209.61083984375,1521343.0,2263.9085614208143,2207.254436331737,2287.178955078125,1409168.0,2293.659424337889,2258.311933209394,2318.648193359375,1326354.0,2354.535765162653,2309.418666146116,2218.349609375
2025-02-25 00:00:00+05:30,2202.345003448744,2228.4629669638985,2197.3864881550335,2218.349609375,1988040.0,0.0,0.0,2207.4212890625,2242.4644287109377,2302.815380859375,2315.203701171875,2280.4353153571706,2249.1445290230477,2283.948472588937,-34.80394356588931,-23.53155580808209,-11.272387757807223,20.597998164410654,2302.815380859375,2458.188782938777,2147.4419787799734,310.74680415880357,0.22818458515438209,21.299008747920215,12.566701922468544,-78.70099125207979,1623548.6,1.2245029190995576,0.4310064350805465,0.014008828309808432,0.007963662386152315,31.076478808864977,0.9927853545452806,1.0045589556966847,0.9905501273868763,0.008925751897314711,0.010416206044865541,-54.93603515625,-2.416591829909598,31.076478808864977,42.409955264979125,2200.822998046875,1627949.0,2210.1999493735907,2178.5836319813607,2201.01953125,1781509.0,2212.703985102254,2186.045940674385,2207.303466796875,2206196.0,2213.5873689893037,2186.1440190733874,2254.384521484375,1035705.0,2296.1633418095184,2246.5295231516766,2273.28564453125,1389260.0,2334.849146922713,2254.9246336026426,2204.259521484375
2025-02-27 00:00:00+05:30,2228.5117782094676,2228.5117782094676,2192.6244503210396,2204.259521484375,1699658.0,0.0,0.0,2206.351025390625,2233.868115234375,2294.773815917969,2312.9601171875,2280.4353153571706,2242.238715413017,2277.976798434706,-35.73808302168891,-25.972946320846816,-9.765136700842092,20.972422162610485,2294.773815917969,2453.1942681954997,2136.353363640438,316.84090455506157,0.2143225728360333,14.592542323177828,15.187575784037804,-85.40745767682218,1637533.5,1.0379378498210876,0.2665970643314859,0.016280899566790134,-0.00635160834481574,35.88732788842799,1.0110024507045163,1.0110024507045163,0.9947215511377262,0.008275513254226319,0.009647308292803988,-85.963134765625,-3.7534837292362067,35.88732788842799,41.561328037761086,2218.349609375,1988040.0,2228.4629669638985,2197.3864881550335,2200.822998046875,1627949.0,2210.1999493735907,2178.5836319813607,2201.01953125,1781509.0,2212.703985102254,2186.045940674385,2209.61083984375,1521343.0,2263.9085614208143,2207.254436331737,2290.22265625,1341909.0,2297.4884328852386,2263.3193863135825,2150.55126953125
2025-02-28 00:00:00+05:30,2204.3580562349134,2208.8256344948168,2146.2311163198974,2150.55126953125,3683249.0,0.0,0.0,2195.0005859375,2220.981005859375,2281.0987548828125,2309.6295947265626,2280.4353153571706,2228.132215022186,2268.436110125078,-40.30389510289206,-28.83921597719246,-11.464679125699597,17.356082900139626,2281.0987548828125,2439.749619455632,2122.447890309993,317.301729145639,0.08856988991811567,2.0739590956579037,12.65517005558531,-97.92604090434209,1715888.55,2.146554914653402,1.7590562163708916,0.029106266407944285,-0.02436566630636905,62.59451817491936,1.025019997182114,1.0270974079014952,0.997991141493551,0.01054276356344599,0.009444154417521163,-128.87109375,-5.653673308903084,62.59451817491936,42.81673563529294,2204.259521484375,1699658.0,2228.5117782094676,2192.6244503210396,2218.349609375,1988040.0,2228.4629669638985,2197.3864881550335,2200.822998046875,1627949.0,2210.1999493735907,2178.5836319813607,2207.303466796875,2206196.0,2213.5873689893037,2186.1440190733874,2279.42236328125,1334967.0,2303.0856420040236,2271.4201794945166,2137.39404296875
2025-03-03 00:00:00+05:30,2159.1424717525438,2159.1424717525438,2119.376546283704,2137.39404296875,1306470.0,0.0,0.0,2182.27548828125,2207.0874755859377,2264.9370971679687,2306.54552734375,2280.4353153571706,2214.17187700915,2258.6324710250974,-44.46059401594721,-31.963561260171474,-12.497032755775734,16.666591835836726,2264.9370971679687,2412.0171390650753,2117.857055270862,294.1600837942133,0.06641617532158288,8.361850477328877,8.342783965388197,-91.63814952267113,1632662.1,0.8002084448459972,0.1506896369497437,0.018604863992980197,-0.00611807156095745,39.76592546883967,1.0101752079151423,1.0101752079151423,0.9915703439221621,0.01042910298182253,0.0094484769271007,-138.935302734375,-6.103479841202852,39.76592546883967,42.434508953314534,2150.55126953125,3683249.0,2208.8256344948168,2146.2311163198974,2204.259521484375,1699658.0,2228.5117782094676,2192.6244503210396,2218.349609375,1988040.0,2228.4629669638985,2197.3864881550335,2201.01953125,1781509.0,2212.703985102254,2186.045940674385,2276.329345703125,1135380.0,2323.1155800749834,2271.4688740822953,2123.845957246094
2025-03-04 00:00:00+05:30,2140.437783808497,2140.4869254884225,2103.2674507916804,2123.845957246094,1800330.0,0.0,0.0,2165.760400390625,2190.1943359375,2250.9650268554688,2302.980341796875,2280.4353153571706,2199.413735648377,2248.1376204614076,-48.72388481303051,-35.31568577464302,-13.408199038387487,18.445165278332652,2250.9650268554688,2398.0381889716286,2103.891864739309,294.1463242323198,0.04880460053990975,9.282653061949226,6.572820878311997,-90.71734693805078,1596254.6,1.127846397435597,0.2775836521976087,0.020395391572189295,-0.00895786363678941,43.20248840435352,1.0104757468619383,1.0104989460766505,0.9901035545044613,0.009698940958983188,0.009527142884750189,-168.931396484375,-7.386015690171677,43.20248840435352,39.811507173620484,2137.39404296875,1306470.0,2159.1424717525438,2119.376546283704,2150.55126953125,3683249.0,2208.8256344948168,2146.2311163198974,2204.259521484375,1699658.0,2228.5117782094676,2192.6244503210396,2200.822998046875,1627949.0,2210.1999493735907,2178.5836319813607,2287.178955078125,1409168.0,2293.659424337889,2258.311933209394,2131.110107421875
2025-03-05 00:00:00+05:30,2112.99456534149,2152.171273896323,2111.030815745448,2131.110107421875,1145673.0,0.0,0.0,2148.3125,2177.86689453125,2237.8275512695313,2299.738193359375,2280.4353153571706,2188.9051514161533,2239.3948915148903,-49.737090195442036,-38.35053995434807,-12.13920014438893,17.069727442592765,2237.8275512695313,2377.9323377937153,2097.7227647453474,280.20957304836793,0.11915132774840823,14.978301880696284,10.87426847332479,-85.02169811930372,1553914.55,0.7372818537544422,0.10617695193129317,0.019304707911429773,0.006072259484469322,41.14045815087502,0.9914994809431502,1.009882720935488,0.990578013024058,0.010255229658642976,0.00962015295240182,-123.2744140625,-5.468207082141041,41.14045815087502,40.309465143564694,2123.845957246094,1800330.0,2140.4869254884225,2103.2674507916804,2137.39404296875,1306470.0,2159.1424717525438,2119.376546283704,2150.55126953125,3683249.0,2208.8256344948168,2146.2311163198974,2218.349609375,1988040.0,2228.4629669638985,2197.3864881550335,2254.384521484375,1035705.0,2296.1633418095184,2246.5295231516766,2178.73095703125
2025-03-06 00:00:00+05:30,2135.5776091481193,2189.3843940941274,2124.5315180663188,2178.73095703125,1856868.0,0.0,0.0,2143.206787109375,2174.77890625,2229.378515625,2297.503447265625,2280.4353153571706,2187.3398486779647,2234.8657593773123,-47.525910699347605,-40.18563505642999,-7.340275642917618,31.916746319177108,2229.378515625,2361.7492725206066,2097.0077587293936,264.74151379121304,0.30869053036505256,36.065229475660836,20.108728139435442,-63.934770524339164,1578887.15,1.176061253016088,0.2205452682268232,0.02976635358235213,0.02234556039292812,64.85287602780863,0.9801933562545365,1.0048897442010893,0.9751233906187372,0.012213777605383041,0.009899620420094712,-30.8798828125,-1.3975258563939552,64.85287602780863,42.67999468058623,2131.110107421875,1145673.0,2152.171273896323,2111.030815745448,2123.845957246094,1800330.0,2140.4869254884225,2103.2674507916804,2137.39404296875,1306470.0,2159.1424717525438,2119.376546283704,2204.259521484375,1699658.0,2228.5117782094676,2192.6244503210396,2209.61083984375,1521343.0,2263.9085614208143,2207.254436331737,2164.592041015625
2025-03-07 00:00:00+05:30,2186.340470972133,2186.340470972133,2149.5201676266793,2164.592041015625,1738356.0,0.0,0.0,2146.01494140625,2170.507763671875,2221.1234130859375,2294.81900390625,2280.4353153571706,2183.8401063826177,2229.6222357700676,-45.78212938744991,-41.23898802044039,-4.477185240615519,30.69877717368385,2221.1234130859375,2347.6151188230137,2094.6317073488613,252.9834114741525,0.2765411900294168,33.84351096687383,28.29568077441031,-66.15648903312616,1609199.3,1.0802614691666843,-0.21205731494391256,0.01701027382886326,-0.006489519034002633,36.820303345453794,1.0100473574439939,1.0100473574439939,0.9930370836151305,0.012320086560613822,0.01017950476649475,-42.71142578125,-1.9350046979824898,36.820303345453794,41.6209659200695,2178.73095703125,1856868.0,2189.3843940941274,2124.5315180663188,2131.110107421875,1145673.0,2152.171273896323,2111.030815745448,2123.845957246094,1800330.0,2140.4869254884225,2103.2674507916804,2150.55126953125,3683249.0,2208.8256344948168,2146.2311163198974,2207.303466796875,2206196.0,2213.5873689893037,2186.1440190733874,2207.009033203125
2025-03-10 00:00:00+05:30,2167.979510760761,2226.0573080183467,2154.871386582588,2207.009033203125,1242387.0,0.0,0.0,2159.937939453125,2171.1067138671874,2215.4236328125,2292.9387158203126,2280.4353153571706,2187.4046252442863,2227.935848948125,-40.531223703838805,-41.150198927433316,0.6189752235945107,37.513403918431166,2215.4236328125,2332.9184719268646,2097.928793698135,234.98967822872964,0.4641916203605148,55.17156094082973,41.6934337944548,-44.82843905917027,1628538.55,0.7628846120959187,-0.30262098030377615,0.032254476698921154,0.01959583671369214,71.1859214357587,0.9823156489823158,1.0086308096290735,0.9763763329301524,0.014048083681629103,0.010630121613793782,5.989501953125,0.2721239801867448,71.1859214357587,44.18085379915975,2164.592041015625,1738356.0,2186.340470972133,2149.5201676266793,2178.73095703125,1856868.0,2189.3843940941274,2124.5315180663188,2131.110107421875,1145673.0,2152.171273896323,2111.030815745448,2137.39404296875,1306470.0,2159.1424717525438,2119.376546283704,2201.01953125,1781509.0,2212.703985102254,2186.045940674385,2176.76708984375
2025-03-11 00:00:00+05:30,2199.399349846657,2221.44238913751,2171.170451941259,2176.76708984375,1325891.0,0.0,0.0,2171.641845703125,2168.701123046875,2208.3295776367186,2290.7805517578126,2280.4353153571706,2185.768054693047,2224.121834114331,-38.35377942128389,-40.59091175660697,2.237132335323082,37.81406698102432,2208.3295776367186,2316.3319487855265,2100.3272064879106,216.00474229761585,0.3538805793926454,47.70176772185015,45.572279876517904,-52.29823227814985,1628515.4,0.8141716068512462,-0.1855451245708557,0.02309477087870678,-0.013702682184079551,50.27193719625075,1.0103971895332777,1.0205236929123946,0.9974289220336878,0.014739128004183805,0.011144837816624549,-24.055908203125,-1.0930414769599106,50.27193719625075,44.22643369476038,2207.009033203125,1242387.0,2226.0573080183467,2154.871386582588,2164.592041015625,1738356.0,2186.340470972133,2149.5201676266793,2178.73095703125,1856868.0,2189.3843940941274,2124.5315180663188,2123.845957246094,1800330.0,2140.4869254884225,2103.2674507916804,2200.822998046875,1627949.0,2210.1999493735907,2178.5836319813607,2153.153076171875
2025-03-12 00:00:00+05:30,2177.160105947309,2189.5315841563634,2145.39636141498,2153.153076171875,1526212.0,0.0,0.0,2176.050439453125,2162.1814697265627,2202.32294921875,2288.2433837890626,2280.4353153571706,2180.750296567992,2218.8344205401568,-38.08412397216489,-40.089551854955936,2.0054278827910466,40.505292788816455,2202.32294921875,2308.460890065204,2096.1850083722966,212.2758816929072,0.2683680658643657,42.573932085097205,48.48242024925903,-57.426067914902795,1635363.0,0.9332557970309956,-0.23230317297438685,0.020497949370070725,-0.01084820410141818,44.13522274138313,1.011149708788061,1.0168954582872325,0.9963975089171618,0.014668173604503234,0.0117190799873434,-65.196533203125,-2.938965658415471,44.13522274138313,43.3322263842108,2176.76708984375,1325891.0,2221.44238913751,2171.170451941259,2207.009033203125,1242387.0,2226.0573080183467,2154.871386582588,2164.592041015625,1738356.0,2186.340470972133,2149.5201676266793,2131.110107421875,1145673.0,2152.171273896323,2111.030815745448,2218.349609375,1988040.0,2228.4629669638985,2197.3864881550335,2135.38134765625
2025-03-13 00:00:00+05:30,2145.3964226012604,2169.894150742321,2125.2188476629813,2135.38134765625,1845629.0,0.0,0.0,2167.380517578125,2155.29365234375,2194.5808837890627,2284.4101513671876,2280.4353153571706,2173.77037691498,2212.6195512771346,-38.84917436215483,-39.841475428231604,0.9923010660767773,38.50261995065298,2194.5808837890627,2296.215963513242,2092.9458040648833,203.27015944835875,0.2087642559366789,29.031229502528966,39.7689764364921,-70.96877049747104,1660549.0,1.1114571144844265,0.08588257167030067,0.020921463572946553,-0.008253815630805739,44.675303079339756,1.004690063887653,1.0161623604720307,0.9952408968990841,0.014730370175761108,0.01236456567949688,-68.878173828125,-3.124776060023171,44.675303079339756,44.56308018159819,2153.153076171875,1526212.0,2189.5315841563634,2145.39636141498,2176.76708984375,1325891.0,2221.44238913751,2171.170451941259,2207.009033203125,1242387.0,2226.0573080183467,2154.871386582588,2178.73095703125,1856868.0,2189.3843940941274,2124.5315180663188,2204.259521484375,1699658.0,2228.5117782094676,2192.6244503210396,2131.8955078125
2025-03-17 00:00:00+05:30,2121.8312918285837,2155.656828338742,2117.412855542962,2131.8955078125,1111886.0,0.0,0.0,2160.8412109375,2153.428076171875,2187.204541015625,2279.795341796875,2280.4353153571706,2167.3280258205846,2206.610304504097,-39.28227868351223,-39.729635744534185,0.44735706102195394,38.85017366717336,2187.204541015625,2284.222386210524,2090.1866958207265,194.0356903897973,0.21495433086554774,26.374892938932064,32.660018175519404,-73.62510706106794,1649394.95,0.6741174998747268,-0.6981235859970368,0.017938952756188946,-0.0016324202923173603,38.24397279577988,0.9952792170408751,1.0111456309369604,0.9932066781807715,0.012692238286928661,0.012579513151845148,-18.65576171875,-0.8674874197636018,38.24397279577988,45.3906464935918,2135.38134765625,1845629.0,2169.894150742321,2125.2188476629813,2153.153076171875,1526212.0,2189.5315841563634,2145.39636141498,2176.76708984375,1325891.0,2221.44238913751,2171.170451941259,2164.592041015625,1738356.0,2186.340470972133,2149.5201676266793,2150.55126953125,3683249.0,2208.8256344948168,2146.2311163198974,2131.8955078125
2025-03-18 00:00:00+05:30,2131.8955078125,2135.63490517311,2131.8955078125,2131.8955078125,0.0,0.0,0.0,2145.818505859375,2153.115891339844,2179.9828491210938,2275.7706396484373,2280.4353153571706,2161.8768237108507,2201.0504419096906,-39.173618198839904,-39.618431969115186,0.4448137702752817,38.874821198472645,2179.9828491210938,2270.3411971484775,2089.865390290342,180.71669605476745,0.23390758929091673,26.374892938932064,27.260338460131027,-73.62510706106794,1592625.95,0.0,-1.0,0.0,0.0,0.0,1.0,1.0,1.0,0.012554050659575246,0.012792007919620419,-5.49853515625,-0.2572541630467384,0.0,43.13233810843251,2131.8955078125,1111886.0,2155.656828338742,2117.412855542962,2135.38134765625,1845629.0,2169.894150742321,2125.2188476629813,2153.153076171875,1526212.0,2189.5315841563634,2145.39636141498,2207.009033203125,1242387.0,2226.0573080183467,2154.871386582588,2137.39404296875,1306470.0,2159.1424717525438,2119.376546283704,2160.173583984375
2025-03-19 00:00:00+05:30,2166.9975655294597,2172.7416286827006,2153.6931147712576,2160.173583984375,1341405.0,0.0,0.0,2142.806985721875,2157.0708251953124,2173.6325805664064,2272.02478515625,2280.4353153571706,2161.727851547581,2198.1283886223237,-36.39486198413124,-38.973716737089376,2.5788547529581365,40.92511023281995,2173.6325805664064,2248.8541916341146,2098.4109694986983,150.44322213541636,0.4105377005956654,47.92381401693588,33.5578666316,-52.07618598306412,1589237.8,0.8440555592120952,-0.25491159954008435,0.008818047796098226,0.013264288079902542,19.048513911443024,1.0031589968489931,1.005818071654753,0.9970000238586547,0.012793523366698761,0.013101466160391975,41.926025390625,1.9792788251085547,40.84612087020059,43.8301696842422,2131.8955078125,0.0,2135.63490517311,2131.8955078125,2131.8955078125,1111886.0,2155.656828338742,2117.412855542962,2135.38134765625,1845629.0,2169.894150742321,2125.2188476629813,2176.76708984375,1325891.0,2221.44238913751,2171.170451941259,2123.845957246094,1800330.0,2140.4869254884225,2103.2674507916804,2201.755859375
2025-03-20 00:00:00+05:30,2163.9536812276774,2208.1380452959766,2148.783764173998,2201.755859375,1426689.0,0.0,0.0,2152.220361328125,2164.135400390625,2171.0011474609373,2268.9102783203125,2280.4353153571706,2167.790371786778,2198.2882367631846,-30.497864976406618,-37.278543787107836,6.780678810701218,49.640304424167894,2171.0011474609373,2237.5054966821613,2104.4967982397134,133.0086984424479,0.7312233130179081,81.12844074451868,51.80904923346221,-18.871559255481316,1608787.0,0.8868103732812361,0.24528464928474358,0.02695770326634996,0.019249506474348976,59.3542811219786,0.9828308947214278,1.0028986801119668,0.9759409768456168,0.013887406410430245,0.013464683835570701,70.645751953125,3.314974280638605,59.3542811219786,45.506380629495816,2160.173583984375,1341405.0,2172.7416286827006,2153.6931147712576,2131.8955078125,0.0,2135.63490517311,2131.8955078125,2131.8955078125,1111886.0,2155.656828338742,2117.412855542962,2153.153076171875,1526212.0,2189.5315841563634,2145.39636141498,2131.110107421875,1145673.0,2152.171273896323,2111.030815745448,2205.487060546875
2025-03-21 00:00:00+05:30,2204.308858765917,2214.32393347734,2185.45691112403,2205.487060546875,2152415.0,0.0,0.0,2166.24150390625,2166.8110107421876,2170.88330634375,2265.1948681640624,2280.4353153571706,2173.589891687238,2198.8234264202315,-25.233534732993576,-34.86953902285374,9.636004289860168,59.21592719557996,2170.88330634375,2237.1132211884833,2104.7707926043954,132.04833178339686,0.7627227590249889,84.02594636414513,71.02606704186655,-15.974053635854876,1640340.6,1.3121756542513183,0.15916424861648748,0.01308872895683734,0.0016946480037682843,28.86702235330995,0.9994657861285907,1.0040067670713395,0.9909180381145023,0.012179770509847187,0.013461283126017118,26.756103515625,1.2280590877582709,28.86702235330995,43.09727378509514,2201.755859375,1426689.0,2208.1380452959766,2148.783764173998,2160.173583984375,1341405.0,2172.7416286827006,2153.6931147712576,2131.8955078125,0.0,2135.63490517311,2131.8955078125,2135.38134765625,1845629.0,2169.894150742321,2125.2188476629813,2178.73095703125,1856868.0,2189.3843940941274,2124.5315180663188,2215.3056640625
2025-03-24 00:00:00+05:30,2209.4635575040347,2224.9280841258274,2200.3812164721885,2215.3056640625,1454404.0,0.0,0.0,2182.92353515625,2171.882373046875,2171.195068359375,2261.545234375,2280.4353153571706,2180.00773027803,2200.048451868745,-20.04072159071484,-31.903772627610746,11.863051036895907,63.218377473842914,2171.195068359375,2238.23988410411,2104.15025261464,134.08963148946987,0.8289635090584094,91.65069173511395,85.60169294792593,-8.349308264886053,1602751.0,0.9074422664531172,-0.16334513758976876,0.011080578202749686,0.004451898037066915,24.546867653638856,0.9973628440294998,1.0043436082972321,0.9932630300944825,0.011891525663387505,0.013418427036294487,50.713623046875,2.342872101806326,24.546867653638856,42.010198226866514,2205.487060546875,2152415.0,2214.32393347734,2185.45691112403,2201.755859375,1426689.0,2208.1380452959766,2148.783764173998,2160.173583984375,1341405.0,2172.7416286827006,2153.6931147712576,2131.8955078125,1111886.0,2155.656828338742,2117.412855542962,2164.592041015625,1738356.0,2186.340470972133,2149.5201676266793,2230.13232421875
2025-03-25 00:00:00+05:30,2209.9547487462705,2250.4570850278583,2202.6889709722714,2230.13232421875,2229340.0,0.0,0.0,2202.5708984375,2174.1947021484375,2172.6507080078127,2258.016376953125,2280.4353153571706,2187.719234184001,2202.283846268824,-14.564612084823239,-28.435937798059243,13.871325713236004,69.26459263045679,2172.6507080078127,2243.5739557255697,2101.7274602900557,141.84649543551404,0.9052381839568923,85.42257430130321,87.03307080018743,-14.577425698696787,1625142.55,1.3717812015936695,0.7944006175209495,0.02141940795926575,0.006692828171197096,47.76811405558692,0.9909522967523696,1.0091137017245058,0.98769429376524,0.01042588289460443,0.013056206957592017,23.123291015625,1.0477207237373776,47.76811405558692,42.336314344811754,2215.3056640625,1454404.0,2224.9280841258274,2200.3812164721885,2205.487060546875,2152415.0,2214.32393347734,2185.45691112403,2201.755859375,1426689.0,2208.1380452959766,2148.783764173998,2131.8955078125,0.0,2135.63490517311,2131.8955078125,2207.009033203125,1242387.0,2226.0573080183467,2154.871386582588,2205.241455078125
2025-03-26 00:00:00+05:30,2230.8193391946506,2238.576053510754,2197.239272084734,2205.241455078125,1416907.0,0.0,0.0,2211.58447265625,2177.042138671875,2172.871630859375,2255.6206005859376,2280.4353153571706,2190.4149687324834,2202.5035617696253,-12.08859303714189,-25.166466793595564,13.077873756453673,62.256438987845364,2172.871630859375,2244.1907968046885,2101.552464914061,142.63833189062734,0.726936362685248,66.01458768652094,81.02928457431271,-33.98541231347907,1614590.45,0.8775643383744776,0.06864516012251376,0.018744787030386924,-0.011161162443284467,41.336781426020025,1.0115986773501042,1.0151160764531555,0.9963712894227685,0.010049349085679943,0.012587229065741631,28.474365234375,1.308103442358588,41.336781426020025,42.35033743589354,2230.13232421875,2229340.0,2250.4570850278583,2202.6889709722714,2215.3056640625,1454404.0,2224.9280841258274,2200.3812164721885,2205.487060546875,2152415.0,2214.32393347734,2185.45691112403,2160.173583984375,1341405.0,2172.7416286827006,2153.6931147712576,2176.76708984375,1325891.0,2221.44238913751,2171.170451941259,2203.965087890625
2025-03-27 00:00:00+05:30,2203.5232921909783,2219.920552767721,2160.124475668381,2203.965087890625,3752627.0,0.0,0.0,2212.026318359375,2182.12333984375,2172.1524047851562,2253.1001220703124,2280.4353153571706,2192.499607852053,2202.6121127010556,-10.112504849002562,-22.155672892752193,12.043168043749631,54.92712682230614,2172.1524047851562,2241.8113062305674,2102.493503339745,139.31780289082235,0.7283461441779917,65.05523214555409,72.16413137779274,-34.944767854445914,1702819.8,2.2037722370858033,1.4587848870274902,0.02713113625432684,-0.0005787879529295381,59.79607709933998,0.9997995450553758,1.0072394363072088,0.9801083000528819,0.009149194598099908,0.012035331165101299,50.81201171875,2.35988849474138,59.79607709933998,41.9891375124315,2205.241455078125,1416907.0,2238.576053510754,2197.239272084734,2230.13232421875,2229340.0,2250.4570850278583,2202.6889709722714,2215.3056640625,1454404.0,2224.9280841258274,2200.3812164721885,2201.755859375,1426689.0,2208.1380452959766,2148.783764173998,2153.153076171875,1526212.0,2189.5315841563634,2145.39636141498,2217.90771484375
2025-03-28 00:00:00+05:30,2206.2724040098356,2254.3842632873084,2199.6938916027498,2217.90771484375,2280152.0,0.0,0.0,2214.51044921875,2190.3759765625,2172.834814453125,2251.408349609375,2280.4353153571706,2196.4085559617442,2203.747927345539,-7.339371383794969,-19.19241140051634,11.853040016721373,60.41821514341081,2172.834814453125,2244.06770146465,2101.6019274416003,142.46577402304956,0.8163770435370151,73.3692242459529,68.1463480260093,-26.6307757540471,1731844.5,1.3166031938779723,0.2354335567982515,0.02465854251668515,0.006326155994816229,54.69037168455861,0.9947539247210139,1.0164463779080763,0.9917878353913913,0.008398540414993444,0.011402148189024533,82.5263671875,3.8647133111881393,54.69037168455861,43.2655709652247,2203.965087890625,3752627.0,2219.920552767721,2160.124475668381,2205.241455078125,1416907.0,2238.576053510754,2197.239272084734,2230.13232421875,2229340.0,2250.4570850278583,2202.6889709722714,2205.487060546875,2152415.0,2214.32393347734,2185.45691112403,2135.38134765625,1845629.0,2169.894150742321,2125.2188476629813,2193.361083984375
2025-04-01 00:00:00+05:30,2218.0551389367038,2243.240131281449,2179.7620223282347,2193.361083984375,2495962.0,0.0,0.0,2210.121533203125,2196.5225341796877,2174.975305175781,2249.04890625,2280.4353153571706,2195.9397132490617,2202.9767668523727,-7.037053603311051,-16.761339059758757,9.724285456447706,47.13286612861533,2174.975305175781,2245.961185562611,2103.9894247889515,141.9717607736593,0.6295030695428625,55.44823528657047,64.62423055935915,-44.55176471342953,1672480.15,1.4923716732901136,1.2448002762873172,0.02894102089105296,-0.011067471696451614,63.47810895321436,1.0112585452220528,1.0227409192500423,0.9937998983589894,0.009533724119751162,0.011086296772306783,61.465576171875,2.8831420652011053,63.47810895321436,42.71501293075725,2217.90771484375,2280152.0,2254.3842632873084,2199.6938916027498,2203.965087890625,3752627.0,2219.920552767721,2160.124475668381,2205.241455078125,1416907.0,2238.576053510754,2197.239272084734,2215.3056640625,1454404.0,2224.9280841258274,2200.3812164721885,2131.8955078125,1111886.0,2155.656828338742,2117.412855542962,2197.33740234375
2025-04-02 00:00:00+05:30,2203.0323238244255,2203.0323238244255,2150.3548394880845,2197.33740234375,1351493.0,0.0,0.0,2203.562548828125,2203.0667236328127,2177.9724731445312,2246.9418017578123,2280.4353153571706,2196.154742678185,2202.5581491612666,-6.403406483081653,-14.68975201179741,8.286345528715756,54.85741826282267,2177.9724731445312,2247.320230019287,2108.6247162697755,138.69551374951152,0.6396218859262631,58.35126331618429,62.389574282902544,-41.64873668381571,1674731.3,0.8069909483389962,1.2448002762873172,0.02397332529822388,0.0018128881689429832,52.67748433634097,1.0025917373793396,1.0025917373793396,0.9786184120811158,0.009489858102984436,0.0107798775166477,65.44189453125,3.0696576962347732,52.67748433634097,42.88683772647797,2193.361083984375,2495962.0,2243.240131281449,2179.7620223282347,2217.90771484375,2280152.0,2254.3842632873084,2199.6938916027498,2203.965087890625,3752627.0,2219.920552767721,2160.124475668381,2230.13232421875,2229340.0,2250.4570850278583,2202.6889709722714,2131.8955078125,0.0,2135.63490517311,2131.8955078125,2203.866943359375
2025-04-03 00:00:00+05:30,2185.1130403837997,2212.0654534146915,2180.3510918370066,2203.866943359375,1310088.0,0.0,0.0,2203.287646484375,2207.4360595703124,2182.2534423828124,2245.0575830078124,2280.4353153571706,2197.3412366670577,2202.6552874547974,-5.3140507877396885,-12.81461138129181,7.500560593552121,63.02648642818262,2182.2534423828124,2246.4573991212505,2118.0494856443743,128.40791347687627,0.6683190731111347,63.118346551403874,58.97261505138621,-36.881653448596126,1650219.2,0.7938872605530223,-0.023346416630324218,0.014390325002716562,0.002971569595393131,31.71436157768494,0.9914904558861487,1.003720056730294,0.9893297317275774,0.008793795327233947,0.010379904712701222,43.693359375,2.0226781634098634,31.71436157768494,41.99963335764239,2197.33740234375,1351493.0,2203.0323238244255,2150.3548394880845,2193.361083984375,2495962.0,2243.240131281449,2179.7620223282347,2217.90771484375,2280152.0,2254.3842632873084,2199.6938916027498,2205.241455078125,1416907.0,2238.576053510754,2197.239272084734,2160.173583984375,1341405.0,2172.7416286827006,2153.6931147712576,2203.866943359375
2025-04-04 00:00:00+05:30,2189.580618287982,2225.959124485599,2181.7256205542135,2203.866943359375,1120226.0,0.0,0.0,2203.268017578125,2207.64716796875,2185.8912841796873,2243.12525390625,2280.4353153571706,2198.3451926714506,2202.745203082023,-4.400010410572577,-11.131690910222634,6.731680499650057,69.35879015239033,2185.8912841796873,2246.0087624051434,2125.773805954231,120.23495645091225,0.6495044345695465,63.118346551403874,61.52931880633067,-36.881653448596126,1648946.85,0.6793584644647582,-0.21480715138337791,0.020070859570115503,0.0,44.23350393138571,0.99351760998347,1.010024280818219,0.9899534212481035,0.006384766093473465,0.009629640681005542,2.111083984375,0.09588183791522376,44.23350393138571,41.96807627564567,2203.866943359375,1310088.0,2212.0654534146915,2180.3510918370066,2197.33740234375,1351493.0,2203.0323238244255,2150.3548394880845,2193.361083984375,2495962.0,2243.240131281449,2179.7620223282347,2203.965087890625,3752627.0,2219.920552767721,2160.124475668381,2201.755859375,1426689.0,2208.1380452959766,2148.783764173998,2208.62890625
2025-04-07 00:00:00+05:30,2111.885442856456,2220.6079696442002,2111.0306546602815,2208.62890625,3435185.0,0.0,0.0,2201.412255859375,2207.9613525390623,2187.386181640625,2241.7054638671875,2280.4353153571706,2199.927303957749,2203.1817672511443,-3.2544632933954745,-9.556245179464952,6.301781886069477,71.53483120200399,2187.386181640625,2248.23640838078,2126.53595490047,121.70045348030999,0.6745492642129858,68.0821728343419,64.77295531238322,-31.917827165658096,1727862.7,1.9881122498911517,0.5959677850228697,0.049613275763002014,0.0021607306670548,109.57731498391877,0.9575904809743577,1.0054237555980101,0.9575904809743577,0.0063992693891981945,0.009051590568940643,3.141845703125,0.14245586652166242,109.57731498391877,47.06331500336988,2203.866943359375,1120226.0,2225.959124485599,2181.7256205542135,2203.866943359375,1310088.0,2212.0654534146915,2180.3510918370066,2197.33740234375,1351493.0,2203.0323238244255,2150.3548394880845,2217.90771484375,2280152.0,2254.3842632873084,2199.6938916027498,2205.487060546875,2152415.0,2214.32393347734,2185.45691112403,2247.7568359375
2025-04-08 00:00:00+05:30,2227.186607277835,2264.399565484465,2211.525752509045,2247.7568359375,2774874.0,0.0,0.0,2212.29140625,2211.2064697265623,2191.5444213867186,2240.1570458984374,2280.4353153571706,2207.285699415895,2206.4887745758915,0.7969248400036122,-7.485610957508004,8.282535797511617,76.66064430302376,2191.5444213867186,2257.0260971614043,2126.062745612033,130.9633515493715,0.9292224800736721,89.14856377506428,73.44969438693668,-10.851436224935727,1779688.6,1.559190748314059,0.9079114193855353,0.02352292389019338,0.017715936605183114,52.873812975419696,0.9908485525076445,1.007404150342634,0.9838812264524407,0.008437547991187502,0.008706192801720644,32.451171875,1.4648620459666084,55.7706592344648,51.04693352011736,2208.62890625,3435185.0,2220.6079696442002,2111.0306546602815,2203.866943359375,1120226.0,2225.959124485599,2181.7256205542135,2203.866943359375,1310088.0,2212.0654534146915,2180.3510918370066,2193.361083984375,2495962.0,2243.240131281449,2179.7620223282347,2215.3056640625,1454404.0,2224.9280841258274,2200.3812164721885,2307.405517578125
2025-04-09 00:00:00+05:30,2252.3713933540657,2311.480201648499,2248.0020989340924,2307.405517578125,2989089.0,0.0,0.0,2234.305029296875,2218.9337890625,2196.564245605469,2239.315576171875,2280.4353153571706,2222.6887588545296,2213.9748842283293,8.713874626200322,-4.245713567805524,12.959588194005846,79.60510942455156,2196.564245605469,2279.97565910448,2113.1528321064575,166.82282699802272,1.1644250907819103,97.91774976749761,85.06598790296495,-2.0822502325023886,1867023.7,1.6009914603655004,0.3407954820709269,0.02751059674202131,0.026536981530631776,63.47810271440676,0.9761489153922872,1.0017659158909575,0.9742553191489361,0.011555379534753218,0.008819142465735522,77.273193359375,3.4649600169552652,63.72336571099913,52.68102243731726,2247.7568359375,2774874.0,2264.399565484465,2211.525752509045,2208.62890625,3435185.0,2220.6079696442002,2111.0306546602815,2203.866943359375,1120226.0,2225.959124485599,2181.7256205542135,2197.33740234375,1351493.0,2203.0323238244255,2150.3548394880845,2230.13232421875,2229340.0,2250.4570850278583,2202.6889709722714,2323.2626953125
2025-04-11 00:00:00+05:30,2351.1972219367067,2351.442690608515,2301.8580189031986,2323.2626953125,3836083.0,0.0,0.0,2258.1841796875,2230.7359130859377,2203.889025878906,2238.8697998046873,2280.4353153571706,2238.1616810726778,2222.0811013298235,16.080579742854297,-0.18045463167565015,16.26103437452995,77.25168101276913,2203.889025878906,2304.0315298103365,2103.7465219474757,200.28500786286077,1.0960189966656493,88.27845902769907,91.79808330075069,-11.721540972300923,1992533.3,1.9252290538883339,1.707363997778259,0.02134268836897362,0.006872297744619615,49.584671705316396,1.0120238347047745,1.0121294915778882,0.9907868032089147,0.010363743286677617,0.00885058188583529,118.021240234375,5.3518511527434365,49.584671705316396,51.98319319326996,2307.405517578125,2989089.0,2311.480201648499,2248.0020989340924,2247.7568359375,2774874.0,2264.399565484465,2211.525752509045,2208.62890625,3435185.0,2220.6079696442002,2111.0306546602815,2203.866943359375,1310088.0,2212.0654534146915,2180.3510918370066,2205.241455078125,1416907.0,2238.576053510754,2197.239272084734,2318.697265625
2025-04-15 00:00:00+05:30,2356.4994442091893,2356.4994442091893,2302.692658956642,2318.697265625,3042779.0,0.0,0.0,2281.150244140625,2242.209130859375,2212.1662353515626,2238.4289404296874,2280.4353153571706,2250.551777045608,2229.246713278444,21.30506376716403,4.116649279791669,17.18841448737236,75.29624453252771,2212.1662353515626,2321.5877059500617,2102.7447647530635,218.84294119699825,0.9867921701780649,84.60000611334034,90.28189741350938,-15.399993886659663,2068361.65,1.4711058871160176,-0.18916028691367404,0.023205610344325753,-0.0019650940449874588,53.80678525254734,1.0163031971204743,1.0163031971204743,0.9930975867761486,0.010459576162510968,0.008981620042276397,114.732177734375,5.205716658796211,53.80678525254734,53.76460482892977,2323.2626953125,3836083.0,2351.442690608515,2301.8580189031986,2307.405517578125,2989089.0,2311.480201648499,2248.0020989340924,2247.7568359375,2774874.0,2264.399565484465,2211.525752509045,2203.866943359375,1120226.0,2225.959124485599,2181.7256205542135,2203.965087890625,3752627.0,2219.920552767721,2160.124475668381,2323.704833984375
2025-04-16 00:00:00+05:30,2308.3874922964587,2332.934360568433,2308.3874922964587,2323.704833984375,1131979.0,0.0,0.0,2304.1654296875,2252.7888427734374,2221.582409667969,2237.601220703125,2280.4353153571706,2261.806098141388,2236.2516299659333,25.55446817545453,8.404213243872233,17.150254931582296,74.75344287958646,2221.582409667969,2335.501753078035,2107.6630662579028,227.83868682013235,0.9482224934741956,86.6400081716783,86.50615777090592,-13.359991828321702,2032679.15,0.5568901516011516,-0.5035510790508704,0.010563677414176843,0.0021596473302543107,24.54686827197429,0.9934082240291887,1.0039719014433655,0.9934082240291887,0.010489858354355267,0.009190751836212579,105.797119140625,4.770131707129144,24.54686827197429,53.76460487309659,2318.697265625,3042779.0,2356.4994442091893,2302.692658956642,2323.2626953125,3836083.0,2351.442690608515,2301.8580189031986,2307.405517578125,2989089.0,2311.480201648499,2248.0020989340924,2208.62890625,3435185.0,2220.6079696442002,2111.0306546602815,2217.90771484375,2280152.0,2254.3842632873084,2199.6938916027498,2331.95263671875
2025-04-17 00:00:00+05:30,2314.377173785059,2336.7637273251385,2300.6309266633484,2331.95263671875,1962402.0,0.0,0.0,2321.00458984375,2266.647998046875,2231.5852661132812,2235.7592236328123,2280.4353153571706,2272.5978770748993,2243.3481153554176,29.24976171948174,12.573323082864826,16.676438636616915,73.97138075005978,2231.5852661132812,2347.462136997088,2115.7083952294747,231.75374176761306,0.9330776704615641,90.00002911345742,87.08001446615869,-9.999970886542588,2075204.95,0.9456425014791913,-0.21376928014128416,0.015494654605263286,0.0035494192781071465,36.13280066179004,0.9924631990131578,1.0020631167763159,0.9865684621710525,0.008951115081356393,0.0091324909323731,138.591552734375,6.318683856769036,36.13280066179004,52.93351105925395,2323.704833984375,1131979.0,2332.934360568433,2308.3874922964587,2318.697265625,3042779.0,2356.4994442091893,2302.692658956642,2323.2626953125,3836083.0,2351.442690608515,2301.8580189031986,2247.7568359375,2774874.0,2264.399565484465,2211.525752509045,2193.361083984375,2495962.0,2243.240131281449,2179.7620223282347,2308.387451171875
2025-04-21 00:00:00+05:30,2325.177604656988,2329.3994741521456,2306.2273747455256,2308.387451171875,1478430.0,0.0,0.0,2321.2009765625,2277.7530029296877,2240.40986328125,2232.7144287109377,2280.4353153571706,2278.1039670241203,2248.170576871994,29.93339015212632,16.04533659256895,13.88805355955737,74.43601542672192,2240.40986328125,2351.0857211002117,2129.7340054622887,221.351715637923,0.8071021505061178,80.39995507138461,85.67999745217344,-19.600044928615386,2149126.45,0.6879213645153359,0.093923534935068,0.010038219275042596,-0.010105344840979802,23.172099406619964,1.0072735421762016,1.0091024680322203,0.9990642487571777,0.01029062563276606,0.009212567685351263,111.050048828125,5.053846018807828,25.725261973224406,51.81840252691141,2331.95263671875,1962402.0,2336.7637273251385,2300.6309266633484,2323.704833984375,1131979.0,2332.934360568433,2308.3874922964587,2318.697265625,3042779.0,2356.4994442091893,2302.692658956642,2307.405517578125,2989089.0,2311.480201648499,2248.0020989340924,2197.33740234375,1351493.0,2203.0323238244255,2150.3548394880845,2355.22314453125
2025-04-22 00:00:00+05:30,2327.0433844016457,2362.390878848253,2312.4135450863487,2355.22314453125,2352346.0,0.0,0.0,2327.59306640625,2292.888623046875,2250.1623413085936,2231.8651123046875,2280.4353153571706,2289.9684588371474,2256.1076093743686,33.86084946277879,19.608439245304137,14.252410217474651,79.47206933787467,2250.1623413085936,2365.351388326582,2134.9732942906053,230.37809403597657,0.9560364285601295,97.14842141784415,89.18280186756205,-2.8515785821558484,2199673.5,1.0694068915227646,0.7955633514695195,0.021219787126306972,0.020289355383386054,49.97733376190445,0.9880352058381233,1.003043335547057,0.9818235484207499,0.011319068388028132,0.009465094991430681,151.356201171875,6.867755861030389,54.003427676378124,51.404641853842705,2308.387451171875,1478430.0,2329.3994741521456,2306.2273747455256,2331.95263671875,1962402.0,2336.7637273251385,2300.6309266633484,2323.704833984375,1131979.0,2332.934360568433,2308.3874922964587,2323.2626953125,3836083.0,2351.442690608515,2301.8580189031986,2203.866943359375,1310088.0,2212.0654534146915,2180.3510918370066,2379.8681640625
2025-04-23 00:00:00+05:30,2366.3182440167266,2393.810738138083,2350.0190266157124,2379.8681640625,2226066.0,0.0,0.0,2339.82724609375,2310.4887451171876,2259.0679565429687,2231.585283203125,2280.4353153571706,2303.7991856433596,2265.2827780698185,38.51640757354107,23.390032977766502,15.126374595774571,80.29393874632166,2259.0679565429687,2385.4921938389284,2132.643719247009,252.8484745919195,0.9777573118228013,95.06946390845191,90.87261346589355,-4.930536091548085,2239642.35,0.993938161599775,0.987157948485395,0.018400898076478638,0.010463984947020721,43.791711522370406,0.9943064408985398,1.005858548925577,0.9874576508490982,0.01111041631286037,0.009937660013369373,176.001220703125,7.98601844968212,43.791711522370406,50.62616612797212,2355.22314453125,2352346.0,2362.390878848253,2312.4135450863487,2308.387451171875,1478430.0,2329.3994741521456,2306.2273747455256,2331.95263671875,1962402.0,2336.7637273251385,2300.6309266633484,2318.697265625,3042779.0,2356.4994442091893,2302.692658956642,2203.866943359375,1120226.0,2225.959124485599,2181.7256205542135,2283.1533203125
2025-04-24 00:00:00+05:30,2379.867979637484,2442.3150676159876,2275.1019956011355,2283.1533203125,7065430.0,0.0,0.0,2331.716943359375,2317.9411865234374,2262.95126953125,2230.2941162109373,2280.4353153571706,2300.622898100911,2266.6075540667684,34.015344034142345,25.515095219078948,8.500248815063397,63.22484417733472,2262.95126953125,2387.1982704457923,2138.704268616708,248.49400182908448,0.5812979413287609,51.95616181170345,81.39134904599983,-48.04383818829655,2485293.1,2.842896075316026,1.056782968020645,0.07323777624884396,-0.04063874008252,167.21307201485206,1.0417615345840603,1.0689918018982154,0.9964735943750539,0.018681838266280275,0.011194966689598193,74.5244140625,3.37423882534591,167.21307201485206,58.03580634666053,2379.8681640625,2226066.0,2393.810738138083,2350.0190266157124,2355.22314453125,2352346.0,2362.390878848253,2312.4135450863487,2308.387451171875,1478430.0,2329.3994741521456,2306.2273747455256,2323.704833984375,1131979.0,2332.934360568433,2308.3874922964587,2208.62890625,3435185.0,2220.6079696442002,2111.0306546602815,2289.92822265625
2025-04-25 00:00:00+05:30,2289.633612290894,2299.4523596993467,2252.8133095091957,2289.92822265625,2859858.0,0.0,0.0,2323.312060546875,2322.1583251953125,2266.6823974609374,2229.498798828125,2280.4353153571706,2298.9775631679495,2268.3362580600983,30.641305107851167,26.540337208426642,4.100967899424525,63.52552735904638,2266.6823974609374,2389.377125901806,2143.987669020069,245.3894568817368,0.594730333938168,54.00120289386744,67.00894287134093,-45.99879710613256,2555565.8,1.1190703835526365,0.030626255462410157,0.020367035843617435,0.0029673444544768834,46.63905019015101,0.9998713451528998,1.0041591421726088,0.9837921063289914,0.018304905433352923,0.012181702433814733,42.17138671875,1.8761543083534171,46.63905019015101,57.60448962193267,2283.1533203125,7065430.0,2442.3150676159876,2275.1019956011355,2379.8681640625,2226066.0,2393.810738138083,2350.0190266157124,2355.22314453125,2352346.0,2362.390878848253,2312.4135450863487,2331.95263671875,1962402.0,2336.7637273251385,2300.6309266633484,2247.7568359375,2774874.0,2264.399565484465,2211.525752509045,2276.574951171875
2025-04-28 00:00:00+05:30,2302.496349368105,2306.4238484715047,2273.0401060926065,2276.574951171875,1555660.0,0.0,0.0,2316.949560546875,2319.0752685546877,2269.004528808594,2228.610205078125,2280.4353153571706,2295.531007034602,2268.946939527939,26.58406750666336,26.549083268153108,0.03498423851025123,60.41347305054213,2269.004528808594,2390.539095452342,2147.469962164846,243.0691332874958,0.5311451407296828,49.97044534471575,51.97593668342888,-50.02955465528425,2521881.8,0.6168647555170905,-0.4795538038512738,0.014664020774591148,-0.005831305694326772,33.383742378898205,1.0113861387181153,1.0131113176327733,0.9984472968581821,0.016230841582192762,0.012649248638558689,-30.83056640625,-1.3361572628382223,33.383742378898205,57.72373110773362,2289.92822265625,2859858.0,2299.4523596993467,2252.8133095091957,2283.1533203125,7065430.0,2442.3150676159876,2275.1019956011355,2379.8681640625,2226066.0,2393.810738138083,2350.0190266157124,2308.387451171875,1478430.0,2329.3994741521456,2306.2273747455256,2307.405517578125,2989089.0,2311.480201648499,2248.0020989340924,2279.618408203125
2025-04-29 00:00:00+05:30,2285.8042666616752,2290.22270274414,2270.6834923989963,2279.618408203125,1896387.0,0.0,0.0,2301.82861328125,2314.71083984375,2272.7233764648436,2227.9357081425783,2280.4353153571706,2293.0829146412443,2269.737907880201,23.34500676104335,25.90826796209357,-2.5632612010502207,60.75560072712045,2272.7233764648436,2390.5376102850346,2154.9091426446525,235.62846764038204,0.5292623035210019,50.889129385445706,51.620259208009635,-49.110870614554294,2545855.8,0.7448917570272441,-0.5056449508522105,0.00857126362676861,0.0013368578221786276,19.5392103451436,1.0027135499679642,1.0046517849227992,0.9960805212960306,0.01601703102017091,0.013214577411908018,-43.644287109375,-1.8785773643864467,19.5392103451436,55.95985299443061,2276.574951171875,1555660.0,2306.4238484715047,2273.0401060926065,2289.92822265625,2859858.0,2299.4523596993467,2252.8133095091957,2283.1533203125,7065430.0,2442.3150676159876,2275.1019956011355,2355.22314453125,2352346.0,2362.390878848253,2312.4135450863487,2323.2626953125,3836083.0,2351.442690608515,2301.8580189031986,2299.64892578125
2025-04-30 00:00:00+05:30,2277.949398128391,2309.8603271969996,2274.0218991661004,2299.64892578125,2083807.0,0.0,0.0,2285.784765625,2312.806005859375,2277.507568359375,2228.356875,2280.4353153571706,2294.093070293922,2271.954808362758,22.13826193116438,25.154266751542366,-3.0160048203779866,62.38645741829253,2277.507568359375,2391.2667166528727,2163.7484200658773,227.51829658699535,0.5973168213458775,38.183385236604494,46.34765332225532,-61.816614763395506,2462414.8,0.8462453198380712,-0.3151632109988928,0.015584304034027262,0.008786785326020397,35.838428030899195,0.9905639824368029,1.0044404175355943,0.988856113501567,0.0163602287678322,0.013804642672440142,-19.04833984375,-0.821510428555905,35.838428030899195,50.692789640643504,2279.618408203125,1896387.0,2290.22270274414,2270.6834923989963,2276.574951171875,1555660.0,2306.4238484715047,2273.0401060926065,2289.92822265625,2859858.0,2299.4523596993467,2252.8133095091957,2379.8681640625,2226066.0,2393.810738138083,2350.0190266157124,2318.697265625,3042779.0,2356.4994442091893,2302.692658956642,2276.574951171875
2025-05-02 00:00:00+05:30,2291.794010197549,2302.496349368105,2268.130732213357,2276.574951171875,1424284.0,0.0,0.0,2284.469091796875,2308.093017578125,2280.4409301757814,2228.0839208984376,2280.4353153571706,2291.397974835154,2272.297222725005,19.100752110148733,23.943563817656045,-4.8428117075073125,54.100897382893784,2280.4409301757814,2390.7009750954453,2170.1808852561176,220.52008983932774,0.48246881267496666,14.704552368070972,34.59235566337372,-85.29544763192902,2419621.4,0.5886391978513663,0.25822475505287645,0.015095315503255406,-0.010033694426437756,34.365617154747724,1.006685068294299,1.0113861387181153,0.9962908232148601,0.016576196579432965,0.014413276494947913,-47.1298828125,-2.028221576304423,34.365617154747724,49.163858063520856,2299.64892578125,2083807.0,2309.8603271969996,2274.0218991661004,2279.618408203125,1896387.0,2290.22270274414,2270.6834923989963,2276.574951171875,1555660.0,2306.4238484715047,2273.0401060926065,2283.1533203125,7065430.0,2442.3150676159876,2275.1019956011355,2323.704833984375,1131979.0,2332.934360568433,2308.3874922964587,2306.031005859375
2025-05-05 00:00:00+05:30,2281.9750758183536,2312.2166246689503,2277.0657023405943,2306.031005859375,2074103.0,0.0,0.0,2287.6896484375,2305.5008544921875,2286.074426269531,2228.61609375,2280.4353153571706,2293.6492105252205,2274.797248894473,18.85196163074761,22.92524337650113,-4.073281745753519,49.78601552546681,2286.074426269531,2388.8611701906143,2183.287682348448,205.5734878421663,0.5970775939996988,28.082956528661313,26.99029804444559,-71.91704347133869,2398528.45,0.8647397949355154,0.05692054940832714,0.01524303976791351,0.012938759021457802,35.150922328356046,0.9895682538613324,1.0026823658458444,0.9874393260779308,0.017175608163651396,0.01523572580317741,-25.921630859375,-1.1115847916983834,35.64167349707532,47.15802290538344,2276.574951171875,1424284.0,2302.496349368105,2268.130732213357,2299.64892578125,2083807.0,2309.8603271969996,2274.0218991661004,2279.618408203125,1896387.0,2290.22270274414,2270.6834923989963,2289.92822265625,2859858.0,2299.4523596993467,2252.8133095091957,2331.95263671875,1962402.0,2336.7637273251385,2300.6309266633484,2338.629150390625
2025-05-06 00:00:00+05:30,2297.7830679976596,2346.778758141565,2297.7830679976596,2338.629150390625,1888125.0,0.0,0.0,2300.10048828125,2308.5250244140625,2293.139013671875,2229.86208984375,2280.4353153571706,2300.5692016583707,2279.5276883272945,21.041513331076203,22.548497366299365,-1.5069840352231623,52.27373712779616,2293.139013671875,2389.465068142533,2196.8129592012174,192.65210894131542,0.7361258175097728,45.2849840227174,29.35749763981656,-54.7150159772826,2425360.05,0.7784926613267174,0.27711491244090025,0.02095060267923267,0.014136039128884947,48.99569014390545,0.9825341771754864,1.003484779854719,0.9825341771754864,0.017453423538277318,0.015952005593728537,30.24169921875,1.3100789992337436,48.99569014390545,47.115952793854085,2306.031005859375,2074103.0,2312.2166246689503,2277.0657023405943,2276.574951171875,1424284.0,2302.496349368105,2268.130732213357,2299.64892578125,2083807.0,2309.8603271969996,2274.0218991661004,2276.574951171875,1555660.0,2306.4238484715047,2273.0401060926065,2308.387451171875,1478430.0,2329.3994741521456,2306.2273747455256,2327.828857421875
2025-05-07 00:00:00+05:30,2326.061434813229,2343.636898100996,2312.609797801949,2327.828857421875,1610400.0,0.0,0.0,2309.742578125,2305.785595703125,2299.337109375,2230.675087890625,2280.8347651415534,2304.7629950499936,2283.1070593374507,21.65593571254294,22.369985035124753,-0.7140493225818112,51.326700363571874,2299.337109375,2387.044063515139,2211.6301552348614,175.4139082802776,0.6624258208838862,39.58567385449005,37.651204801956254,-60.41432614550995,2440375.65,0.6598984053950875,-0.31540683215819443,0.01332877208739922,-0.004618215319408758,31.027100299047106,0.9992407420317817,1.0067908947123496,0.9934621226249504,0.016196843487041895,0.016439783103629917,-27.394287109375,-1.1631291571239655,31.027100299047106,45.48883244003264,2338.629150390625,1888125.0,2346.778758141565,2297.7830679976596,2306.031005859375,2074103.0,2312.2166246689503,2277.0657023405943,2276.574951171875,1424284.0,2302.496349368105,2268.130732213357,2279.618408203125,1896387.0,2290.22270274414,2270.6834923989963,2355.22314453125,2352346.0,2362.390878848253,2312.4135450863487,2312.216796875
2025-05-08 00:00:00+05:30,2318.8935932451186,2328.9086679425363,2298.5688334765755,2312.216796875,2323073.0,0.0,0.0,2312.25615234375,2299.020458984375,2304.754602050781,2231.8317333984373,2281.142432119332,2305.909733837937,2285.2641769108805,20.645556927056532,22.02509941285681,-1.379542485800279,48.380831912768976,2304.754602050781,2380.153570052613,2229.3556340489495,150.79793600366338,0.5494847278548797,31.34719590956408,38.73928459559051,-68.65280409043592,2500518.0,0.9290367035950151,0.04357777352513348,0.013121535362499591,-0.006706704617523207,30.33983446596085,1.0028876169307057,1.0072189904900335,0.9940974551275339,0.015744521758545797,0.016903193648198457,-67.6513671875,-2.8426518833722825,30.33983446596085,45.90261573960311,2327.828857421875,1610400.0,2343.636898100996,2312.609797801949,2338.629150390625,1888125.0,2346.778758141565,2297.7830679976596,2306.031005859375,2074103.0,2312.2166246689503,2277.0657023405943,2299.64892578125,2083807.0,2309.8603271969996,2274.0218991661004,2379.8681640625,2226066.0,2393.810738138083,2350.0190266157124,2290.615478515625
2025-05-09 00:00:00+05:30,2287.768137663965,2300.2378988832365,2260.57025538677,2290.615478515625,1805685.0,0.0,0.0,2315.0642578125,2299.7666748046877,2308.8539306640623,2233.451826171875,2281.2344034435678,2303.556771401427,2285.6607127210136,17.89605868041326,21.199291265114763,-3.303232584701501,44.38513633165025,2308.8539306640623,2369.772247509068,2247.9356138190565,121.8366336900117,0.35030403749629757,19.948189074386438,30.293686279480188,-80.05181092561357,2419043.0,0.746446011914629,-0.7444338136532384,0.017317460686231002,-0.009342254752482404,39.66764349646655,0.9987569538063606,1.0042008012509578,0.9868833405647267,0.009079790539075453,0.015913939086957363,7.462158203125,0.326835615319232,51.646541488230014,47.01074008434882,2312.216796875,2323073.0,2328.9086679425363,2298.5688334765755,2327.828857421875,1610400.0,2343.636898100996,2312.609797801949,2338.629150390625,1888125.0,2346.778758141565,2297.7830679976596,2276.574951171875,1424284.0,2302.496349368105,2268.130732213357,2283.1533203125,7065430.0,2442.3150676159876,2275.1019956011355,2339.316650390625
2025-05-12 00:00:00+05:30,2317.2244679630116,2343.7350868761478,2303.5765044828277,2339.316650390625,1274873.0,0.0,0.0,2321.72138671875,2304.705517578125,2313.431921386719,2236.09208984375,2281.7928865872896,2309.058291402671,2289.636555113383,19.421736289287765,20.843780269517715,-1.422043980229951,53.932603801792254,2313.431921386719,2368.4982137457587,2258.365629027679,110.13258471807967,0.7350324299585502,45.647777490634766,32.31438749152843,-54.352222509365234,2344042.95,0.5438778329552365,-0.5542180765618433,0.017166800564008433,0.021261172960622687,40.1585823933201,0.9905561385099686,1.0018887722980063,0.9847219717339979,0.011246998421410317,0.015208148385763101,49.388427734375,2.1567675023929755,53.11960836052276,48.96747911201299,2290.615478515625,1805685.0,2300.2378988832365,2260.57025538677,2312.216796875,2323073.0,2328.9086679425363,2298.5688334765755,2327.828857421875,1610400.0,2343.636898100996,2312.609797801949,2306.031005859375,2074103.0,2312.2166246689503,2277.0657023405943,2289.92822265625,2859858.0,2299.4523596993467,2252.8133095091957,2317.224365234375
2025-05-13 00:00:00+05:30,2332.541706924671,2354.5356050135724,2310.1549151140503,2317.224365234375,1929665.0,0.0,0.0,2317.4404296875,2308.770458984375,2313.9228637695314,2238.4161865234373,2282.1303292410716,2310.3146104839907,2291.6807290499296,18.633881434061095,20.40180050199708,-1.7679190679359849,44.84409006436482,2313.9228637695314,2368.9379874917686,2258.9077400472943,110.0302474444743,0.5300053988927875,33.989687678190855,33.195218081070685,-66.01031232180914,2291071.75,0.842254285576172,0.2404156435210778,0.019152521682997792,-0.009443905403982433,44.38068989952217,1.0066102108712924,1.0161016949152541,0.9969491732322564,0.011586274970415521,0.014743691724585378,40.6494140625,1.7855513187288397,44.38068989952217,48.28014069938042,2339.316650390625,1274873.0,2343.7350868761478,2303.5765044828277,2290.615478515625,1805685.0,2300.2378988832365,2260.57025538677,2312.216796875,2323073.0,2328.9086679425363,2298.5688334765755,2338.629150390625,1888125.0,2346.778758141565,2297.7830679976596,2276.574951171875,1555660.0,2306.4238484715047,2273.0401060926065,2307.896484375
2025-05-14 00:00:00+05:30,2327.0430410418,2327.0430410418,2296.1139879646616,2307.896484375,1568111.0,0.0,0.0,2313.453955078125,2311.5982666015625,2313.1545532226564,2240.55765625,2282.373406176297,2309.9425910750183,2292.882240310172,17.060350764846135,19.733510554047584,-2.673159789201449,39.810911735306846,2313.1545532226564,2368.0495381431465,2258.2595683021664,109.78996984098012,0.4521079306673258,29.067368775947024,36.234944648257546,-70.93263122405298,2177673.15,0.7200855647230624,-0.17310601686259186,0.013401403956605122,-0.004025454332054479,30.929053077138178,1.0082961072112318,1.0082961072112318,0.9948947032546266,0.011734846215613543,0.014315473244129642,28.278076171875,1.2404741104966144,30.929053077138178,47.361379381863834,2317.224365234375,1929665.0,2354.5356050135724,2310.1549151140503,2339.316650390625,1274873.0,2343.7350868761478,2303.5765044828277,2290.615478515625,1805685.0,2300.2378988832365,2260.57025538677,2327.828857421875,1610400.0,2343.636898100996,2312.609797801949,2279.618408203125,1896387.0,2290.22270274414,2270.6834923989963,2312.51123046875
2025-05-15 00:00:00+05:30,2308.976625401022,2326.9447405218516,2297.586783068839,2312.51123046875,3236681.0,0.0,0.0,2313.512841796875,2312.8844970703126,2312.845251464844,2242.440888671875,2282.6550680855726,2310.337766373183,2294.336625359273,16.00114101391,18.987036645556017,-2.9858956316460166,55.622395696961995,2312.845251464844,2367.6784163361954,2258.0120865934923,109.66632974270306,0.49695420648363525,58.68715473195914,40.58140372869901,-41.31284526804086,2187368.25,1.479714721103774,0.5532537322314399,0.012695271299098405,0.0019995463943001113,29.35795745301266,0.9984715295557671,1.0062414875495225,0.993546216250424,0.011446133987899877,0.01382406376613641,12.8623046875,0.559316013122757,29.35795745301266,37.51458548458959,2307.896484375,1568111.0,2327.0430410418,2296.1139879646616,2317.224365234375,1929665.0,2354.5356050135724,2310.1549151140503,2339.316650390625,1274873.0,2343.7350868761478,2303.5765044828277,2312.216796875,2323073.0,2328.9086679425363,2298.5688334765755,2299.64892578125,2083807.0,2309.8603271969996,2274.0218991661004,2338.236328125
2025-05-16 00:00:00+05:30,2317.224305310505,2343.734922362786,2306.4236835484644,2338.236328125,1473000.0,0.0,0.0,2323.03701171875,2319.050634765625,2313.571826171875,2245.1204248046874,2283.1697093822336,2314.6298528592292,2297.5892540504974,17.04059880873183,18.597749077997577,-1.5571502692657475,58.62551481947752,2313.571826171875,2369.387177544352,2257.7564747993974,111.63070274495476,0.7209472962781283,82.6539496172712,56.802824375059124,-17.3460503827288,2204419.3,0.6682031862087218,0.03420385260243042,0.015957000738347583,0.011124312529732228,37.31123881432177,0.9910137300657952,1.0023515990114633,0.9863945982731156,0.011211828996188302,0.013287627007811942,61.661376953125,2.708515128016531,37.31123881432177,36.848313243458925,2312.51123046875,3236681.0,2326.9447405218516,2297.586783068839,2307.896484375,1568111.0,2327.0430410418,2296.1139879646616,2317.224365234375,1929665.0,2354.5356050135724,2310.1549151140503,2290.615478515625,1805685.0,2300.2378988832365,2260.57025538677,2276.574951171875,1424284.0,2302.496349368105,2268.130732213357,2339.512939453125
2025-05-19 00:00:00+05:30,2331.95255175475,2361.408794513757,2331.95255175475,2339.512939453125,936655.0,0.0,0.0,2323.07626953125,2322.398828125,2313.949841308594,2248.899658203125,2283.6866197498566,2318.4580200748323,2300.69541860313,17.76260147170251,18.43071955667211,-0.6681180849695991,61.744194734031986,2313.949841308594,2370.388271916406,2257.5114107007817,112.87686121562456,0.7264688960095976,78.28622345167216,73.2091092669675,-21.713776548327843,2153131.95,0.43501978594484186,-0.5484047802833321,0.012590758641366075,0.0005459718988920503,29.456242759007182,0.9967683924414873,1.0093591510828535,0.9967683924414873,0.01062803852074329,0.01263287004352113,33.48193359375,1.4519290290839981,29.456242759007182,36.567777556323854,2338.236328125,1473000.0,2343.734922362786,2306.4236835484644,2312.51123046875,3236681.0,2326.9447405218516,2297.586783068839,2307.896484375,1568111.0,2327.0430410418,2296.1139879646616,2339.316650390625,1274873.0,2343.7350868761478,2303.5765044828277,2306.031005859375,2074103.0,2312.2166246689503,2277.0657023405943,2298.667236328125
2025-05-20 00:00:00+05:30,2351.19753918304,2351.19753918304,2296.1142659106454,2298.667236328125,1617408.0,0.0,0.0,2319.36484375,2318.40263671875,2313.463830566406,2252.1251220703125,2283.8228071732956,2315.4132840819602,2300.545151237956,14.868132844004322,17.71820221391177,-2.850069369907448,53.11503893399427,2313.463830566406,2370.2701531150387,2256.6575080177736,113.61264509726516,0.3697627871825921,37.78017935521561,66.24011747471965,-62.21982064478439,2160080.85,0.7487719730490643,-0.14337874875868917,0.02396313498616024,-0.017459062711808637,55.08327327239476,1.0228525042793173,1.0228525042793173,0.9988893692931572,0.01113607368924498,0.012001135058617898,-39.9619140625,-1.708775162399101,55.08327327239476,39.106639193984655,2339.512939453125,936655.0,2361.408794513757,2331.95255175475,2338.236328125,1473000.0,2343.734922362786,2306.4236835484644,2312.51123046875,3236681.0,2326.9447405218516,2297.586783068839,2317.224365234375,1929665.0,2354.5356050135724,2310.1549151140503,2338.629150390625,1888125.0,2346.778758141565,2297.7830679976596,2321.053466796875
2025-05-21 00:00:00+05:30,2303.478005860862,2332.6396359970754,2302.496131178057,2321.053466796875,1570754.0,0.0,0.0,2321.996240234375,2317.72509765625,2311.7553466796876,2256.181240234375,2284.1582185212555,2316.2810045073174,2302.064581964038,14.21642254327935,17.017846279606957,-2.8014237363276067,53.4735048830253,2311.7553466796876,2365.231235528076,2258.279457831299,106.95177769677684,0.5869374994733503,59.980253515908046,58.68221877426527,-40.019746484091954,2121001.25,0.7405719350707596,-0.024618728266269208,0.012986992867776222,0.009738786943563671,30.14350481901829,0.9924278086707466,1.0049917717820562,0.99200477891428,0.011627857655010171,0.011544236475414724,-6.775390625,-0.2910605134650579,33.9723996689504,38.97335145384545,2298.667236328125,1617408.0,2351.19753918304,2296.1142659106454,2339.512939453125,936655.0,2361.408794513757,2331.95255175475,2338.236328125,1473000.0,2343.734922362786,2306.4236835484644,2307.896484375,1568111.0,2327.0430410418,2296.1139879646616,2327.828857421875,1610400.0,2343.636898100996,2312.609797801949,2288.45556640625
2025-05-22 00:00:00+05:30,2312.3151721769136,2320.268454005645,2271.174713619723,2288.45556640625,2423653.0,0.0,0.0,2317.185107421875,2315.348974609375,2307.184716796875,2259.3281494140624,2284.1965876988,2312.000167844332,2301.056324721045,10.943843123287024,15.80304564809551,-4.859202524808486,51.87016490717006,2307.184716796875,2350.8801856383143,2263.4892479554355,87.39093768287876,0.2856854396208837,27.653426220667196,41.804619697263625,-72.3465737793328,2130880.6,1.1373950281400094,0.04329609960599612,0.021452782875316007,-0.01404444182650011,49.09374038592159,1.0104260734273869,1.0139014661531547,0.9924486832778386,0.012294350030540767,0.011199219302614222,-23.76123046875,-1.0276385199200933,49.87875317715179,40.08143259830289,2321.053466796875,1570754.0,2332.6396359970754,2302.496131178057,2298.667236328125,1617408.0,2351.19753918304,2296.1142659106454,2339.512939453125,936655.0,2361.408794513757,2331.95255175475,2312.51123046875,3236681.0,2326.9447405218516,2297.586783068839,2312.216796875,2323073.0,2328.9086679425363,2298.5688334765755,2316.438720703125
2025-05-23 00:00:00+05:30,2294.5428671730415,2321.642704503221,2287.3753737084476,2316.438720703125,844118.0,0.0,0.0,2312.8255859375,2317.931298828125,2308.848986816406,2262.0823046875,2284.481916309458,2312.6830221346263,2302.1959519532065,10.487070181419767,14.7398505545871,-4.252780373167333,51.645943403948415,2308.848986816406,2351.2055662826897,2266.4924073501224,84.71315893256724,0.5895933286204149,55.40388208718415,47.67918727458647,-44.59611791281585,1819815.0,0.46384824831095467,-0.5325220068838141,0.0147931091327864,0.012227964880620057,34.26733079477344,0.9905476223763704,1.0022465449889029,0.9874534358561164,0.01255073135448531,0.011546313384155208,25.8232421875,1.127349501900432,34.26733079477344,39.98326526242418,2288.45556640625,2423653.0,2320.268454005645,2271.174713619723,2321.053466796875,1570754.0,2332.6396359970754,2302.496131178057,2298.667236328125,1617408.0,2351.19753918304,2296.1142659106454,2338.236328125,1473000.0,2343.734922362786,2306.4236835484644,2290.615478515625,1805685.0,2300.2378988832365,2260.57025538677,2350.706298828125
2025-05-26 00:00:00+05:30,2325.07927344993,2353.8482499032,2321.250058032729,2350.706298828125,892618.0,0.0,0.0,2315.0642578125,2319.070263671875,2311.887890625,2265.80458984375,2285.062831945587,2318.532757041908,2305.7898672177653,12.742889824142821,14.340458408446176,-1.597568584303355,51.89992625821913,2311.887890625,2357.1502130290332,2266.625568220967,90.52464480806611,0.9288159128978537,89.38650264245265,57.481270316768,-10.613497357547349,1721453.0,0.518525919673671,-0.29983770932477194,0.013867403123359953,0.014793215904540968,32.598191870471055,0.9890981593953398,1.0013365987391285,0.9874691956157686,0.011526452519167571,0.011574258793930934,11.3896484375,0.4868792959515922,37.40952920007521,39.15568233786488,2316.438720703125,844118.0,2321.642704503221,2287.3753737084476,2288.45556640625,2423653.0,2320.268454005645,2271.174713619723,2321.053466796875,1570754.0,2332.6396359970754,2302.496131178057,2339.512939453125,936655.0,2361.408794513757,2331.95255175475,2339.316650390625,1274873.0,2343.7350868761478,2303.5765044828277,2337.058349609375
2025-05-27 00:00:00+05:30,2350.706553150472,2365.8273291751543,2317.5191369873537,2337.058349609375,1865258.0,0.0,0.0,2322.74248046875,2321.053662109375,2314.912060546875,2268.405576171875,2285.5149668817935,2321.3828482190615,2308.1063830721087,13.276465146952887,14.127659756125325,-0.8511946091724383,51.43905157502376,2314.912060546875,2358.28281452505,2271.5413065687003,86.74150795634978,0.7553136276307799,72.6678896435803,72.48609145773904,-27.332110356419697,1736932.9,1.0738802863369104,-0.03337729605916051,0.020670511797822692,-0.005805892988653527,48.308192187800614,1.0058399070538302,1.0123099106920406,0.9916393988942179,0.011229717622067925,0.011538603059096172,19.833984375,0.8559371579451636,48.308192187800614,40.39004604420442,2350.706298828125,892618.0,2353.8482499032,2321.250058032729,2316.438720703125,844118.0,2321.642704503221,2287.3753737084476,2288.45556640625,2423653.0,2320.268454005645,2271.174713619723,2298.667236328125,1617408.0,2351.19753918304,2296.1142659106454,2317.224365234375,1929665.0,2354.5356050135724,2310.1549151140503,2319.188232421875
2025-05-28 00:00:00+05:30,2344.7169767245714,2344.7169767245714,2309.3694846131457,2319.188232421875,897517.0,0.0,0.0,2322.36943359375,2322.1828369140626,2316.8905517578123,2271.2539990234377,2285.8052536536907,2321.0452150181986,2308.9273697399894,12.117845278209188,13.725696860508558,-1.6078515822993698,51.07937763134916,2316.8905517578123,2356.967349425674,2276.8137540899506,80.15359533572337,0.528665971307199,55.69029702740398,72.58156310447897,-44.30970297259602,1686989.4,0.532022904234016,-0.42764447159671737,0.015241320914479259,-0.007646414643642463,35.34749211142571,1.0110076206604572,1.0110076206604572,0.995766299745978,0.011462488327921821,0.011511367270327002,11.291748046875,0.48926579347570165,35.34749211142571,40.747735876023334,2337.058349609375,1865258.0,2365.8273291751543,2317.5191369873537,2350.706298828125,892618.0,2353.8482499032,2321.250058032729,2316.438720703125,844118.0,2321.642704503221,2287.3753737084476,2321.053466796875,1570754.0,2332.6396359970754,2302.496131178057,2307.896484375,1568111.0,2327.0430410418,2296.1139879646616,2323.802978515625
2025-05-29 00:00:00+05:30,2326.0613384377953,2332.9344618523432,2312.8060289954524,2323.802978515625,1111275.0,0.0,0.0,2329.438916015625,2323.31201171875,2318.098254394531,2274.6669970703124,2286.1300205328525,2321.469486326873,2310.0294020851748,11.44008424169806,13.268574336715947,-1.8284900950178873,55.423659565775274,2318.098254394531,2357.4363253956353,2278.760183393427,78.67614200220851,0.5725089458623148,55.60149034136438,61.31989233744955,-44.39850965863562,1638362.8,0.678283833104609,-0.656662179559864,0.008661850011806208,0.0019898109300644506,20.128432856890868,1.00097183794971,1.00392954283179,0.9952676928199837,0.011462351700947582,0.011512989041631772,11.291748046875,0.48828943609438014,20.128432856890868,38.49644240235625,2319.188232421875,897517.0,2344.7169767245714,2309.3694846131457,2337.058349609375,1865258.0,2365.8273291751543,2317.5191369873537,2350.706298828125,892618.0,2353.8482499032,2321.250058032729,2288.45556640625,2423653.0,2320.268454005645,2271.174713619723,2312.51123046875,3236681.0,2326.9447405218516,2297.586783068839,2305.736572265625
2025-05-30 00:00:00+05:30,2317.2244591411445,2331.854297340192,2301.0235254225727,2305.736572265625,3288892.0,0.0,0.0,2327.298486328125,2320.0620361328124,2319.5563354492188,2278.0741015625,2286.2961777509267,2319.0490380031065,2309.711378512167,9.337659490939586,12.482391367518693,-3.1447318765791064,43.901547934904436,2319.5563354492188,2354.308555098775,2284.8041157996627,69.50443929911216,0.3011671869746271,36.51442534692709,49.26873757189849,-63.48557465307291,1731593.2,1.8993444880702928,1.232784792939579,0.013371333173296855,-0.007774499997215911,30.83077191761913,1.0049823067447083,1.0113272805700018,0.9979559473967049,0.011075995760783353,0.011499405718091278,-32.499755859375,-1.389926051035062,30.83077191761913,36.904382656434564,2323.802978515625,1111275.0,2332.9344618523432,2312.8060289954524,2319.188232421875,897517.0,2344.7169767245714,2309.3694846131457,2337.058349609375,1865258.0,2365.8273291751543,2317.5191369873537,2316.438720703125,844118.0,2321.642704503221,2287.3753737084476,2338.236328125,1473000.0,2343.734922362786,2306.4236835484644,2328.6142578125
2025-06-02 00:00:00+05:30,2305.343634416857,2340.789408851528,2301.121764755519,2328.6142578125,1178205.0,0.0,0.0,2322.880078125,2318.97216796875,2320.685498046875,2282.0084765625,2286.6517918690915,2320.5206102848965,2311.1117393008117,9.408870984084842,11.867687290805662,-2.45881630672082,52.06262550700187,2320.685498046875,2355.052758825577,2286.3182372681736,68.73452155740324,0.6153533855473652,60.684582096031626,50.933499261441035,-39.315417903968374,1686798.3,0.6984860015569141,0.2578857743779728,0.01703487125998828,0.00992207254812083,39.6676440960091,0.9900066645570129,1.0052284963034046,0.9881936250434165,0.011636390291764071,0.011600240895193355,-10.898681640625,-0.46585259080348385,39.6676440960091,36.567736527612205,2305.736572265625,3288892.0,2331.854297340192,2301.0235254225727,2323.802978515625,1111275.0,2332.9344618523432,2312.8060289954524,2319.188232421875,897517.0,2344.7169767245714,2309.3694846131457,2350.706298828125,892618.0,2353.8482499032,2321.250058032729,2339.512939453125,936655.0,2361.408794513757,2331.95255175475,2309.6640625
2025-06-03 00:00:00+05:30,2322.2321074614806,2336.3710082209473,2300.139925202615,2309.6640625,1643913.0,0.0,0.0,2317.401220703125,2320.0718505859377,2319.2372436523438,2285.56384765625,2286.8435607910155,2318.850372160857,2311.0044935222845,7.845878638572685,11.063325560331577,-3.217446921758892,50.30931552405056,2319.2372436523438,2352.853701025587,2285.6207862791007,67.23291474648613,0.3576116893274498,40.66379851673132,45.954268653230024,-59.33620148326868,1674587.7,0.9816822373650541,0.01638733084045585,0.015686732805252866,-0.008137971005254374,36.231083018332356,1.005441503448721,1.0115631299610037,0.9958763971557508,0.01042931495997097,0.011529565022265955,10.996826171875,0.4784000919350717,36.231083018332356,36.94645295198321,2328.6142578125,1178205.0,2340.789408851528,2301.121764755519,2305.736572265625,3288892.0,2331.854297340192,2301.0235254225727,2323.802978515625,1111275.0,2332.9344618523432,2312.8060289954524,2337.058349609375,1865258.0,2365.8273291751543,2317.5191369873537,2298.667236328125,1617408.0,2351.19753918304,2296.1142659106454,2321.642822265625
2025-06-04 00:00:00+05:30,2316.733448566607,2324.686729845221,2299.6489239802295,2321.642822265625,3287896.0,0.0,0.0,2317.892138671875,2320.1307861328123,2318.927941894531,2288.793232421875,2287.1311579932853,2319.279979869998,2311.7925890448687,7.487390825129296,10.34813861327157,-2.860747788142273,51.55782352024883,2318.927941894531,2352.324670728374,2285.5312130606885,66.79345766768529,0.5406459025463403,53.31929640797545,51.55589234024614,-46.68070359202455,1758462.5,1.869756107963633,1.093196006503883,0.010784521040388984,0.005186364528120713,25.037805864991697,0.9978853880312962,1.0013111007216113,0.9905265796812224,0.010075873214676739,0.011374366578232611,0.58935546875,0.02539172307665094,25.037805864991697,36.637870695696,2309.6640625,1643913.0,2336.3710082209473,2300.139925202615,2328.6142578125,1178205.0,2340.789408851528,2301.121764755519,2305.736572265625,3288892.0,2331.854297340192,2301.0235254225727,2319.188232421875,897517.0,2344.7169767245714,2309.3694846131457,2321.053466796875,1570754.0,2332.6396359970754,2302.496131178057,2333.3271484375
2025-06-05 00:00:00+05:30,2321.642934355921,2336.861993557662,2306.3255917892498,2333.3271484375,1787978.0,0.0,0.0,2319.79697265625,2324.6179443359374,2319.9834594726562,2291.424658203125,2287.509813652664,2321.441082729581,2313.387874987722,8.053207741858841,9.889152438978984,-1.8359446971201425,49.120368021081774,2319.9834594726562,2353.8186247495505,2286.148294195762,67.67033055378852,0.6971866969710954,65.6637267264724,53.215607217059734,-34.336273273527596,1731707.75,1.0324940799046491,-0.26227970753239016,0.013087064018802892,0.005032783708078137,30.53640176841236,0.994992466406006,1.0015149376385257,0.988427873619723,0.00883608599041731,0.011028540174220265,44.87158203125,1.9607801300558059,30.53640176841236,36.15395376384533,2321.642822265625,3287896.0,2324.686729845221,2299.6489239802295,2309.6640625,1643913.0,2336.3710082209473,2300.139925202615,2328.6142578125,1178205.0,2340.789408851528,2301.121764755519,2323.802978515625,1111275.0,2332.9344618523432,2312.8060289954524,2288.45556640625,2423653.0,2320.268454005645,2271.174713619723,2346.484375
2025-06-06 00:00:00+05:30,2330.2834412831876,2353.0628880206928,2327.1414899600004,2346.484375,997488.0,0.0,0.0,2327.946533203125,2327.622509765625,2322.776904296875,2294.2446044921876,2287.9892816310976,2325.2938969296224,2315.839657409106,9.45423952051624,9.802169855284912,-0.3479303347686731,51.19813769415453,2322.776904296875,2355.613472432258,2289.940336161492,65.67313627076601,0.8609919070315273,79.56426870863747,66.18243061436178,-20.435731291362536,1691297.9,0.5897766443155875,0.1816926069577951,0.011046908446041689,0.005638826330594426,25.921398060692354,0.9930956566813651,1.0028035614005284,0.9917566529544866,0.008210398095025091,0.010594506848274243,30.045654296875,1.2970623409263027,25.921398060692354,35.90146485682284,2333.3271484375,1787978.0,2336.861993557662,2306.3255917892498,2321.642822265625,3287896.0,2324.686729845221,2299.6489239802295,2309.6640625,1643913.0,2336.3710082209473,2300.139925202615,2305.736572265625,3288892.0,2331.854297340192,2301.0235254225727,2316.438720703125,844118.0,2321.642704503221,2287.3753737084476,2349.822509765625
2025-06-09 00:00:00+05:30,2350.608057477307,2355.517431030935,2335.1926724620143,2349.822509765625,1293622.0,0.0,0.0,2332.18818359375,2327.534130859375,2323.302197265625,2296.93494140625,2288.4879366966984,2329.067529677429,2318.3570862045112,10.710443472917632,9.983824578814,0.7266188941036322,60.09296634907179,2323.302197265625,2357.5582728791446,2289.0461216521057,68.51215122703888,0.8870891808974954,83.09099086632585,76.10632876714526,-16.909009133674143,1692235.35,0.7644456783153714,0.44924480572876635,0.008649486709933568,0.0014226111203596847,20.324758568920515,1.000334300870988,1.0024235537967836,0.9937740670868499,0.006727198924901394,0.010114581488847627,-0.8837890625,-0.03759674540969593,20.324758568920515,33.41871380657468,2346.484375,997488.0,2353.0628880206928,2327.1414899600004,2333.3271484375,1787978.0,2336.861993557662,2306.3255917892498,2321.642822265625,3287896.0,2324.686729845221,2299.6489239802295,2328.6142578125,1178205.0,2340.789408851528,2301.121764755519,2350.706298828125,892618.0,2353.8482499032,2321.250058032729,2351.786376953125
2025-06-10 00:00:00+05:30,2350.0189544422137,2356.695750752591,2335.2908330438154,2351.786376953125,1778782.0,0.0,0.0,2340.612646484375,2329.00693359375,2325.0302978515624,2299.3680224609375,2288.99432421875,2332.5627369535955,2320.8334943451105,11.729242608485038,10.332908184752117,1.3963344237329203,56.59510038140743,2325.0302978515624,2361.4162573202,2288.6443383829246,72.77191893727559,0.8676703801726666,85.16580641788335,82.60702199761556,-14.834193582116662,1684691.2,1.05585047277507,-0.04636141488201628,0.00910155697751202,0.0008357512873156114,21.40491770877543,0.9992484765928439,1.0020875083925889,0.9929859514150768,0.006412701588485818,0.009632879885489415,14.72802734375,0.6301951060063038,21.40491770877543,32.52103652370504,2349.822509765625,1293622.0,2355.517431030935,2335.1926724620143,2346.484375,997488.0,2353.0628880206928,2327.1414899600004,2333.3271484375,1787978.0,2336.861993557662,2306.3255917892498,2309.6640625,1643913.0,2336.3710082209473,2300.139925202615,2337.058349609375,1865258.0,2365.8273291751543,2317.5191369873537,2333.3271484375
2025-06-11 00:00:00+05:30,2351.7864423801357,2359.346830298541,2328.319730852048,2333.3271484375,1977707.0,0.0,0.0,2342.94951171875,2330.4208251953123,2326.3018310546877,2301.929736328125,2289.3461720300097,2332.680338720435,2321.759007087686,10.921331632749116,10.450592874352571,0.47073875839654455,60.251235989148284,2326.3018310546877,2361.936349956024,2290.6673121533513,71.26903780267276,0.5985746068617311,58.573141301179334,75.60997952846284,-41.426858698820666,1705171.0,1.1598291315064588,1.2035315208514157,0.01329736358112932,-0.007849024340186861,31.02709944649314,1.0079111469452524,1.0111513217846306,0.9978539582035013,0.0064420687332955645,0.00913083792602679,14.138916015625,0.6096493513534362,31.02709944649314,31.174489828657993,2351.786376953125,1778782.0,2356.695750752591,2335.2908330438154,2349.822509765625,1293622.0,2355.517431030935,2335.1926724620143,2346.484375,997488.0,2353.0628880206928,2327.1414899600004,2321.642822265625,3287896.0,2324.686729845221,2299.6489239802295,2319.188232421875,897517.0,2344.7169767245714,2309.3694846131457,2290.419189453125
2025-06-12 00:00:00+05:30,2343.6367531475557,2344.7169112625684,2281.9752104026784,2290.419189453125,3339584.0,0.0,0.0,2334.367919921875,2327.0824462890623,2325.197229003906,2303.658818359375,2289.3546209860974,2326.1786234445685,2319.4374069941773,6.741216450391221,9.708717589554984,-2.9675011391637636,44.435138578499966,2325.197229003906,2363.871633275274,2286.5228247325385,77.34880854273524,0.05037394620543791,10.070084303246386,51.2696773407697,-89.92991569675361,1710316.15,1.952612094553396,2.005182335605498,0.027393108278520227,-0.018389174022643173,62.74170085988999,1.0232348575926564,1.0237064560319231,0.9963133477534029,0.00876683280166913,0.008861286036098944,-33.3837890625,-1.436601526512571,62.74170085988999,33.20837340473775,2333.3271484375,1977707.0,2359.346830298541,2328.319730852048,2351.786376953125,1778782.0,2356.695750752591,2335.2908330438154,2349.822509765625,1293622.0,2355.517431030935,2335.1926724620143,2333.3271484375,1787978.0,2336.861993557662,2306.3255917892498,2323.802978515625,1111275.0,2332.9344618523432,2312.8060289954524,2276.967529296875
2025-06-13 00:00:00+05:30,2263.221282893185,2282.760494395082,2260.2756586638234,2276.967529296875,1740682.0,0.0,0.0,2320.46455078125,2324.2055419921876,2322.1337890625,2304.8400146484373,2289.2578468322754,2318.6076858794704,2316.291324348745,2.3163615307253167,8.230246377780574,-5.913884847055257,32.68785007302384,2322.1337890625,2365.838571131907,2278.429006993093,87.40956413881395,-0.016719883122824783,15.813933168646303,28.15238625769068,-84.1860668313537,1723700.25,1.0098519159581256,-0.47073908173330103,0.009874903986093201,-0.005873012336864769,22.4848357312585,0.9939629150495902,1.0025441579748815,0.9926692539887882,0.008633081927561636,0.008616994652776771,-28.76904296875,-1.2477159496360635,30.14353078930162,32.68937351825392,2290.419189453125,3339584.0,2344.7169112625684,2281.9752104026784,2333.3271484375,1977707.0,2359.346830298541,2328.319730852048,2351.786376953125,1778782.0,2356.695750752591,2335.2908330438154,2346.484375,997488.0,2353.0628880206928,2327.1414899600004,2305.736572265625,3288892.0,2331.854297340192,2301.0235254225727,2285.215087890625
2025-06-16 00:00:00+05:30,2277.94931097458,2294.248526930686,2271.1744714100378,2285.215087890625,1105297.0,0.0,0.0,2307.54306640625,2319.865625,2319.418896484375,2306.6770947265627,2289.2265076156737,2313.470363109708,2313.9892685888803,-0.5189054791721901,6.480416006381995,-6.999321485554185,37.51173256112106,2319.418896484375,2365.2711894958343,2273.566603472916,91.70458602291819,0.12702183089074523,25.173245471200257,17.019087647697653,-74.82675452879974,1732132.35,0.6381134790306294,-0.06188057256589474,0.010097104488289807,0.0036221678559891224,23.074055520648017,0.9968205282056177,1.0039529929099142,0.9938558884216244,0.007930876989004399,0.008246443322500805,-43.399169921875,-1.8637337539384569,23.074055520648017,30.88693518488588,2276.967529296875,1740682.0,2282.760494395082,2260.2756586638234,2290.419189453125,3339584.0,2344.7169112625684,2281.9752104026784,2333.3271484375,1977707.0,2359.346830298541,2328.319730852048,2349.822509765625,1293622.0,2355.517431030935,2335.1926724620143,2328.6142578125,1178205.0,2340.789408851528,2301.121764755519,2286.3935546875
2025-06-17 00:00:00+05:30,2277.949336261707,2290.8119909000766,2271.1744966219585,2286.3935546875,1119284.0,0.0,0.0,2294.464501953125,2317.53857421875,2318.805212402344,2308.4582177734374,2289.204715670072,2309.3047002739804,2311.945049282718,-2.6403490087377577,4.656263003351351,-7.296612012089109,41.409438636837464,2318.805212402344,2366.1317718021264,2271.4786530025613,94.65311879956516,0.15757432902472157,26.362760824082212,22.449979821309597,-73.63723917591778,1707226.15,0.6556155433771912,-0.3191342850868629,0.008588851310334497,0.0005156918502418062,19.637494278118083,0.9963067519988057,1.0019324915448253,0.9933436402344907,0.0076352770278828265,0.00796703952929199,-23.2705078125,-1.0075278128245158,19.637494278118083,29.76479248250676,2285.215087890625,1105297.0,2294.248526930686,2271.1744714100378,2276.967529296875,1740682.0,2282.760494395082,2260.2756586638234,2290.419189453125,3339584.0,2344.7169112625684,2281.9752104026784,2351.786376953125,1778782.0,2356.695750752591,2335.2908330438154,2309.6640625,1643913.0,2336.3710082209473,2300.139925202615,2255.660888671875
2025-06-18 00:00:00+05:30,2285.5097848886408,2289.1426734843863,2244.0747187940665,2255.660888671875,2056563.0,0.0,0.0,2278.93125,2310.940380859375,2315.5355834960938,2309.4940966796876,2288.9486559219945,2301.051806178764,2307.775677795557,-6.723871616793076,2.3802360793157846,-9.10410769610886,34.29863367566449,2315.5355834960938,2370.6095181558608,2260.4616488363267,110.14786931953404,-0.0435846847888173,10.051147434181217,20.529051243154566,-89.94885256581878,1731516.6,1.1877235251455285,-0.3745048505183862,0.01997993356033921,-0.013441546820589068,45.067954690319766,1.0132328828179225,1.0148434478696065,0.9948635143092673,0.008212665535357704,0.007780718761360088,-65.98193359375,-2.8420363787639014,45.067954690319766,31.546186899180253,2286.3935546875,1119284.0,2290.8119909000766,2271.1744966219585,2285.215087890625,1105297.0,2294.248526930686,2271.1744714100378,2276.967529296875,1740682.0,2282.760494395082,2260.2756586638234,2333.3271484375,1977707.0,2359.346830298541,2328.319730852048,2321.642822265625,3287896.0,2324.686729845221,2299.6489239802295,2252.616943359375
2025-06-19 00:00:00+05:30,2258.410148058999,2265.9705354890243,2248.7877278228257,2252.616943359375,1214549.0,0.0,0.0,2271.37080078125,2302.8693603515626,2313.74365234375,2310.4690966796875,2288.6734156753078,2293.60028881996,2303.689687358575,-10.089398538615114,-0.113690844276252,-9.975707694338862,36.849733341714256,2313.74365234375,2374.5602263153196,2252.9270783721804,121.63314794313919,-0.0025497573486331616,7.410486763727688,14.608131673997043,-92.58951323627231,1671061.4,0.7268129106446957,-0.3207136776850722,0.007627931467377475,-0.0013494693851309192,17.18280766619864,1.0025717664588745,1.0059280350212294,0.998300103553852,0.007768097983045988,0.007673919960622955,-80.710205078125,-3.4590179577764,17.18280766619864,30.571332309793075,2255.660888671875,2056563.0,2289.1426734843863,2244.0747187940665,2286.3935546875,1119284.0,2290.8119909000766,2271.1744966219585,2285.215087890625,1105297.0,2294.248526930686,2271.1744714100378,2290.419189453125,3339584.0,2344.7169112625684,2281.9752104026784,2333.3271484375,1787978.0,2336.861993557662,2306.3255917892498,2264.399658203125
2025-06-20 00:00:00+05:30,2253.402708180384,2271.0764549112105,2250.849737766385,2264.399658203125,2685864.0,0.0,0.0,2268.8572265625,2294.660888671875,2311.14169921875,2311.58451171875,2288.4909062206298,2289.1078841086705,2300.779210451574,-11.671326342903285,-2.4252179440060013,-9.246108398897285,33.179037413456356,2311.14169921875,2375.804024691416,2246.479373746084,129.324650945332,0.13856820278305762,17.63213941671359,11.697924538207502,-82.36786058328642,1763148.7,1.523333794818327,1.692627881237669,0.008932485514008702,0.005230678424258839,20.22671714482567,0.9951435472166307,1.0029485946457808,0.9940161091317721,0.007715719158604835,0.00762445206698093,-82.084716796875,-3.498200016647246,20.22671714482567,29.18269467042283,2252.616943359375,1214549.0,2265.9705354890243,2248.7877278228257,2255.660888671875,2056563.0,2289.1426734843863,2244.0747187940665,2286.3935546875,1119284.0,2290.8119909000766,2271.1744966219585,2276.967529296875,1740682.0,2282.760494395082,2260.2756586638234,2346.484375,997488.0,2353.0628880206928,2327.1414899600004,2257.35498046875
2025-06-23 00:00:00+05:30,2265.590049100476,2268.169866753373,2241.082750343553,2257.35498046875,842856.0,21.823760000000267,0.0,2263.285205078125,2285.4141357421877,2306.4741333007814,2311.776474609375,2288.258548565765,2284.2228220092943,2297.562494008881,-13.339671999586699,-4.608108755125421,-8.731563244461277,35.38617259564623,2306.4741333007814,2372.572477468992,2240.375789132571,132.19668833642118,0.1284388553892485,13.75923283839884,12.933953006280044,-86.24076716160116,1760660.6,0.47871577293204604,-0.3484526391789874,0.011999493497560168,-0.003111057585993948,27.087116409819828,1.003648105283829,1.0047909550682972,0.992791461570737,0.007523334162371358,0.007704065590727925,-92.467529296875,-3.935085688922857,27.087116409819828,28.529554198386222,2264.399658203125,2685864.0,2271.0764549112105,2250.849737766385,2252.616943359375,1214549.0,2265.9705354890243,2248.7877278228257,2255.660888671875,2056563.0,2289.1426734843863,2244.0747187940665,2285.215087890625,1105297.0,2294.248526930686,2271.1744714100378,2349.822509765625,1293622.0,2355.517431030935,2335.1926724620143,2245.44873046875
2025-06-24 00:00:00+05:30,2277.099825042089,2283.053027199062,2242.6705210148793,2245.44873046875,2440747.0,0.0,0.0,2255.096240234375,2274.78037109375,2301.89365234375,2310.5373388671874,2287.941438802083,2278.257577155945,2293.702096535151,-15.444519379206213,-6.775390879944186,-8.669128499262026,28.70468046546729,2301.89365234375,2371.662891714237,2232.124412973263,139.53847874097391,0.09548848185611135,3.691721211426747,11.694364488846396,-96.30827878857325,1789435.05,1.363976300788341,0.37214509703831045,0.017984158638862588,-0.005274425202511868,40.3825061841826,1.0140956656653353,1.0167468961638069,0.9987627375249442,0.007334429239634248,0.007796238355842771,-106.337646484375,-4.521569115564894,40.3825061841826,29.625604221185572,2257.35498046875,842856.0,2268.169866753373,2241.082750343553,2264.399658203125,2685864.0,2271.0764549112105,2250.849737766385,2252.616943359375,1214549.0,2265.9705354890243,2248.7877278228257,2286.3935546875,1119284.0,2290.8119909000766,2271.1744966219585,2351.786376953125,1778782.0,2356.695750752591,2335.2908330438154,2260.9267578125
2025-06-25 00:00:00+05:30,2261.2244663474958,2272.6347697099336,2253.683647230803,2260.9267578125,1047270.0,0.0,0.0,2256.1494140625,2267.54033203125,2298.980578613281,2309.2906201171877,2287.7428014418656,2275.591297256591,2291.27422454819,-15.682927291598844,-8.55689816227683,-7.1260291293220135,30.185164397547524,2298.980578613281,2370.551318146565,2227.4098390799973,143.14147906656763,0.23415238511623718,16.779403751755993,11.410119267193865,-83.22059624824401,1796922.7,0.582813050333217,-0.47046251037185993,0.008382015212852825,0.006893066465391451,18.95112247913039,1.0001316754441367,1.0051784127269834,0.9967963975141306,0.008053348840308528,0.007957366366544065,-72.400390625,-3.1028821086439784,27.186039241183607,29.386292612097805,2245.44873046875,2440747.0,2283.053027199062,2242.6705210148793,2257.35498046875,842856.0,2268.169866753373,2241.082750343553,2264.399658203125,2685864.0,2271.0764549112105,2250.849737766385,2255.660888671875,2056563.0,2289.1426734843863,2244.0747187940665,2333.3271484375,1977707.0,2359.346830298541,2328.319730852048,2263.010498046875
2025-06-26 00:00:00+05:30,2271.0471751540676,2273.130892683563,2253.8823037125367,2263.010498046875,1874722.0,0.0,0.0,2258.228125,2264.799462890625,2295.940954589844,2308.176884765625,2287.5622736798587,2273.655789685643,2289.1805599887125,-15.524770303069545,-9.950472590436446,-5.574297712633099,25.680452833839055,2295.940954589844,2368.233008418791,2223.6489007608966,144.5841076578945,0.2722401370634265,18.54134214857782,13.004155703920192,-81.45865785142217,1835095.05,1.0215939495886057,-0.4386360696422069,0.00850574444424331,0.0009216310201889399,19.248588971026493,1.0035513211777536,1.0044720935432792,0.9959663490990357,0.0060508559258567905,0.00768576867896283,-27.40869140625,-1.1966670351200803,19.248588971026493,28.909663391407385,2260.9267578125,1047270.0,2272.6347697099336,2253.683647230803,2245.44873046875,2440747.0,2283.053027199062,2242.6705210148793,2257.35498046875,842856.0,2268.169866753373,2241.082750343553,2252.616943359375,1214549.0,2265.9705354890243,2248.7877278228257,2290.419189453125,3339584.0,2344.7169112625684,2281.9752104026784,2288.90673828125
2025-06-27 00:00:00+05:30,2263.0104562105053,2292.4787561982344,2261.5221557844948,2288.90673828125,1050745.0,0.0,0.0,2263.129541015625,2265.9933837890626,2295.099462890625,2307.4809228515624,2287.57201617697,2276.002089469811,2289.160276404201,-13.15818693438996,-10.592015459227543,-2.5661714751624167,34.31437016957335,2295.099462890625,2367.3031716161386,2222.8957541651116,144.40741745102696,0.4571162983267446,40.43830379934383,25.25301656655922,-59.56169620065617,1723187.7,0.60976816396728,-0.39636016228122084,0.01352462286732793,0.011443270040826237,30.95660041373958,0.9886861785857687,1.0015605781822576,0.9880359553149297,0.006968839094376279,0.007519344395644297,11.939208984375,0.5243469145149282,30.95660041373958,29.66908066603732,2263.010498046875,1874722.0,2273.130892683563,2253.8823037125367,2260.9267578125,1047270.0,2272.6347697099336,2253.683647230803,2245.44873046875,2440747.0,2283.053027199062,2242.6705210148793,2264.399658203125,2685864.0,2271.0764549112105,2250.849737766385,2276.967529296875,1740682.0,2282.760494395082,2260.2756586638234,2276.702880859375
2025-06-30 00:00:00+05:30,2291.8833514974594,2298.928070446473,2270.1542620550413,2276.702880859375,1403754.0,0.0,0.0,2266.99912109375,2265.1421630859377,2292.5038940429686,2306.375927734375,2287.493820958858,2276.1099035297525,2288.237485509271,-12.127581979518709,-10.899128763285928,-1.228453216232781,31.634722414641487,2292.5038940429686,2363.354347488879,2221.6534405970583,141.70090689182052,0.3884903877456718,30.11914566906467,29.699597205662116,-69.88085433093534,1734465.15,0.8093296080350765,0.2700242559239734,0.012638367805187995,-0.005331740790382233,28.773808391431885,1.0066677434133848,1.0097620070558828,0.9971236392506949,0.007103460417600916,0.007436602738503949,-8.51220703125,-0.37249040916788045,28.773808391431885,30.19543000051278,2288.90673828125,1050745.0,2292.4787561982344,2261.5221557844948,2263.010498046875,1874722.0,2273.130892683563,2253.8823037125367,2260.9267578125,1047270.0,2272.6347697099336,2253.683647230803,2257.35498046875,842856.0,2268.169866753373,2241.082750343553,2285.215087890625,1105297.0,2294.248526930686,2271.1744714100378,2277.595703125
2025-07-01 00:00:00+05:30,2282.060604307341,2284.6404218850275,2268.7652176811503,2277.595703125,759914.0,0.0,0.0,2273.428515625,2264.2623779296873,2290.9004760742187,2305.7600927734375,2287.4231201171874,2276.3384880828835,2287.4491888372177,-11.110700754334175,-10.941443161495593,-0.16925759283858177,35.08662816525988,2290.9004760742187,2361.567003355387,2220.2339487930503,141.33305456233666,0.40586226986730534,35.2325453862457,35.26333161821807,-64.76745461375431,1690265.2,0.4495827045365426,-0.32107132774166347,0.006970159006752396,0.0003921558114285961,15.875204203877274,1.0019603572206492,1.0030930506017208,0.9961228915949685,0.007101894109525824,0.007383264446668247,-8.7978515625,-0.38479165340817856,15.875204203877274,29.11315176889736,2276.702880859375,1403754.0,2298.928070446473,2270.1542620550413,2288.90673828125,1050745.0,2292.4787561982344,2261.5221557844948,2263.010498046875,1874722.0,2273.130892683563,2253.8823037125367,2245.44873046875,2440747.0,2283.053027199062,2242.6705210148793,2286.3935546875,1119284.0,2290.8119909000766,2271.1744966219585,2289.10546875
2025-07-02 00:00:00+05:30,2277.099747912196,2290.9905524746237,2269.7575623951902,2289.10546875,1128034.0,0.0,0.0,2279.0642578125,2267.6068359375,2289.2736083984373,2304.4377392578126,2287.435051667775,2278.3026389548636,2287.571878615327,-9.269239660463427,-10.607002461289055,1.3377628008256277,49.577452401556066,2289.2736083984373,2358.4424287298057,2220.104788067069,138.3376406627367,0.49878457050711716,83.01919381032643,49.45696162187894,-16.980806189673576,1582272.1,0.7129203630652401,-0.45149552919117963,0.009275671378753908,0.005053471785711583,21.23299007943342,0.9947552784256989,1.0008235023463785,0.9915478309676247,0.005557835620538433,0.00711778145518632,33.444580078125,1.4826953930037412,21.23299007943342,26.148243856007607,2277.595703125,759914.0,2284.6404218850275,2268.7652176811503,2276.702880859375,1403754.0,2298.928070446473,2270.1542620550413,2288.90673828125,1050745.0,2292.4787561982344,2261.5221557844948,2260.9267578125,1047270.0,2272.6347697099336,2253.683647230803,2255.660888671875,2056563.0,2289.1426734843863,2244.0747187940665,2295.356201171875
2025-07-03 00:00:00+05:30,2291.9828168641297,2308.750905945756,2286.029614742405,2295.356201171875,1060039.0,0.0,0.0,2285.5333984375,2271.88076171875,2287.3750610351562,2302.7475,2287.4908344107616,2280.9262639114577,2288.1485054457844,-7.222241534326713,-9.930050275896416,2.7078087415697034,56.20185166277473,2287.3750610351562,2353.468680452845,2221.2814416174674,132.18723883537768,0.560377538762711,80.20530535422924,66.15234818360047,-19.794694645770765,1545875.15,0.685720965240951,-0.12721594600135522,0.009898808381788788,0.0027306441346663934,22.72129120335103,0.9985303438716732,1.0058355669447046,0.9959367585629157,0.005475644709786893,0.006888536127860412,42.7392578125,1.8973158280858105,22.72129120335103,25.781920484977,2289.10546875,1128034.0,2290.9905524746237,2269.7575623951902,2277.595703125,759914.0,2284.6404218850275,2268.7652176811503,2276.702880859375,1403754.0,2298.928070446473,2270.1542620550413,2263.010498046875,1874722.0,2273.130892683563,2253.8823037125367,2252.616943359375,1214549.0,2265.9705354890243,2248.7877278228257,2321.05419921875
2025-07-04 00:00:00+05:30,2299.920284481797,2323.1376744970185,2292.2803906553454,2321.05419921875,1242346.0,0.0,0.0,2291.962890625,2277.5462158203127,2286.103552246094,2303.505517578125,2287.7255432555726,2287.0997924205326,2290.5860047337524,-3.4862123132197667,-8.641282683360826,5.155070370141059,60.814332967445836,2286.103552246094,2348.2710334495264,2223.9360710426613,124.33496240686509,0.7811007161307219,97.46087721149827,86.89512545868466,-2.539122788501731,1558118.05,0.7973375316459494,-0.5374501463960946,0.013294512403915165,0.011195647121677643,30.857283841673052,0.9908946914104519,1.0008976418038706,0.9876031293999555,0.006161386180489375,0.006733102830048865,56.654541015625,2.5019673894749683,30.857283841673052,26.17402876565578,2295.356201171875,1060039.0,2308.750905945756,2286.029614742405,2289.10546875,1128034.0,2290.9905524746237,2269.7575623951902,2277.595703125,759914.0,2284.6404218850275,2268.7652176811503,2288.90673828125,1050745.0,2292.4787561982344,2261.5221557844948,2264.399658203125,2685864.0,2271.0764549112105,2250.849737766385,2391.599609375
2025-07-07 00:00:00+05:30,2322.7410024796927,2396.858319639088,2322.7410024796927,2391.599609375,2701583.0,0.0,0.0,2314.942236328125,2290.9706787109376,2288.1924072265624,2305.5389453125,2288.4468909369575,2303.1766873371785,2298.0686090549534,5.108078282225051,-5.891410490243207,10.999488772468258,72.37771098477216,2288.1924072265624,2361.2314391649816,2215.1533752881433,146.0780638768383,1.2077366249193147,96.62417522345146,91.43011926305967,-3.375824776548543,1628516.1,1.6589231141159733,2.2052723122336437,0.030990687934910926,0.030393693598363747,74.1173171593955,0.9712081375890079,1.002198825523919,0.9712081375890079,0.010416689063143516,0.00702243832012608,134.24462890625,5.946987960146766,75.80412042033822,30.18593063295722,2321.05419921875,1242346.0,2323.1376744970185,2292.2803906553454,2295.356201171875,1060039.0,2308.750905945756,2286.029614742405,2289.10546875,1128034.0,2290.9905524746237,2269.7575623951902,2276.702880859375,1403754.0,2298.928070446473,2270.1542620550413,2257.35498046875,842856.0,2268.169866753373,2241.082750343553,2374.03759765625
2025-07-08 00:00:00+05:30,2386.6384929568344,2399.6364137173014,2367.3899041263103,2374.03759765625,1471046.0,0.0,0.0,2334.230615234375,2303.8295654296876,2289.304968261719,2307.4881982421875,2289.037171672953,2314.078365848134,2303.6960216866837,10.382344161450419,-2.6366595599040625,13.019003721354482,76.67365317225862,2289.304968261719,2366.9550250672955,2211.654911456142,155.3001136111534,1.0456057141509123,83.85479369170491,92.64661537555156,-16.14520630829508,1613129.3,0.9119206997232026,-0.3972968111811671,0.013582981846128384,-0.007343207303558419,32.24650959099108,1.00530779096044,1.0107828183034353,0.9971998364573069,0.010679223992721008,0.0073569177954347555,128.5888671875,5.726644542921999,32.24650959099108,29.270113125862313,2391.599609375,2701583.0,2396.858319639088,2322.7410024796927,2321.05419921875,1242346.0,2323.1376744970185,2292.2803906553454,2295.356201171875,1060039.0,2308.750905945756,2286.029614742405,2277.595703125,759914.0,2284.6404218850275,2268.7652176811503,2245.44873046875,2440747.0,2283.053027199062,2242.6705210148793,2404.498046875
2025-07-09 00:00:00+05:30,2380.2884570863953,2420.670959786851,2378.4033734605428,2404.498046875,1741690.0,0.0,0.0,2357.309130859375,2318.1866943359373,2292.8635131835936,2309.985791015625,2289.8279995852954,2327.9890860064693,2311.162936830266,16.826149176203216,1.2559021873177945,15.570246988885422,80.45971721310272,2292.8635131835936,2384.3063362196604,2201.420690147527,182.88564607213357,1.1104062078626753,90.99444614878378,90.49113835464671,-9.005553851216225,1601328.45,1.0876531919482229,0.6630763795391827,0.01757854882903374,0.01283065156542662,42.26758632630845,0.9899315410881416,1.0067261077349887,0.989147558905955,0.010919316365346437,0.0076435145479385475,143.5712890625,6.350107917755321,46.6333621306012,31.373724159033923,2374.03759765625,1471046.0,2399.6364137173014,2367.3899041263103,2391.599609375,2701583.0,2396.858319639088,2322.7410024796927,2321.05419921875,1242346.0,2323.1376744970185,2292.2803906553454,2289.10546875,1128034.0,2290.9905524746237,2269.7575623951902,2260.9267578125,1047270.0,2272.6347697099336,2253.683647230803,2389.615234375
2025-07-10 00:00:00+05:30,2404.4982396768783,2415.0156603181044,2378.8996643467794,2389.615234375,1053695.0,0.0,0.0,2376.1609375,2330.84716796875,2297.8233154296877,2311.7851171875,2290.5068243117557,2337.4700319095255,2316.974289085226,20.49574282429967,5.103870314714486,15.391872509585182,74.80353344791666,2297.8233154296877,2398.955256369202,2196.6913744901735,202.2638818790283,0.9538225910259747,82.70725817239327,85.852166004294,-17.292741827606726,1487034.0,0.7085883712141081,-0.43794599946018664,0.015113728541645773,-0.006189571465588184,36.11599597132499,1.0062282015480082,1.0106295045234543,0.9955157759818085,0.011518457074043914,0.00819027466275726,126.604736328125,5.594527132657712,36.11599597132499,32.50867264664102,2404.498046875,1741690.0,2420.670959786851,2378.4033734605428,2374.03759765625,1471046.0,2399.6364137173014,2367.3899041263103,2391.599609375,2701583.0,2396.858319639088,2322.7410024796927,2295.356201171875,1060039.0,2308.750905945756,2286.029614742405,2263.010498046875,1874722.0,2273.130892683563,2253.8823037125367,2499.947998046875
2025-07-11 00:00:00+05:30,2480.50077507572,2510.2667843766285,2441.8049629845386,2499.947998046875,7165280.97736001,0.0,0.0,2411.939697265625,2351.9512939453125,2308.9723388671873,2316.252578125,2291.9219673775337,2362.46664208496,2330.5280503865365,31.93859169842335,10.470814591456612,21.46777710696674,84.10051346674821,2308.9723388671873,2443.9302964977423,2174.0143812366323,269.91591526111006,1.2075376010893708,96.14389745203427,89.94853392440378,-3.8561025479657296,1762111.65,3.6632118136344864,5.860252827460991,0.02738529819243311,0.04142843398433627,68.46182139208986,0.9922209490011998,1.0041276003892141,0.976742302196781,0.01729200710119669,0.0092225914634393,211.041259765625,9.220177311553401,120.6515500016285,39.191846474627354,2389.615234375,1053695.0,2415.0156603181044,2378.8996643467794,2404.498046875,1741690.0,2420.670959786851,2378.4033734605428,2374.03759765625,1471046.0,2399.6364137173014,2367.3899041263103,2321.05419921875,1242346.0,2323.1376744970185,2292.2803906553454,2288.90673828125,1050745.0,2292.4787561982344,2261.5221557844948,2496.971435546875
2025-07-14 00:00:00+05:30,2480.5008132523167,2512.7473238245966,2470.5788099993074,2496.971435546875,2427712.0,0.0,0.0,2433.0140625,2373.9781494140625,2319.56015625,2320.07138671875,2293.298138304845,2383.1596872332675,2342.857319089853,40.3023681434147,16.437125301848543,23.865242841566154,86.17412733282363,2319.56015625,2477.8750023782336,2161.2453101217666,316.629692256467,1.0603115678524977,93.91042060193645,90.92052540878801,-6.089579398063543,1828232.4,1.3279012011820817,0.7294426231376723,0.016887863923863294,-0.0011906497664453397,42.16851382528921,0.9934037602272566,1.0063180091102109,0.9894301451863476,0.016957257321875783,0.010207971153866787,220.2685546875,9.674892430599314,42.16851382528921,39.31941844899211,2499.947998046875,7165280.97736001,2510.2667843766285,2441.8049629845386,2389.615234375,1053695.0,2415.0156603181044,2378.8996643467794,2404.498046875,1741690.0,2420.670959786851,2378.4033734605428,2391.599609375,2701583.0,2396.858319639088,2322.7410024796927,2276.702880859375,1403754.0,2298.928070446473,2270.1542620550413,2507.19091796875
2025-07-15 00:00:00+05:30,2501.0393243676117,2510.167518959921,2490.422829279717,2507.19091796875,1700294.0,0.0,0.0,2459.6447265625,2396.9376708984373,2330.6000244140623,2323.4426220703126,2294.7240901692708,2402.2414150389764,2355.030296252884,47.21111878609236,22.591923998697563,24.29784237323597,86.05469945183309,2330.6000244140623,2508.730526781071,2152.4695220470535,356.26100473401766,0.9956784245486799,97.85355091489716,95.6534526747166,-2.146449085102845,1857282.9,0.9154738893035628,1.2374821361364576,0.007875223836643628,0.004092751032867437,19.74468968020392,0.9975464199566733,1.001187225499996,0.9933120016633524,0.016778161613434834,0.011175597904257688,225.60594114843792,9.90401417161101,19.74468968020392,38.787893480350704,2496.971435546875,2427712.0,2512.7473238245966,2470.5788099993074,2499.947998046875,7165280.97736001,2510.2667843766285,2441.8049629845386,2389.615234375,1053695.0,2415.0156603181044,2378.8996643467794,2374.03759765625,1471046.0,2399.6364137173014,2367.3899041263103,2277.595703125,759914.0,2284.6404218850275,2268.7652176811503,2497.963623046875
2025-07-16 00:00:00+05:30,2506.5957173853917,2513.144094156912,2487.9423029182253,2497.963623046875,1284379.0,0.0,0.0,2478.337841796875,2417.823486328125,2342.7151611328127,2326.8453173828125,2296.0700473406455,2416.967908578816,2365.61804510981,51.34986346900632,28.3435118927595,23.00635157624682,83.69390464560004,2342.7151611328127,2531.9957546978007,2153.4345675678246,378.56118712997613,0.9101013711708351,93.96695248107936,95.24364133263767,-6.033047518920645,1818673.7,0.7062173934774556,0.13859954575837263,0.010088934444908815,-0.0036803319825962078,25.201791238686837,1.0034556525398828,1.0060771385819947,0.9959882041370858,0.01727129016994217,0.012346943359198063,208.858154296875,9.124007484501151,25.201791238686837,39.213122213755014,2507.19091796875,1700294.0,2510.167518959921,2490.422829279717,2496.971435546875,2427712.0,2512.7473238245966,2470.5788099993074,2499.947998046875,7165280.97736001,2510.2667843766285,2441.8049629845386,2404.498046875,1741690.0,2420.670959786851,2378.4033734605428,2289.10546875,1128034.0,2290.9905524746237,2269.7575623951902,2490.224365234375
2025-07-17 00:00:00+05:30,2493.3993577519996,2505.702544596446,2486.652347254296,2490.224365234375,807474.0,0.0,0.0,2498.45966796875,2437.310302734375,2354.5955322265627,2330.40546875,2297.34737837942,2428.238132679777,2374.8482195974707,53.38991308230652,33.35279213066904,20.037120951637483,80.45641201034474,2354.5955322265627,2549.799793304253,2159.3912711488724,390.4085221553805,0.8474023370674085,90.62123156752855,94.14724498783504,-9.378768432471452,1798319.95,0.4490157605158081,-0.23826010175097334,0.007649992349326783,-0.0030982267880507175,19.050197342150113,1.0012749825123994,1.0062155762260458,0.9985655838767191,0.01759794616633614,0.013559173504852987,194.8681640625,8.489669880561967,19.050197342150113,38.36266485149862,2497.963623046875,1284379.0,2513.144094156912,2487.9423029182253,2507.19091796875,1700294.0,2510.167518959921,2490.422829279717,2496.971435546875,2427712.0,2512.7473238245966,2470.5788099993074,2389.615234375,1053695.0,2415.0156603181044,2378.8996643467794,2295.356201171875,1060039.0,2308.750905945756,2286.029614742405,2470.181884765625
2025-07-18 00:00:00+05:30,2495.2843577635995,2495.2843577635995,2462.144965698126,2470.181884765625,771112.0,0.0,0.0,2492.5064453125,2452.2230712890623,2364.8846435546875,2333.996796875,2298.477015676062,2434.6910176161127,2381.91002690809,52.78099070802273,37.23843184613986,15.542558861882867,78.59240604976043,2364.8846435546875,2561.7575305670116,2168.0117565423634,392.31582834370454,0.767424435149229,82.41983513024775,89.00267305961854,-17.58016486975226,1702582.35,0.45290731458598754,-0.3793097897043175,0.013415770016715987,-0.00804846372421697,33.13939206547366,1.0101621962142906,1.0101621962142906,0.9967464261975746,0.01828705007849944,0.014771739894653992,149.127685546875,6.424997985702796,33.13939206547366,38.674492256787325,2490.224365234375,807474.0,2505.702544596446,2486.652347254296,2497.963623046875,1284379.0,2513.144094156912,2487.9423029182253,2507.19091796875,1700294.0,2510.167518959921,2490.422829279717,2499.947998046875,7165280.97736001,2510.2667843766285,2441.8049629845386,2321.05419921875,1242346.0,2323.1376744970185,2292.2803906553454,2445.674560546875
2025-07-21 00:00:00+05:30,2471.471769802211,2474.150904552474,2436.2486571651175,2445.674560546875,1169960.0,0.0,0.0,2482.2470703125,2457.63056640625,2374.3006225585937,2336.123955078125,2299.432843889509,2436.380793451626,2386.6333593465433,49.74743410508245,39.74023229792842,10.007201807154026,73.2182400097129,2374.3006225585937,2567.498695898057,2181.10254921913,386.3961466789269,0.6847170024901645,72.27885490554154,81.77330720110594,-27.72114509445846,1718937.55,0.6806297296838969,-0.5669353856609254,0.01549766596046255,-0.009921263033258465,37.90224738735651,1.0105480956753163,1.011643554079097,0.9961458881186344,0.0167908902696309,0.015409160015302731,54.074951171875,2.261036962872165,37.90224738735651,40.24785248417869,2470.181884765625,771112.0,2495.2843577635995,2462.144965698126,2490.224365234375,807474.0,2505.702544596446,2486.652347254296,2497.963623046875,1284379.0,2513.144094156912,2487.9423029182253,2496.971435546875,2427712.0,2512.7473238245966,2470.5788099993074,2391.599609375,2701583.0,2396.858319639088,2322.7410024796927,2460.359130859375
2025-07-22 00:00:00+05:30,2450.734836023488,2465.6178411005535,2433.470647028656,2460.359130859375,861632.0,0.0,0.0,2472.880712890625,2466.2627197265624,2385.046142578125,2338.986650390625,2300.471077998992,2440.069768437454,2392.0945636319466,47.975204805507474,41.38722679944425,6.587978006063224,73.45110790608791,2385.046142578125,2571.8700318264605,2198.2222533297895,373.647778496671,0.7015614506909774,76.7584332651908,77.15237443366004,-23.2415667348092,1639981.8,0.5253911964144968,-0.4142725652358934,0.013066057580247994,0.006004302677628637,32.1471940718975,0.9960882560943347,1.0021373750584703,0.9890713174782223,0.016460918197183535,0.015987329435748984,86.321533203125,3.636064285095797,32.1471940718975,41.02743848364042,2445.674560546875,1169960.0,2474.150904552474,2436.2486571651175,2470.181884765625,771112.0,2495.2843577635995,2462.144965698126,2490.224365234375,807474.0,2505.702544596446,2486.652347254296,2507.19091796875,1700294.0,2510.167518959921,2490.422829279717,2374.03759765625,1471046.0,2399.6364137173014,2367.3899041263103,2431.28759765625
2025-07-23 00:00:00+05:30,2461.6490247227266,2467.6022267172193,2422.953211758524,2431.28759765625,1320795.0,0.0,0.0,2459.5455078125,2468.9416748046874,2393.5641845703126,2341.45447265625,2301.3096454326924,2438.7186652403393,2394.99776907003,43.720896170309516,41.85396067361731,1.8669354966922072,67.51919236924363,2393.5641845703126,2571.9024475936935,2215.2259215469317,356.67652604676186,0.6057636551080228,62.938004206706836,70.65843079247973,-37.061995793293164,1653658.05,0.7987110757269316,-0.2416589634205858,0.018364349409644792,-0.011815971432174832,44.64901495869526,1.0124877974517474,1.0149363773730333,0.9965720279633885,0.016783405533366734,0.016573738352551014,26.78955078125,1.1141431707988758,44.64901495869526,42.593704466165,2460.359130859375,861632.0,2465.6178411005535,2433.470647028656,2445.674560546875,1169960.0,2474.150904552474,2436.2486571651175,2470.181884765625,771112.0,2495.2843577635995,2462.144965698126,2497.963623046875,1284379.0,2513.144094156912,2487.9423029182253,2404.498046875,1741690.0,2420.670959786851,2378.4033734605428,2418.785888671875
2025-07-24 00:00:00+05:30,2436.744568380519,2446.7658880933027,2402.1168755368553,2418.785888671875,693984.0,0.0,0.0,2445.2578125,2471.858740234375,2401.3529541015623,2343.5799658203123,2302.0579017590567,2435.652084229794,2396.759861969002,38.892222260792096,41.26161299105226,-2.3693907302601644,63.03945756033748,2401.3529541015623,2568.96787427223,2233.7380339308947,335.22984034133515,0.5520029319363761,50.44292366586265,63.379787045920104,-49.55707633413735,1594621.15,0.4352030574785742,-0.3413805702788758,0.018459266182077643,-0.005142011581199424,44.64901255644736,1.0074246669755895,1.0115677867778496,0.9931085205957719,0.0167351325852125,0.017011745903899332,29.170654296875,1.2207259929234882,44.64901255644736,43.57882794579174,2431.28759765625,1320795.0,2467.6022267172193,2422.953211758524,2460.359130859375,861632.0,2465.6178411005535,2433.470647028656,2445.674560546875,1169960.0,2474.150904552474,2436.2486571651175,2490.224365234375,807474.0,2505.702544596446,2486.652347254296,2389.615234375,1053695.0,2415.0156603181044,2378.8996643467794,2396.560546875
2025-07-25 00:00:00+05:30,2407.1772840475533,2409.657784838074,2386.638543712917,2396.560546875,769388.0,0.0,0.0,2430.533544921875,2461.5199951171876,2406.73564453125,2344.7464501953127,2302.6560197661192,2429.638001559805,2396.7450978106513,32.8929037491539,39.587871142672576,-6.694967393518674,50.759869326408754,2406.73564453125,2565.8446541955086,2247.626634866991,318.2180193285176,0.4680247596357974,20.013587768945225,44.464838547171574,-79.98641223105477,1580553.3,0.4867839635651642,-0.8937637345377497,0.009605115612527663,-0.00918863546416615,23.019241125156896,1.0044299891302129,1.0054650144266757,0.9958598988141482,0.005913807400139461,0.015957585933562148,-103.387451171875,-4.135584070254583,32.147344958958,40.46048684140744,2418.785888671875,693984.0,2446.7658880933027,2402.1168755368553,2431.28759765625,1320795.0,2467.6022267172193,2422.953211758524,2460.359130859375,861632.0,2465.6178411005535,2433.470647028656,2470.181884765625,771112.0,2495.2843577635995,2462.144965698126,2499.947998046875,7165280.97736001,2510.2667843766285,2441.8049629845386,2422.556396484375
2025-07-28 00:00:00+05:30,2396.5605543297306,2429.204090176368,2393.4848786817606,2422.556396484375,987995.0,0.0,0.0,2425.909912109375,2454.0784912109375,2414.0283203125,2346.4073193359377,2303.4101101857314,2428.5485238558895,2398.6570551310124,29.891468724877086,37.64859065911347,-7.75712193423638,57.244478597159414,2414.0283203125,2560.9458264929403,2267.1108141320597,293.8350123608807,0.5290233492031952,32.76887847685526,34.408463303887714,-67.23112152314475,1559765.35,0.6334254059432721,-0.5930345115071309,0.014744429292314223,0.010847149112619858,35.71921149460741,0.9892692520213896,1.0027440821198796,0.9879996528275655,0.007583608217057146,0.015020221023080288,-74.4150390625,-2.9802118679904677,35.71921149460741,40.708536977380035,2396.560546875,769388.0,2409.657784838074,2386.638543712917,2418.785888671875,693984.0,2446.7658880933027,2402.1168755368553,2431.28759765625,1320795.0,2467.6022267172193,2422.953211758524,2445.674560546875,1169960.0,2474.150904552474,2436.2486571651175,2496.971435546875,2427712.0,2512.7473238245966,2470.5788099993074,2434.462890625
2025-07-29 00:00:00+05:30,2425.7314790440246,2438.3323751192297,2410.7491567723273,2434.462890625,732282.0,0.0,0.0,2420.7306640625,2446.8056884765624,2421.8716796875,2349.123232421875,2304.2291900634764,2429.458426435755,2401.3093511491925,28.149075286562493,35.74868758460327,-7.599612298040775,54.73657399546164,2421.8716796875,2554.1400883048946,2289.6032710701056,264.53681723478894,0.547597196749837,41.38959534991944,31.390687198573307,-58.61040465008056,1558383.75,0.469898380293044,-0.5693203645957698,0.011330309635494576,0.004914847042530646,27.583218346902413,0.9964134135646102,1.0015894612767073,0.9902591516412129,0.007672910638108822,0.014109695925547686,-72.72802734375,-2.9007773928389935,27.583218346902413,39.34781242140155,2422.556396484375,987995.0,2429.204090176368,2393.4848786817606,2396.560546875,769388.0,2409.657784838074,2386.638543712917,2418.785888671875,693984.0,2446.7658880933027,2402.1168755368553,2460.359130859375,861632.0,2465.6178411005535,2433.470647028656,2507.19091796875,1700294.0,2510.167518959921,2490.422829279717,2418.388916015625
2025-07-30 00:00:00+05:30,2422.9531342933756,2433.768020676373,2379.7924212132107,2418.388916015625,1224146.0,0.0,0.0,2418.150927734375,2438.8482177734377,2428.3358520507813,2351.06994140625,2304.9382566842974,2427.7554248326546,2402.574509361468,25.180915471186836,33.635133161919974,-8.454217690733138,54.5312222462301,2428.3358520507813,2545.0004446143344,2311.6712594872283,233.32918512710603,0.4573695162491664,28.94339002309257,34.36728794995576,-71.05660997690744,1563189.35,0.7831079453042589,-0.04689659360671572,0.022318825192140266,-0.0066026780162783405,53.975599463162325,1.0018872970544663,1.0063592355054642,0.9840404103133241,0.00776053942165366,0.013158620850718833,-79.57470703125,-3.1855831004532154,54.67046941178933,40.67313195286329,2434.462890625,732282.0,2438.3323751192297,2410.7491567723273,2422.556396484375,987995.0,2429.204090176368,2393.4848786817606,2396.560546875,769388.0,2409.657784838074,2386.638543712917,2431.28759765625,1320795.0,2467.6022267172193,2422.953211758524,2497.963623046875,1284379.0,2513.144094156912,2487.9423029182253,2501.535400390625
2025-07-31 00:00:00+05:30,2401.224093298107,2529.1186177565537,2401.224093298107,2501.535400390625,5505507.0,0.0,0.0,2434.700830078125,2439.9793212890627,2438.644812011719,2355.3315380859376,2306.1518192997687,2439.106190303132,2409.9049739491966,29.20121635393525,32.74834980032303,-3.5471334463877753,50.273389934272046,2438.644812011719,2541.447200085917,2335.842423937521,205.604776148396,0.8058809700681011,81.52821272862028,50.62039936721076,-18.47178727137972,1785462.75,3.083518264382721,5.818184857964467,0.05112640997943714,0.034380940064837384,127.89452445844654,0.9599001049208203,1.0110265149002575,0.9599001049208203,0.014198057669826134,0.012818632001067833,11.31103515625,0.45421751205079186,127.89452445844654,41.19048727120743,2418.388916015625,1224146.0,2433.768020676373,2379.7924212132107,2434.462890625,732282.0,2438.3323751192297,2410.7491567723273,2422.556396484375,987995.0,2429.204090176368,2393.4848786817606,2418.785888671875,693984.0,2446.7658880933027,2402.1168755368553,2490.224365234375,807474.0,2505.702544596446,2486.652347254296,2533.781982421875
2025-08-01 00:00:00+05:30,2530.110889578397,2706.2264515000306,2517.112968113841,2533.781982421875,4259653.0,0.0,0.0,2462.1451171875,2446.3393310546876,2449.281201171875,2359.6784033203126,2307.5483233680025,2453.67169678296,2419.0810813537823,34.59061542917789,33.116802926094,1.4738125030838845,55.75905591451406,2449.281201171875,2544.60386176779,2353.9585405759603,190.64532119182968,0.9432355366590617,47.17325613183222,52.54828629451503,-52.82674386816778,1936328.1,2.199861170222133,4.524039309464773,0.07402790096225782,0.01289071584844037,179.5813731376389,0.9985511409943925,1.068058132181257,0.9934212910093783,0.014333639378800427,0.012423290931097931,63.60009765625,2.5747131435337467,191.9857044961406,52.7992399343586,2501.535400390625,5505507.0,2529.1186177565537,2401.224093298107,2418.388916015625,1224146.0,2433.768020676373,2379.7924212132107,2434.462890625,732282.0,2438.3323751192297,2410.7491567723273,2396.560546875,769388.0,2409.657784838074,2386.638543712917,2470.181884765625,771112.0,2495.2843577635995,2462.144965698126,2523.85986328125
2025-08-04 00:00:00+05:30,2527.1341727297113,2563.0517752650835,2515.327086013953,2523.85986328125,1293028.0,0.0,0.0,2482.405810546875,2454.157861328125,2455.8942138671873,2363.141474609375,2308.8672961723514,2464.469876244249,2426.842498219764,37.6273780244851,34.01891794577222,3.6084600787128736,52.610306036934865,2455.8942138671873,2552.707237981534,2359.0811897528406,193.62604822869343,0.8510150108201757,44.13370810067046,57.61172565370765,-55.86629189932954,1865900.35,0.6929780574830805,0.105189921022941,0.018909405369711862,-0.003915932471483252,47.72468925113071,1.001297342018112,1.0155285610560327,0.996619155686321,0.013867254166782793,0.012130927320813122,78.185302734375,3.196880893134524,47.72468925113071,54.797811332281945,2533.781982421875,4259653.0,2706.2264515000306,2517.112968113841,2501.535400390625,5505507.0,2529.1186177565537,2401.224093298107,2418.388916015625,1224146.0,2433.768020676373,2379.7924212132107,2422.556396484375,987995.0,2429.204090176368,2393.4848786817606,2445.674560546875,1169960.0,2474.150904552474,2436.2486571651175,2514.93017578125
2025-08-05 00:00:00+05:30,2517.7083852053106,2533.0874906124764,2497.6659866058358,2514.93017578125,756361.0,0.0,0.0,2498.499267578125,2459.6149658203126,2462.9388427734375,2366.6989111328126,2310.116162109375,2472.23299924995,2433.367531309616,38.86546794033393,34.98822794468456,3.8772399956493686,52.659389237844564,2462.9388427734375,2555.063267826974,2370.814417719901,184.24885010707294,0.782179959210593,41.3981821837941,44.235048805432264,-58.6018178162059,1830166.1,0.4132745109856422,-0.12217628871722497,0.014084488049707815,-0.0035381074955527225,35.42150400664059,1.0011046865041482,1.0072198087271294,0.9931353206774215,0.013983522857334445,0.011883187786828214,54.571044921875,2.2180113560419157,35.42150400664059,55.52779081570721,2523.85986328125,1293028.0,2563.0517752650835,2515.327086013953,2533.781982421875,4259653.0,2706.2264515000306,2517.112968113841,2501.535400390625,5505507.0,2529.1186177565537,2401.224093298107,2434.462890625,732282.0,2438.3323751192297,2410.7491567723273,2460.359130859375,861632.0,2465.6178411005535,2433.470647028656,2515.8232421875
2025-08-06 00:00:00+05:30,2518.898917854651,2543.1087511382634,2506.893439258159,2515.8232421875,885487.0,0.0,0.0,2517.9861328125,2468.0685302734373,2468.5051025390626,2370.631611328125,2311.355361386954,2478.939190471118,2439.475379025056,39.463811446061754,35.88334464496,3.580466801101757,54.10044933538252,2468.5051025390626,2559.2036653489336,2377.8065397291916,181.39712561974193,0.7608538557971927,41.67176469155694,42.4012183253405,-58.32823530844306,1787355.95,0.4954172670530456,-0.32958029065827776,0.014395014432180544,0.00035510584542275403,36.21531188010431,1.0012225324957553,1.0108455588187661,0.9964505443865855,0.013123226667392126,0.01151716990023075,84.53564453125,3.476990735803609,36.21531188010431,56.75387042556109,2514.93017578125,756361.0,2533.0874906124764,2497.6659866058358,2523.85986328125,1293028.0,2563.0517752650835,2515.327086013953,2533.781982421875,4259653.0,2706.2264515000306,2517.112968113841,2418.388916015625,1224146.0,2433.768020676373,2379.7924212132107,2431.28759765625,1320795.0,2467.6022267172193,2422.953211758524,2497.8642578125
2025-08-07 00:00:00+05:30,2515.922254843745,2524.1575657894737,2475.539751039598,2497.8642578125,847151.0,0.0,0.0,2517.251904296875,2475.9763671875,2473.9175537109377,2374.1128369140624,2312.472181126029,2481.8507392928714,2443.8004924874704,38.050246805401,36.3167250770482,1.7335217283528053,54.46398130424615,2473.9175537109377,2557.4287194322183,2390.406387989657,167.02233144256115,0.6433742655532118,36.17019846109365,39.74671511214823,-63.82980153890635,1777028.75,0.4767232944317868,0.22070681744824094,0.01946375372393246,-0.0071384126173287266,48.61781474987583,1.0072293748448362,1.0105263157894737,0.9910625620655412,0.013283511737666424,0.011172007815476143,79.078369140625,3.2693414291434353,48.61781474987583,57.85947204587553,2515.8232421875,885487.0,2543.1087511382634,2506.893439258159,2514.93017578125,756361.0,2533.0874906124764,2497.6659866058358,2523.85986328125,1293028.0,2563.0517752650835,2515.327086013953,2501.535400390625,5505507.0,2529.1186177565537,2401.224093298107,2418.785888671875,693984.0,2446.7658880933027,2402.1168755368553,2479.11181640625
2025-08-08 00:00:00+05:30,2496.3760050794067,2510.16749263262,2467.2054125664436,2479.11181640625,839794.0,0.0,0.0,2506.31787109375,2484.231494140625,2472.8757446289064,2377.580341796875,2313.4640837169827,2481.4293665410833,2446.4161524554806,35.01321408560261,36.05602287875908,-1.0428087931564676,55.49396726219845,2472.8757446289064,2555.5351400065742,2390.2163492512386,165.3187907553356,0.5377214940228584,30.425564119578077,36.089175757409556,-69.57443588042192,1456906.7,0.576422635711676,0.0915090955408715,0.01732962578850307,-0.007507390102403866,42.96208006617644,1.0069638604273135,1.0125269364700897,0.9951973106815867,0.013117479791526474,0.011892375054614846,82.55126953125,3.444572666394463,42.96208006617644,58.220888665791236,2497.8642578125,847151.0,2524.1575657894737,2475.539751039598,2515.8232421875,885487.0,2543.1087511382634,2506.893439258159,2514.93017578125,756361.0,2533.0874906124764,2497.6659866058358,2533.781982421875,4259653.0,2706.2264515000306,2517.112968113841,2396.560546875,769388.0,2409.657784838074,2386.638543712917,2498.757080078125
2025-08-11 00:00:00+05:30,2470.678006035155,2504.8095986608714,2459.168385930271,2498.757080078125,992436.0,0.0,0.0,2501.297314453125,2491.8515625,2472.9650268554688,2380.9831982421874,2314.560491979475,2484.0951686237063,2450.2932669128154,33.80190171089089,35.605198645185446,-1.8032969342945577,56.20784547762494,2472.9650268554688,2555.737786279224,2390.1922674317134,165.54551884751072,0.6558003708116928,36.44370617866848,34.346489586446744,-63.55629382133152,1385142.9,0.7164863639701001,0.004494962019038651,0.018265566146659314,0.007924315289801198,45.64121273060027,0.9887627835987594,1.002422211679159,0.9841566455324997,0.012966498453820415,0.012430664078291171,76.20068359375,3.1454658271044877,45.64121273060027,59.18474714141286,2479.11181640625,839794.0,2510.16749263262,2467.2054125664436,2497.8642578125,847151.0,2524.1575657894737,2475.539751039598,2515.8232421875,885487.0,2543.1087511382634,2506.893439258159,2523.85986328125,1293028.0,2563.0517752650835,2515.327086013953,2422.556396484375,987995.0,2429.204090176368,2393.4848786817606,2464.42724609375
2025-08-12 00:00:00+05:30,2498.3604491802103,2516.815472347512,2460.7561532932295,2464.42724609375,1406211.0,0.0,0.0,2491.196728515625,2494.847998046875,2470.8268432617188,2384.0784619140627,2315.4420611213236,2481.0693343883268,2451.3402305107993,29.72910387752745,34.42997969165385,-4.700875814126398,55.26815834126365,2470.8268432617188,2552.072230607624,2389.5814559158134,162.49077469181066,0.46061562768651576,25.92708389078653,30.932118063011032,-74.07291610921347,1370438.75,1.026102771831284,0.920313485788262,0.02274740272537535,-0.013738764067174447,56.05931905428224,1.013769204645926,1.0212577694621743,0.9985103667367988,0.013989970098209561,0.013062370024301245,29.96435546875,1.2308405104116016,56.05931905428224,59.99976886252622,2498.757080078125,992436.0,2504.8095986608714,2459.168385930271,2479.11181640625,839794.0,2510.16749263262,2467.2054125664436,2497.8642578125,847151.0,2524.1575657894737,2475.539751039598,2514.93017578125,756361.0,2533.0874906124764,2497.6659866058358,2434.462890625,732282.0,2438.3323751192297,2410.7491567723273,2475.63916015625
2025-08-13 00:00:00+05:30,2465.6178398482184,2481.9891454246754,2454.108219033236,2475.63916015625,969803.0,0.0,0.0,2483.159912109375,2500.5730224609374,2469.7106201171873,2387.158388671875,2316.3788862618785,2480.233922968007,2453.1401546909856,27.093768277021354,32.96273740872735,-5.868969131705995,59.07509062581107,2469.7106201171873,2549.9939290966704,2389.4273111377042,160.56661795896616,0.5369226188757227,29.361748485237268,30.577512851564098,-70.63825151476273,1354709.95,0.7158750107356929,-0.20777178539161179,0.011262112362804848,0.004549500935875361,27.880926391439516,0.9959520270686787,1.0025649882142051,0.9913028758514002,0.013731141865916766,0.013659430268727558,57.250244140625,2.367288559813052,27.880926391439516,58.80204842216852,2464.42724609375,1406211.0,2516.815472347512,2460.7561532932295,2498.757080078125,992436.0,2504.8095986608714,2459.168385930271,2479.11181640625,839794.0,2510.16749263262,2467.2054125664436,2515.8232421875,885487.0,2543.1087511382634,2506.893439258159,2418.388916015625,1224146.0,2433.768020676373,2379.7924212132107,2461.252197265625
2025-08-14 00:00:00+05:30,2479.4092692334916,2489.430589305409,2453.909769595819,2461.252197265625,1104362.0,0.0,0.0,2475.8375,2496.5447021484374,2468.26201171875,2389.7168896484377,2317.2211729537607,2477.313657475332,2453.741047804852,23.572609670480233,31.084711861077928,-7.512102190597695,60.59131021482641,2468.26201171875,2548.030700907672,2388.4933225298278,159.5373783778441,0.4560616168800081,24.954437495637332,26.747756623887046,-75.04556250436266,1369554.35,0.8063659540054032,-0.7994077566334944,0.014432011375775477,-0.005811413521878972,35.52081970958989,1.0073771684137198,1.0114488032031375,0.997016791827362,0.008042307687436707,0.013043855270488614,-40.283203125,-1.610339118875137,35.52081970958989,59.04301090435651,2475.63916015625,969803.0,2481.9891454246754,2454.108219033236,2464.42724609375,1406211.0,2516.815472347512,2460.7561532932295,2498.757080078125,992436.0,2504.8095986608714,2459.168385930271,2497.8642578125,847151.0,2524.1575657894737,2475.539751039598,2501.535400390625,5505507.0,2529.1186177565537,2401.224093298107,2548.06982421875
2025-08-18 00:00:00+05:30,2519.1966970429903,2576.744317534717,2501.6347992367637,2548.06982421875,3089136.0,0.0,0.0,2489.6291015625,2497.973486328125,2472.1564086914063,2393.7485986328124,2318.5555582211887,2488.199221589707,2460.7283761108233,27.470845478883803,30.36193858463911,-2.8910931057553064,67.1362754267711,2472.1564086914063,2559.5595670093508,2384.753250373462,174.80631663588883,0.934271581189293,51.55020230509761,35.288796095324074,-48.44979769490238,1485455.55,2.079588312151111,-0.27479163208834145,0.029477025152158977,0.03527376310707897,75.1095182979534,0.988668627954647,1.011253417407727,0.981776392255568,0.013668252935873988,0.01297731662619597,14.287841796875,0.5638938904766411,115.49212026909208,64.7410758168197,2461.252197265625,1104362.0,2489.430589305409,2453.909769595819,2475.63916015625,969803.0,2481.9891454246754,2454.108219033236,2464.42724609375,1406211.0,2516.815472347512,2460.7561532932295,2479.11181640625,839794.0,2510.16749263262,2467.2054125664436,2533.781982421875,4259653.0,2706.2264515000306,2517.112968113841,2584.4833984375
2025-08-19 00:00:00+05:30,2552.13757165593,2594.603793083701,2538.445159023351,2584.4833984375,1400717.0,0.0,0.0,2506.774365234375,2504.03583984375,2479.0968505859373,2398.44181640625,2320.083879141972,2503.0121718739865,2469.8954288135637,33.11674306042278,30.912899479795843,2.203843580626934,69.19753765252209,2479.0968505859373,2578.8221596991643,2379.3715414727103,199.45061822645403,1.0283841623990755,62.70515884769685,46.40326621614394,-37.29484115230314,1496993.4,0.9356868240033658,0.08328435269769874,0.02172915256267526,0.01429065007271313,56.15863406034987,0.9874846064783681,1.0039158288470027,0.9821866762843274,0.014195594924020732,0.013010150701919765,60.62353515625,2.4020166903178986,56.15863406034987,66.78217693920881,2548.06982421875,3089136.0,2576.744317534717,2501.6347992367637,2461.252197265625,1104362.0,2489.430589305409,2453.909769595819,2475.63916015625,969803.0,2481.9891454246754,2454.108219033236,2498.757080078125,992436.0,2504.8095986608714,2459.168385930271,2523.85986328125,1293028.0,2563.0517752650835,2515.327086013953,2648.9765625
2025-08-20 00:00:00+05:30,2578.7287287523454,2659.096957697686,2568.3106250001715,2648.9765625,3156954.0,0.0,0.0,2543.684228515625,2517.440478515625,2488.527722167969,2404.3856201171875,2321.963265904018,2525.468231970301,2483.1607167496363,42.307515220664754,33.19182262796963,9.115692592695126,76.25399652758668,2488.527722167969,2613.316883027167,2363.738561308771,249.57832171839618,1.1428797149820906,81.22968971861883,65.16168362380444,-18.77031028138116,1611759.5,1.9587004140506075,3.1738720002750007,0.03427222950279099,0.024953986588379884,90.78633269751435,0.9734811418333738,1.0038204925407626,0.9695482630379715,0.01564224627602694,0.013176023043789013,134.04638671875,5.330024189522842,90.78633269751435,68.25070985331502,2584.4833984375,1400717.0,2594.603793083701,2538.445159023351,2548.06982421875,3089136.0,2576.744317534717,2501.6347992367637,2461.252197265625,1104362.0,2489.430589305409,2453.909769595819,2464.42724609375,1406211.0,2516.815472347512,2460.7561532932295,2514.93017578125,756361.0,2533.0874906124764,2497.6659866058358,2627.346435546875
2025-08-21 00:00:00+05:30,2646.2975584682295,2646.2975584682295,2606.807937462502,2627.346435546875,2235686.0,0.0,0.0,2574.02568359375,2528.5927978515624,2498.3306640625,2410.266005859375,2323.698397549716,2541.141801751315,2493.84115436038,47.300647390934955,36.01358758056269,11.287059810372263,66.65791729647047,2498.3306640625,2634.4736536046757,2362.1876745203244,272.2859790843513,0.9738245131762998,68.73769290327729,70.890847156531,-31.262307096722708,1657504.05,1.348826870136456,1.5248095116020903,0.01503022991998678,-0.008165465583701237,39.48962100572726,1.0072130278158045,1.0072130278158045,0.9921827978958178,0.01616575080478285,0.013480275457528085,111.523193359375,4.432870779204889,42.168625037497804,63.23860292954997,2648.9765625,3156954.0,2659.096957697686,2568.3106250001715,2584.4833984375,1400717.0,2594.603793083701,2538.445159023351,2548.06982421875,3089136.0,2576.744317534717,2501.6347992367637,2475.63916015625,969803.0,2481.9891454246754,2454.108219033236,2515.8232421875,885487.0,2543.1087511382634,2506.893439258159,2609.387451171875
2025-08-22 00:00:00+05:30,2626.3541730605166,2637.76447641911,2598.5725648830726,2609.387451171875,1223445.0,0.0,0.0,2603.652734375,2539.7451171875,2507.8607421875,2416.64537109375,2325.3124599995585,2551.641132431403,2502.400149694656,49.2409827367469,38.65906661179954,10.581916124947362,60.40412402167369,2507.8607421875,2647.205547764981,2368.515936610019,278.6896111549622,0.8643003001210631,75.77358168136104,75.24698810108573,-24.22641831863896,1683977.1,0.7265211623127179,0.44418763597044686,0.015019583051354198,-0.006835407821375483,39.19191153603742,1.0065021857451724,1.0108749757474655,0.9958553926961113,0.01614185556062982,0.013766109839824426,111.523193359375,4.464741949470108,39.19191153603742,51.41723581716652,2627.346435546875,2235686.0,2646.2975584682295,2606.807937462502,2648.9765625,3156954.0,2659.096957697686,2568.3106250001715,2584.4833984375,1400717.0,2594.603793083701,2538.445159023351,2461.252197265625,1104362.0,2489.430589305409,2453.909769595819,2497.8642578125,847151.0,2524.1575657894737,2475.539751039598,2611.074462890625
2025-08-25 00:00:00+05:30,2622.385449660888,2622.385449660888,2594.8022322765755,2611.074462890625,667598.0,0.0,0.0,2616.253662109375,2552.9413818359376,2518.5864379882814,2423.327509765625,2326.9178645101824,2560.7847217328235,2510.4501078643793,50.334613868444194,40.99417606312847,9.340437805315723,62.27998831233565,2518.5864379882814,2654.848691442757,2382.3241845338057,272.5245069089515,0.839375074746005,76.59576348245501,73.70234602236445,-23.40423651754499,1678887.6,0.3976430584155842,-0.20504552306875257,0.01056393365119735,0.0006465163760913661,27.58321738431232,1.0043319280744452,1.0043319280744452,0.9937679944232478,0.01566725816969655,0.014021087677641434,131.962646484375,5.322980819625545,27.58321738431232,49.97855925525092,2609.387451171875,1223445.0,2637.76447641911,2598.5725648830726,2627.346435546875,2235686.0,2646.2975584682295,2606.807937462502,2648.9765625,3156954.0,2659.096957697686,2568.3106250001715,2548.06982421875,3089136.0,2576.744317534717,2501.6347992367637,2479.11181640625,839794.0,2510.16749263262,2467.2054125664436,2664.8617461054696
2025-08-26 00:00:00+05:30,2604.1290122069813,2683.901819675416,2604.1290122069813,2664.8617461054696,4348648.0,0.0,0.0,2633.676708984375,2570.225537109375,2531.0385498046876,2431.0551806640624,2328.843455394553,2577.8330157450832,2522.3870480560036,55.44596768907968,43.88453438831872,11.56143330076096,69.26078844750086,2531.0385498046876,2675.614167806772,2386.462931802603,289.1512360041688,0.9861126825886571,94.65060341926689,82.33998286102765,-5.3493965807331065,1846920.25,2.354540213634021,3.381791873732916,0.029859577890431303,0.023179794671527976,79.77280746843462,0.9747455999651824,1.0046051778556138,0.9747455999651824,0.01666142032213684,0.014390579864473074,172.841552734375,6.917101070463838,79.77280746843462,53.14650950252193,2611.074462890625,667598.0,2622.385449660888,2594.8022322765755,2609.387451171875,1223445.0,2637.76447641911,2598.5725648830726,2627.346435546875,2235686.0,2646.2975584682295,2606.807937462502,2584.4833984375,1400717.0,2594.603793083701,2538.445159023351,2498.757080078125,992436.0,2504.8095986608714,2459.168385930271,2633.696533203125
2025-08-28 00:00:00+05:30,2726.5665836002318,2726.5665836002318,2626.1559558246827,2633.696533203125,3198743.0,0.0,0.0,2630.620703125,2587.1524658203125,2541.0002319335936,2438.001240234375,2330.537083604601,2586.427403046321,2530.6322030458095,55.79520000051161,46.2666675107573,9.528532489754312,63.28263028592337,2541.0002319335936,2685.0120155639956,2396.9884483031915,288.02356726080416,0.8218358211138859,65.93884853521259,79.06173847897816,-34.061151464787415,1970243.3,1.623526901474554,1.2747247745893042,0.03812535974045149,-0.014187048587262496,100.41062777554907,1.035262244235921,1.035262244235921,0.9971368844954694,0.016723411381737004,0.01466392399282582,169.269287109375,6.868504127183139,100.41062777554907,57.73188920933941,2664.8617461054696,4348648.0,2683.901819675416,2604.1290122069813,2611.074462890625,667598.0,2622.385449660888,2594.8022322765755,2609.387451171875,1223445.0,2637.76447641911,2598.5725648830726,2648.9765625,3156954.0,2659.096957697686,2568.3106250001715,2464.42724609375,1406211.0,2516.815472347512,2460.7561532932295,2639.054443359375
2025-08-29 00:00:00+05:30,2644.0154449288766,2701.7614547505946,2620.797812241766,2639.054443359375,1972773.0,0.0,0.0,2632.9623046875,2603.493994140625,2552.0335083007812,2445.669111328125,2332.241599404351,2594.5238707867916,2538.6634872689137,55.83260073837194,48.185410712181415,7.67497280569642,66.37515141596222,2552.0335083007812,2690.1856368862045,2413.881379715358,276.30425717084654,0.8149460524047818,67.90392326690929,76.16445840712959,-32.09607673309071,2007674.65,0.9826158835048299,1.0341997292233578,0.030679034573370137,0.0020343688381339042,80.96364250882834,1.0018798405550082,1.0237611662574861,0.993082131684116,0.016779661695509786,0.014968775975785123,163.415283203125,6.600933037139822,80.96364250882834,60.04230547783602,2633.696533203125,3198743.0,2726.5665836002318,2626.1559558246827,2664.8617461054696,4348648.0,2683.901819675416,2604.1290122069813,2611.074462890625,667598.0,2622.385449660888,2594.8022322765755,2627.346435546875,2235686.0,2646.2975584682295,2606.807937462502,2475.63916015625,969803.0,2481.9891454246754,2454.108219033236,2628.834716796875
2025-09-01 00:00:00+05:30,2639.054428419475,2652.4491325813005,2618.714322099665,2628.834716796875,1096729.0,0.0,0.0,2636.8517578125,2620.25224609375,2558.398474121094,2453.193466796875,2333.8712319174965,2599.802462480651,2545.3428431201505,54.459619360500255,49.44025244184519,5.0193669186550665,67.71540042325267,2558.398474121094,2698.4711330343016,2418.325815207886,280.1453178264155,0.7514275206249389,64.15572185121513,65.99949788444569,-35.84427814878487,1787235.75,0.6136454018447203,-0.006911682944541697,0.012832609926401166,-0.0038724955402931194,33.73481048163558,1.0038875443774768,1.0089828453776655,0.9961502354512644,0.016631656500402457,0.015827710857081696,167.58251953125,6.808831688090677,33.73481048163558,59.38321479322595,2639.054443359375,1972773.0,2701.7614547505946,2620.797812241766,2633.696533203125,3198743.0,2726.5665836002318,2626.1559558246827,2664.8617461054696,4348648.0,2683.901819675416,2604.1290122069813,2609.387451171875,1223445.0,2637.76447641911,2598.5725648830726,2461.252197265625,1104362.0,2489.430589305409,2453.909769595819,2656.120361328125
2025-09-02 00:00:00+05:30,2628.338751273143,2671.400149963799,2624.469266767194,2656.120361328125,1525106.0,0.0,0.0,2644.50725333125,2631.0572998046873,2564.5153930664064,2461.027880859375,2335.632156121926,2608.466754611032,2553.548591484012,54.91816312701985,50.53583457888013,4.382328548139725,68.28875208832716,2564.5153930664064,2710.6169605203563,2418.4138256124565,292.20313490789977,0.8134975546740516,74.1630435573979,68.74089622517411,-25.836956442602098,1650508.4,0.9240219559015878,-0.5063001434705368,0.017668959539596473,0.010379368606519446,46.93088319660501,0.9895405304445275,1.0057526717757752,0.9880837122361786,0.013442053782921584,0.015805090941786455,108.050537109375,4.240485723051313,46.93088319660501,59.47533411222629,2628.834716796875,1096729.0,2652.4491325813005,2618.714322099665,2639.054443359375,1972773.0,2701.7614547505946,2620.797812241766,2633.696533203125,3198743.0,2726.5665836002318,2626.1559558246827,2611.074462890625,667598.0,2622.385449660888,2594.8022322765755,2548.06982421875,3089136.0,2576.744317534717,2501.6347992367637,2643.916015625
2025-09-03 00:00:00+05:30,2660.0889285014373,2665.9428132100716,2636.356895411931,2643.916015625,1010692.0,0.0,0.0,2640.3244140625,2636.863323212891,2570.518200683594,2468.7591015625,2337.307611880095,2613.9204870747194,2560.242479492941,53.678007581778274,51.164269179459765,2.513738402318509,71.9911459423888,2570.518200683594,2719.4249788928805,2421.6114224743073,297.81355641857317,0.7464555872609318,69.6869604095447,69.33524193938591,-30.31303959045531,1636391.6,0.6176345564228024,-0.27844668123539584,0.010732860749686879,-0.004594801455843123,28.376782429570085,1.0061170297319804,1.0083311260474606,0.9975982652977736,0.013197908386718443,0.01570532228805623,59.4326171875,2.2995936914677495,28.376782429570085,57.498010067604,2656.120361328125,1525106.0,2671.400149963799,2624.469266767194,2628.834716796875,1096729.0,2652.4491325813005,2618.714322099665,2639.054443359375,1972773.0,2701.7614547505946,2620.797812241766,2664.8617461054696,4348648.0,2683.901819675416,2604.1290122069813,2584.4833984375,1400717.0,2594.603793083701,2538.445159023351,2645.801513671875
2025-09-04 00:00:00+05:30,2727.6872442754457,2727.6872442754457,2634.787993044382,2645.801513671875,2494678.0,0.0,0.0,2642.74541015625,2636.683056640625,2577.061767578125,2476.7661572265624,2338.975146484375,2618.4292770239613,2566.5801898830987,52.24507051426008,51.288296752795056,0.8646410678402461,71.33607085809585,2577.061767578125,2727.1803306730926,2426.9432044831574,300.2371261899352,0.7289515189745855,69.86998868254871,71.23999754983043,-30.130011317451288,1723307.45,1.4476105235893921,-0.20978322775688207,0.035438384661824245,0.0007131459682274688,93.76293178034075,1.0312757441271576,1.0312757441271576,0.9958373594653332,0.010545291234770873,0.015195626783930622,-3.175048828125,-0.11985945338559567,93.76293178034075,62.203867595382654,2643.916015625,1010692.0,2665.9428132100716,2636.356895411931,2656.120361328125,1525106.0,2671.400149963799,2624.469266767194,2628.834716796875,1096729.0,2652.4491325813005,2618.714322099665,2633.696533203125,3198743.0,2726.5665836002318,2626.1559558246827,2648.9765625,3156954.0,2659.096957697686,2568.3106250001715,2612.860107421875
2025-09-05 00:00:00+05:30,2646.793550617698,2652.0520182863465,2603.335130123233,2612.860107421875,944879.0,0.0,0.0,2637.50654296875,2635.234423828125,2581.913610839844,2483.80482421875,2340.4476462743614,2617.907544554977,2570.0083340038573,47.89921055111972,50.68418566735982,-2.7849751162400977,68.16441122580072,2581.913610839844,2729.956688258396,2433.870533421292,296.086154837104,0.6045185533888162,49.016044098636485,62.85766439690997,-50.983955901363515,1726277.05,0.5473507279726623,-0.5773650682609275,0.01864504265832393,-0.012450445008735156,48.71688816311371,1.0129870876360485,1.0149996208190197,0.996354578160696,0.010988526949875203,0.014677904398439856,-14.486328125,-0.5513672627639132,48.71688816311371,63.1464439134915,2645.801513671875,2494678.0,2727.6872442754457,2634.787993044382,2643.916015625,1010692.0,2665.9428132100716,2636.356895411931,2656.120361328125,1525106.0,2671.400149963799,2624.469266767194,2639.054443359375,1972773.0,2701.7614547505946,2620.797812241766,2627.346435546875,2235686.0,2646.2975584682295,2606.807937462502,2603.434326171875
2025-09-08 00:00:00+05:30,2609.486845026385,2623.9730666119685,2598.3742498750744,2603.434326171875,903410.0,0.0,0.0,2632.42646484375,2634.639111328125,2587.1921142578126,2490.61330078125,2341.8539921561664,2615.6808955729607,2572.4843348152913,43.19656075766943,49.18666068542175,-5.990099927752318,58.1435284637279,2587.1921142578126,2730.012707600488,2444.329522091475,285.72518433267487,0.556845573315481,34.18579487821878,51.02394255313467,-65.81420512178121,1729090.0,0.5224771411551741,-0.26158511416532826,0.009832710769599093,-0.003607457292958749,25.59881673689415,1.002324821023394,1.0078890948903996,0.9980563841208006,0.010827937439465862,0.014146512586323462,-5.953125,-0.22814262394519336,25.59881673689415,56.72549366119165,2612.860107421875,944879.0,2652.0520182863465,2603.335130123233,2645.801513671875,2494678.0,2727.6872442754457,2634.787993044382,2643.916015625,1010692.0,2665.9428132100716,2636.356895411931,2628.834716796875,1096729.0,2652.4491325813005,2618.714322099665,2609.387451171875,1223445.0,2637.76447641911,2598.5725648830726,2621.393310546875
2025-09-09 00:00:00+05:30,2616.4323088236597,2625.560503547093,2590.9328084136164,2621.393310546875,1610956.0,0.0,0.0,2625.4810546875,2635.67099609375,2594.306188964844,2497.2630322265627,2343.340903424202,2616.55972864587,2576.1072237918565,40.45250485401357,47.43982951914012,-6.98732466512655,55.74071528546183,2594.306188964844,2728.4093236724893,2460.2030542571983,268.206269415291,0.6009936182367512,33.1269260010274,38.776254992627564,-66.8730739989726,1767648.1,0.9113556029619243,1.413062951057373,0.013209652666067358,0.0068981899003410785,34.627695133476664,0.9981074943224829,1.0015896862876135,0.9883800336215461,0.01105871283735923,0.013685658053089727,10.31884765625,0.3951954570007299,34.627695133476664,55.187569452129274,2603.434326171875,903410.0,2623.9730666119685,2598.3742498750744,2612.860107421875,944879.0,2652.0520182863465,2603.335130123233,2645.801513671875,2494678.0,2727.6872442754457,2634.787993044382,2656.120361328125,1525106.0,2671.400149963799,2624.469266767194,2611.074462890625,667598.0,2622.385449660888,2594.8022322765755,2622.881591796875
2025-09-10 00:00:00+05:30,2621.393291290843,2632.2081780734443,2598.5726835316877,2622.881591796875,1031486.0,0.0,0.0,2621.274169921875,2630.7992919921876,2600.512414550781,2504.1866064453125,2344.819954685433,2617.532322976794,2579.5719934617214,37.96032951507277,45.54392951832666,-7.583600003253885,44.95203047531248,2600.512414550781,2727.2852472082354,2473.739581893327,253.54566531490855,0.588225437489972,23.215536018396076,30.176085632547423,-76.78446398160392,1769600.6,0.5828919813883426,-0.7628030597095925,0.01282387075609984,0.0005677443533604887,33.63549454175654,0.9994325704558351,1.0035558548680727,0.9907319841119729,0.007694605668914197,0.012788976587767464,-48.717041015625,-1.8235164675293514,33.63549454175654,51.105366726718,2621.393310546875,1610956.0,2625.560503547093,2590.9328084136164,2603.434326171875,903410.0,2623.9730666119685,2598.3742498750744,2612.860107421875,944879.0,2652.0520182863465,2603.335130123233,2643.916015625,1010692.0,2665.9428132100716,2636.356895411931,2664.8617461054696,4348648.0,2683.901819675416,2604.1290122069813,2601.54931640625
2025-09-11 00:00:00+05:30,2623.1793324727764,2636.9708204363524,2593.6117136101975,2601.54931640625,1212707.0,0.0,0.0,2612.42373046875,2627.5845703125,2607.368518066406,2510.6656787109373,2346.171161852385,2615.0733988890183,2580.5423861734716,33.87345485323476,43.20983458530828,-9.336379732073517,45.00389135230876,2607.368518066406,2716.7983289841713,2497.938707148641,218.85962183553056,0.47341125964053293,7.7144697729468605,21.352310597456782,-92.28553022705314,1759925.4,0.6890672752379163,-0.6208801394797894,0.01666664804419338,-0.00813314465179904,43.35910682615486,1.0083142825431446,1.013615542018259,0.9969488939740656,0.006798790616361903,0.011796514511229955,-32.147216796875,-1.2206120329959713,43.35910682615486,51.19040114019351,2622.881591796875,1031486.0,2632.2081780734443,2598.5726835316877,2621.393310546875,1610956.0,2625.560503547093,2590.9328084136164,2603.434326171875,903410.0,2623.9730666119685,2598.3742498750744,2645.801513671875,2494678.0,2727.6872442754457,2634.787993044382,2633.696533203125,3198743.0,2726.5665836002318,2626.1559558246827,2560.372802734375
2025-09-12 00:00:00+05:30,2604.5257148528326,2608.395199020342,2548.9624996026387,2560.372802734375,1368380.0,0.0,0.0,2601.92626953125,2619.71640625,2611.6052001953126,2516.091025390625,2347.292636411976,2606.657922557534,2579.6571921909504,27.000730366583866,39.9680137415634,-12.96728337497953,41.290609176693515,2611.6052001953126,2704.9384240683444,2518.271976322281,186.66644774606357,0.2255404060046566,6.353584936014687,12.427863575785878,-93.64641506398532,1779854.25,0.7688157611781976,-0.3063672302895467,0.02321251786233294,-0.01582768906674259,59.432699417703134,1.0172447200155008,1.0187560171841699,0.9955434993218368,0.00807864628474525,0.0109264129701535,-78.681640625,-2.981433021322688,59.432699417703134,52.63617170316963,2601.54931640625,1212707.0,2636.9708204363524,2593.6117136101975,2622.881591796875,1031486.0,2632.2081780734443,2598.5726835316877,2621.393310546875,1610956.0,2625.560503547093,2590.9328084136164,2612.860107421875,944879.0,2652.0520182863465,2603.335130123233,2639.054443359375,1972773.0,2701.7614547505946,2620.797812241766,2560.868896484375
2025-09-15 00:00:00+05:30,2560.37279634945,2573.1720829359647,2548.3670761897,2560.868896484375,752745.0,0.0,0.0,2593.41318359375,2612.91982421875,2616.58603515625,2521.401279296875,2348.40501276652,2599.6134570078175,2578.2654660507114,21.34799095710605,36.24400918467193,-14.896018227565882,41.0410788938515,2616.58603515625,2682.838587693604,2550.333482618896,132.5051050747079,0.07950949406469186,6.938368998876451,7.002141235946005,-93.06163100112354,1762273.4,0.42714427852114206,-0.31364539462346674,0.009686168151879032,0.00019375840481905549,24.805006746264553,0.9998062766369624,1.0048043015667376,0.9951181334148587,0.008131606661634533,0.010076407986276707,-67.9658203125,-2.5853972438143025,24.805006746264553,52.43772808616622,2560.372802734375,1368380.0,2608.395199020342,2548.9624996026387,2601.54931640625,1212707.0,2636.9708204363524,2593.6117136101975,2622.881591796875,1031486.0,2632.2081780734443,2598.5726835316877,2603.434326171875,903410.0,2623.9730666119685,2598.3742498750744,2628.834716796875,1096729.0,2652.4491325813005,2618.714322099665,2560.769775390625
2025-09-16 00:00:00+05:30,2568.01288636171,2569.7988954313,2552.534706310226,2560.769775390625,1040928.0,0.0,0.0,2581.2884765625,2603.384765625,2616.9489489609373,2526.1955908203126,2349.505348324158,2593.6375059897878,2576.9694885057793,16.668017484008487,32.32881084453924,-15.660793360530754,24.785684847582687,2616.9489489609373,2680.902100981718,2552.166051113848,127.36213653374853,0.05676577937069894,6.8833579118667725,6.725103948919308,-93.11664208813323,1659863.0,0.6271168162673666,-0.3174717036061756,0.0067417966609047,-3.8706039924951696e-05,17.264189121074196,1.0028284897145743,1.0035259397886707,0.996784143127766,0.006852726674383767,0.009417475275422926,-95.3505859375,-3.589844320527036,17.264189121074196,47.97282677564048,2560.868896484375,752745.0,2573.1720829359647,2548.3670761897,2560.372802734375,1368380.0,2608.395199020342,2548.9624996026387,2601.54931640625,1212707.0,2636.9708204363524,2593.6117136101975,2621.393310546875,1610956.0,2625.560503547093,2590.9328084136164,2656.120361328125,1525106.0,2671.400149963799,2624.469266767194,2549.656982421875
2025-09-17 00:00:00+05:30,2566.8220955202946,2570.8902135171456,2546.4819900088273,2549.656982421875,970247.0,0.0,0.0,2566.6435546875,2593.9588623046875,2615.4797119140626,2529.35673828125,2350.53705777827,2586.8712715947245,2574.9463392435046,11.924932351219923,28.248035145875377,-16.210437013376993,28.226332888025254,2615.4797119140626,2684.602146227065,2546.35727760106,138.24486862600497,0.02386855189353621,1.7438408239484502,5.188522578230563,-98.25615917605155,1638339.5,0.5922136407014541,-0.04001713677361651,0.009573140103392797,-0.004339629854876237,24.408223508318315,1.0067323225111304,1.008327877530844,0.9987547374274512,0.006849200571631713,0.008782604493914253,-94.259033203125,-3.565129627646013,24.408223508318315,42.54408361369542,2560.769775390625,1040928.0,2569.7988954313,2552.534706310226,2560.868896484375,752745.0,2573.1720829359647,2548.3670761897,2560.372802734375,1368380.0,2608.395199020342,2548.9624996026387,2622.881591796875,1031486.0,2632.2081780734443,2598.5726835316877,2643.916015625,1010692.0,2665.9428132100716,2636.356895411931,2566.623779296875
2025-09-18 00:00:00+05:30,2550.847649216938,2589.5434608386845,2550.847649216938,2566.623779296875,1550153.0,0.0,0.0,2559.658447265625,2586.0410888671877,2611.3620727539064,2533.2084619140624,2351.6451948116987,2583.756272779671,2574.329853134338,9.426419645332771,24.483712045766858,-15.057292400434086,32.29886374213319,2611.3620727539064,2681.8802167469944,2540.8439287608185,141.03628798617592,0.1827887765919039,11.062727042597725,6.563308592804321,-88.93727295740227,1557999.45,0.9949637658729598,-0.3786159977359803,0.015076542161682627,0.0066545409802081235,38.69581162174654,0.993853353106446,1.0089298952681285,0.993853353106446,0.007492626725612663,0.008477338042998432,-79.177734375,-2.992580281092827,39.886478416809496,39.610000464265504,2549.656982421875,970247.0,2570.8902135171456,2546.4819900088273,2560.769775390625,1040928.0,2569.7988954313,2552.534706310226,2560.868896484375,752745.0,2573.1720829359647,2548.3670761897,2601.54931640625,1212707.0,2636.9708204363524,2593.6117136101975,2645.801513671875,2494678.0,2727.6872442754457,2634.787993044382,2539.635986328125
2025-09-19 00:00:00+05:30,2579.7207815780857,2584.384074543658,2534.8733764379313,2539.635986328125,2214708.0,0.0,0.0,2555.511083984375,2578.7186767578123,2606.9765502929686,2535.911220703125,2352.6043315031093,2576.96853640251,2571.7599363520762,5.208600050433688,20.628689646700224,-15.420089596266536,29.85223272188253,2606.9765502929686,2683.925359630969,2530.027740954968,153.897618676001,0.06243270984838998,2.459040776725646,5.088536214423945,-97.54095922327436,1556950.55,1.4224652157385473,1.3439064684472828,0.01949519473352181,-0.010514900230583546,49.51069810572653,1.0157836774505296,1.01761988271407,0.9981246879805481,0.007242431650707965,0.008102728513081709,-73.22412109375,-2.8024508807706794,49.51069810572653,40.736849580272,2566.623779296875,1550153.0,2589.5434608386845,2550.847649216938,2549.656982421875,970247.0,2570.8902135171456,2546.4819900088273,2560.769775390625,1040928.0,2569.7988954313,2552.534706310226,2560.372802734375,1368380.0,2608.395199020342,2548.9624996026387,2612.860107421875,944879.0,2652.0520182863465,2603.335130123233,2552.1376953125
2025-09-22 00:00:00+05:30,2548.962702635441,2567.0207005828506,2540.231291096219,2552.1376953125,1174161.0,0.0,0.0,2553.76484375,2573.589013671875,2604.1140625,2539.161669921875,2353.6171912178775,2573.148407004047,2570.306436637425,2.8419703666218084,17.071345790684543,-14.229375424062734,24.83203154084248,2604.1140625,2684.8513588098535,2523.376766190146,161.47459261970744,0.17811426959341792,8.91394950956853,7.478572442963972,-91.08605049043148,1554486.35,0.7553369638787757,0.29969891854196873,0.010496851143978428,0.004922638146441782,26.789409486631484,0.9987559477363269,1.0058315839688767,0.9953347328248984,0.007630622016995887,0.00778299697083471,-51.296630859375,-1.9703447228800353,27.384714254725623,39.34069465585204,2539.635986328125,2214708.0,2584.384074543658,2534.8733764379313,2566.623779296875,1550153.0,2589.5434608386845,2550.847649216938,2549.656982421875,970247.0,2570.8902135171456,2546.4819900088273,2560.868896484375,752745.0,2573.1720829359647,2548.3670761897,2603.434326171875,903410.0,2623.9730666119685,2598.3742498750744,2502.527587890625
2025-09-23 00:00:00+05:30,2548.8632941880032,2555.2135215505277,2498.558786627699,2502.527587890625,1430474.0,0.0,0.0,2542.11640625,2561.70244140625,2598.68671875,2539.21326171875,2354.369263928346,2562.283665601982,2565.2857799645,-3.002114362517659,13.056653760044101,-16.05876812256176,21.024961099909433,2598.68671875,2691.19011358912,2506.1833239108805,185.00678967823933,-0.0197600100332183,1.7256247513669023,4.3662050125536975,-98.27437524863309,1592630.15,0.8981834231883655,-0.11203409652405161,0.022639005139033327,-0.019438648436952977,56.65473492282854,1.0185155626341904,1.0210530880517932,0.9984140829127598,0.00870261557304179,0.007547387244402966,-118.86572265625,-4.5344482332356435,56.65473492282854,41.3605484053705,2552.1376953125,1174161.0,2567.0207005828506,2540.231291096219,2539.635986328125,2214708.0,2584.384074543658,2534.8733764379313,2566.623779296875,1550153.0,2589.5434608386845,2550.847649216938,2560.769775390625,1040928.0,2569.7988954313,2552.534706310226,2621.393310546875,1610956.0,2625.560503547093,2590.9328084136164,2529.61474609375
2025-09-24 00:00:00+05:30,2502.5276285865116,2555.9080548882134,2490.4228329850216,2529.61474609375,1882881.0,0.0,0.0,2538.107958984375,2552.3757568359374,2591.5875244140625,2539.8661279296875,2355.249894491991,2557.257677985331,2562.643480569527,-5.385802584195972,9.368162491196086,-14.753965075392058,28.418773768095036,2591.5875244140625,2682.3062798120977,2500.8687690160273,181.43751079607046,0.15843458693628254,24.24804223053095,11.629205497155466,-75.75195776946906,1469341.8,1.2814452021986986,0.8254062585434994,0.02588742890762895,0.010823919917684721,65.48522190319181,0.9892919988907138,1.0103941949401845,0.9845067660325554,0.009900607098982743,0.007767987387409821,-93.266845703125,-3.5558923435514367,65.48522190319181,39.34071198557415,2502.527587890625,1430474.0,2555.2135215505277,2498.558786627699,2552.1376953125,1174161.0,2567.0207005828506,2540.231291096219,2539.635986328125,2214708.0,2584.384074543658,2534.8733764379313,2549.656982421875,970247.0,2570.8902135171456,2546.4819900088273,2622.881591796875,1031486.0,2632.2081780734443,2598.5726835316877,2518.502197265625
2025-09-25 00:00:00+05:30,2526.142091514596,2547.474399043097,2512.0528949895665,2518.502197265625,1624258.0,0.0,0.0,2528.483642578125,2544.071044921875,2585.8278076171873,2540.092353515625,2356.0661560058593,2551.2952963361454,2559.3737552046396,-8.078458868494181,5.878838219258032,-13.957297087752213,30.92669542130146,2585.8278076171873,2679.85669391921,2491.7989213151645,188.05777260404557,0.14199506662606307,19.160525346640238,15.04473077617937,-80.83947465335976,1390617.55,1.1680120102036682,0.339365568105074,0.014064511872170749,-0.0043929807277116595,35.4215040535305,1.0030335070810206,1.0115037429027967,0.9974392310306258,0.009778961054420658,0.008066004431215697,-83.047119140625,-3.1922177533557305,35.4215040535305,38.391041692032495,2529.61474609375,1882881.0,2555.9080548882134,2490.4228329850216,2502.527587890625,1430474.0,2555.2135215505277,2498.558786627699,2552.1376953125,1174161.0,2567.0207005828506,2540.231291096219,2566.623779296875,1550153.0,2589.5434608386845,2550.847649216938,2601.54931640625,1212707.0,2636.9708204363524,2593.6117136101975,2492.208740234375
2025-09-26 00:00:00+05:30,2515.2277385461766,2525.54652468155,2479.905311279923,2492.208740234375,885612.0,0.0,0.0,2518.998193359375,2537.254638671875,2578.4855224609373,2539.977255859375,2356.7410205078127,2542.205056935873,2554.398567958551,-12.193511022678194,2.2643683708707862,-14.45787939354898,28.95237743240996,2578.4855224609373,2677.7990307699674,2479.172014151907,198.62701661806022,0.06563420376763805,7.8333104578666575,17.080626011679286,-92.16668954213334,1336259.5,0.66275450240017,-0.3528025840775223,0.018313559640808837,-0.010440116772499675,45.64121340162728,1.0092363845532606,1.01337680263654,0.9950632429957311,0.009132757267305796,0.00817141552947175,-68.1640625,-2.6622709953489365,45.64121340162728,39.82264145379914,2518.502197265625,1624258.0,2547.474399043097,2512.0528949895665,2529.61474609375,1882881.0,2555.9080548882134,2490.4228329850216,2502.527587890625,1430474.0,2555.2135215505277,2498.558786627699,2539.635986328125,2214708.0,2584.384074543658,2534.8733764379313,2560.372802734375,1368380.0,2608.395199020342,2548.9624996026387,2478.4169921875
2025-09-29 00:00:00+05:30,2475.5397082588324,2497.7648977229896,2423.945293497526,2478.4169921875,2403556.0,0.0,0.0,2504.254052734375,2529.0094482421873,2570.964636230469,2539.7411083984375,2357.3636169433594,2532.3915085130466,2548.770302089436,-16.3787935763894,-1.4642640185812519,-14.914529557808146,22.510516893214458,2570.964636230469,2676.792168432685,2465.137104028253,211.65506440443187,0.06274306828714382,25.57050296869648,17.521446257734464,-74.42949703130351,1401600.85,1.7148648276005254,2.1930547529375817,0.02978498148542344,-0.005533945782397853,73.81960422546354,0.9988390638307688,1.007806557813507,0.9780215763280835,0.009113692318024643,0.008269624095110763,-82.451904296875,-3.2196847097509362,73.81960422546354,42.62206353179821,2492.208740234375,885612.0,2525.54652468155,2479.905311279923,2518.502197265625,1624258.0,2547.474399043097,2512.0528949895665,2529.61474609375,1882881.0,2555.9080548882134,2490.4228329850216,2552.1376953125,1174161.0,2567.0207005828506,2540.231291096219,2560.868896484375,752745.0,2573.1720829359647,2548.3670761897,2494.788330078125
2025-09-30 00:00:00+05:30,2478.4170251763394,2506.5956589551924,2472.1663570938695,2494.788330078125,1678088.0,0.0,0.0,2502.706201171875,2522.4113037109373,2562.8980346679687,2540.2332373046875,2358.0484338378906,2526.6064041384434,2544.7716368400224,-18.165232701579043,-4.804457755180811,-13.360774946398232,26.705187221618388,2562.8980346679687,2665.953867367682,2459.8422019682553,206.11166539942678,0.1695494917386026,33.25565607024299,22.219823165602048,-66.74434392975701,1409249.95,1.1907667621347087,0.6121076577822866,0.013800490184369598,0.006605562317491653,34.42930186132298,0.9934377980270283,1.0047327978629343,0.9909323076785648,0.009601336148702476,0.008544485042542632,-65.9814453125,-2.576625432969082,34.42930186132298,42.67876405462438,2478.4169921875,2403556.0,2497.7648977229896,2423.945293497526,2492.208740234375,885612.0,2525.54652468155,2479.905311279923,2518.502197265625,1624258.0,2547.474399043097,2512.0528949895665,2502.527587890625,1430474.0,2555.2135215505277,2498.558786627699,2560.769775390625,1040928.0,2569.7988954313,2552.534706310226,2516.41845703125
2025-10-01 00:00:00+05:30,2495.780641485965,2530.110870187784,2478.4171355140884,2516.41845703125,1483899.0,0.0,0.0,2500.066943359375,2519.087451171875,2556.523156738281,2541.648115234375,2359.118289794922,2525.039027660414,2542.6714009796087,-17.632373319194812,-7.3700408679836125,-10.2623324512112,34.53500707840891,2556.523156738281,2654.105568473577,2458.9407450029853,195.16482347059173,0.2945085646385743,50.13456812114514,36.32024238669488,-49.86543187885486,1432910.3,1.0355840138772119,0.529403337500657,0.020542582863853735,0.008670125113358962,51.69373467369542,0.9917987346311105,1.0054412306181728,0.9848986477543191,0.01019713205552205,0.008879278190931667,-33.238525390625,-1.3036469462277323,51.69373467369542,43.274094615162994,2494.788330078125,1678088.0,2506.5956589551924,2472.1663570938695,2478.4169921875,2403556.0,2497.7648977229896,2423.945293497526,2492.208740234375,885612.0,2525.54652468155,2479.905311279923,2529.61474609375,1882881.0,2555.9080548882134,2490.4228329850216,2549.656982421875,970247.0,2570.8902135171456,2546.4819900088273,2525.050537109375
2025-10-03 00:00:00+05:30,2516.4184426371576,2528.721872140129,2488.7361501691885,2525.050537109375,1242611.0,0.0,0.0,2501.376611328125,2514.930126953125,2550.4856079101564,2542.941943359375,2360.0096484375,2525.0407983448695,2541.366151620457,-16.32535327558753,-9.161103349504398,-7.164249926083134,42.722846479624174,2550.4856079101564,2639.363897820832,2461.607317999481,177.7565798213509,0.35691066498723023,61.05456674744239,48.14826364627684,-38.94543325255761,1370306.95,0.9068121562106943,-0.19839461008042436,0.015835612548458316,0.0034303039122947077,39.98572197094063,0.9965814171457735,1.0014539649709178,0.9856183524224594,0.009967305960365573,0.009126746114406958,-41.5732421875,-1.6197637738277648,39.98572197094063,41.8850247975371,2516.41845703125,1483899.0,2530.110870187784,2478.4171355140884,2494.788330078125,1678088.0,2506.5956589551924,2472.1663570938695,2478.4169921875,2403556.0,2497.7648977229896,2423.945293497526,2518.502197265625,1624258.0,2547.474399043097,2512.0528949895665,2566.623779296875,1550153.0,2589.5434608386845,2550.847649216938,2521.974853515625
2025-10-06 00:00:00+05:30,2515.4262344267695,2529.714064556161,2500.5432294397424,2521.974853515625,818923.0,0.0,0.0,2507.329833984375,2513.164013671875,2545.9413452148438,2544.7556884765627,2361.0032092285155,2524.5691145249857,2539.9297589811877,-15.360644456201953,-10.40101157084391,-4.959632885358044,42.07125764953675,2545.9413452148438,2630.584488302437,2461.2982021272505,169.28628617518643,0.3584262657022498,59.19724933678916,56.79546140179224,-40.80275066321084,1364009.15,0.6003794036132383,-0.630234324344338,0.011566663749939596,-0.0012180681331118715,29.170835116418402,0.9974033765325904,1.0030687106295875,0.9915020468796479,0.009462831692869022,0.009348786118623064,-17.6611328125,-0.695419851804624,29.170835116418402,42.196869681119516,2525.050537109375,1242611.0,2528.721872140129,2488.7361501691885,2516.41845703125,1483899.0,2530.110870187784,2478.4171355140884,2494.788330078125,1678088.0,2506.5956589551924,2472.1663570938695,2492.208740234375,885612.0,2525.54652468155,2479.905311279923,2539.635986328125,2214708.0,2584.384074543658,2534.8733764379313,2497.566650390625
2025-10-07 00:00:00+05:30,2520.188866616989,2539.4374563414676,2488.736164248618,2497.566650390625,1291750.0,0.0,0.0,2511.159765625,2507.7069091796875,2540.6479614257814,2546.3313037109374,2361.88896484375,2520.4148892735457,2536.791750559055,-16.37686128550922,-11.596181513776973,-4.780679771732249,38.27754966011777,2540.6479614257814,2623.371932294082,2457.923990557481,165.44794173660102,0.23960805687299874,44.457833124099295,54.903216402776955,-55.542166875900705,1383426.15,0.9337325306450222,0.10014725408185088,0.020300275904516822,-0.009678210348122662,50.7012920928496,1.0090577027134895,1.0167646400724857,0.9964643641679689,0.009631167661676083,0.009548840683091083,-54.571044921875,-2.138248458227998,50.7012920928496,44.58523417910347,2521.974853515625,818923.0,2529.714064556161,2500.5432294397424,2525.050537109375,1242611.0,2528.721872140129,2488.7361501691885,2516.41845703125,1483899.0,2530.110870187784,2478.4171355140884,2478.4169921875,2403556.0,2497.7648977229896,2423.945293497526,2552.1376953125,1174161.0,2567.0207005828506,2540.231291096219,2480.60009765625
2025-10-08 00:00:00+05:30,2491.414984165673,2505.305788537764,2466.7092932841597,2480.60009765625,1225128.0,0.0,0.0,2508.322119140625,2505.51416015625,2533.60830078125,2548.0120947265623,2362.7097717285155,2514.2895367170386,2532.6294054348614,-18.33986871782281,-12.944918954586141,-5.394949763236669,37.464046169814644,2533.60830078125,2611.2040969788823,2456.0125045836176,155.1915923952647,0.1584337958850835,34.21221687919169,45.95576644669339,-65.78778312080831,1364134.75,0.8980989597985096,-0.1435510187532244,0.01555933795619511,-0.006793233218309269,38.59649525360419,1.0043597863757407,1.009959562165968,0.9944002242097729,0.00775081875180098,0.009453661000967003,-21.927490234375,-0.8762137264931247,38.59649525360419,45.59868216090961,2497.566650390625,1291750.0,2539.4374563414676,2488.736164248618,2521.974853515625,818923.0,2529.714064556161,2500.5432294397424,2525.050537109375,1242611.0,2528.721872140129,2488.7361501691885,2494.788330078125,1678088.0,2506.5956589551924,2472.1663570938695,2502.527587890625,1430474.0,2555.2135215505277,2498.558786627699,2497.963623046875
2025-10-09 00:00:00+05:30,2481.493000836882,2503.3214078814285,2478.814108419605,2497.963623046875,1259173.0,0.0,0.0,2504.63115234375,2502.3490478515623,2527.36240234375,2549.5202392578126,2363.6142028808595,2511.7778576908595,2530.061569436956,-18.283711746096287,-14.012677512888171,-4.271034233208116,37.55399147465764,2527.36240234375,2594.044458096218,2460.680346591282,133.36411150493586,0.27956004081512564,46.1349363705687,41.6016621246199,-53.8650636294313,1375519.1,0.9154165870906481,-0.3312519484768288,0.00981091127016931,0.006999727770320874,24.50729946182355,0.9934063802779068,1.0021448610320507,0.9923339497618814,0.0071843326376303815,0.009182033554831767,-31.651123046875,-1.251223060576745,24.50729946182355,44.50016937841061,2480.60009765625,1225128.0,2505.305788537764,2466.7092932841597,2497.566650390625,1291750.0,2539.4374563414676,2488.736164248618,2521.974853515625,818923.0,2529.714064556161,2500.5432294397424,2516.41845703125,1483899.0,2530.110870187784,2478.4171355140884,2529.61474609375,1882881.0,2555.9080548882134,2490.4228329850216,2509.17529296875
2025-10-10 00:00:00+05:30,2490.422803810714,2515.12849489021,2486.9501026898624,2509.17529296875,1018875.0,0.0,0.0,2501.456103515625,2501.416357421875,2522.743701171875,2551.0144873046875,2364.702092285156,2511.3774631182273,2528.5144376986236,-17.136974580396327,-14.637536926389805,-2.499437654006522,44.14343370049822,2522.743701171875,2579.9069638978644,2465.580438445885,114.32652545197925,0.3813188090035678,59.56998565126996,46.63904630034346,-40.43001434873004,1365827.5,0.7459763403504469,-0.3727135713661254,0.01123014094683194,0.00448832393651899,28.17839220034739,0.9925264332027401,1.0023725731470983,0.9911424322002662,0.007298622709539321,0.008933999720343632,-9.326904296875,-0.3703353646862584,28.17839220034739,42.976433242312105,2497.963623046875,1259173.0,2503.3214078814285,2478.814108419605,2480.60009765625,1225128.0,2505.305788537764,2466.7092932841597,2497.566650390625,1291750.0,2539.4374563414676,2488.736164248618,2525.050537109375,1242611.0,2528.721872140129,2488.7361501691885,2518.502197265625,1624258.0,2547.474399043097,2512.0528949895665,2473.35693359375
2025-10-13 00:00:00+05:30,2499.5509243788547,2511.854353327809,2466.0145060992772,2473.35693359375,1114750.0,0.0,0.0,2491.73251953125,2499.5311767578123,2518.3929077148437,2552.11384765625,2365.5863427734375,2505.5281508836924,2524.4286962916935,-18.900545408001108,-15.490138622712067,-3.410406785289041,36.09943706093078,2518.3929077148437,2576.730940500782,2460.0548749289055,116.67606557187628,0.1140084609439455,37.44362392503776,47.71618198229215,-62.55637607496224,1353146.0,0.8238209328483401,0.25873407316070685,0.01853345411085777,-0.014274952999645207,45.83984722853165,1.0105904612590813,1.0155648459836821,0.9970313918728243,0.007958752500966493,0.008816599243709703,-18.851806640625,-0.7564296816827687,45.83984722853165,44.29465702615539,2509.17529296875,1018875.0,2515.12849489021,2486.9501026898624,2497.963623046875,1259173.0,2503.3214078814285,2478.814108419605,2480.60009765625,1225128.0,2505.305788537764,2466.7092932841597,2521.974853515625,818923.0,2529.714064556161,2500.5432294397424,2492.208740234375,885612.0,2525.54652468155,2479.905311279923,2482.782958984375
2025-10-14 00:00:00+05:30,2473.555447376003,2489.6290444351353,2462.9389521863327,2482.782958984375,1461017.0,0.0,0.0,2488.77578125,2499.9677734375,2514.4886108398437,2551.738798828125,2366.534169921875,2502.0288905914895,2521.343826608358,-19.314936016868614,-16.255098101543375,-3.0598379153252395,45.940467824515615,2514.4886108398437,2571.288883215409,2457.6883384642783,113.60054475113066,0.22090229034616407,44.58656735187196,47.2000589760599,-55.41343264812804,1388559.6,1.0521816996548077,-0.39214355729593986,0.010750070662528068,0.0038110251143288476,26.690092248802557,0.9962833998135114,1.0027574240535149,0.9920073533909868,0.007880313029256913,0.008693261314832928,4.365966796875,0.17615949255664898,26.690092248802557,42.15432540658211,2473.35693359375,1114750.0,2511.854353327809,2466.0145060992772,2509.17529296875,1018875.0,2515.12849489021,2486.9501026898624,2497.963623046875,1259173.0,2503.3214078814285,2478.814108419605,2497.566650390625,1291750.0,2539.4374563414676,2488.736164248618,2478.4169921875,2403556.0,2497.7648977229896,2423.945293497526,2499.3525390625
2025-10-15 00:00:00+05:30,2483.0805511453786,2512.0527512652384,2483.0805511453786,2499.3525390625,881070.0,0.0,0.0,2492.52626953125,2500.4241943359375,2511.4177490234374,2551.0502099609375,2367.578591308594,2501.6171442024142,2519.71484222192,-18.09769801950597,-16.623618085135895,-1.4740799343700743,43.49677866151812,2511.4177490234374,2564.1800513653075,2458.6554466815674,105.52460468374011,0.3856644855756897,61.044112018730296,47.69143443188002,-38.955887981269704,1380566.7,0.6381944458025824,-0.47495602137670967,0.011591882164301289,0.006673793219888591,28.972200119859735,0.9934895187202263,1.0050814008845275,0.9934895187202263,0.007886498669487658,0.008521777566911448,4.564208984375,0.18294974885633142,29.269792280863385,39.56750900498722,2482.782958984375,1461017.0,2489.6290444351353,2462.9389521863327,2473.35693359375,1114750.0,2511.854353327809,2466.0145060992772,2509.17529296875,1018875.0,2515.12849489021,2486.9501026898624,2480.60009765625,1225128.0,2505.305788537764,2466.7092932841597,2494.788330078125,1678088.0,2506.5956589551924,2472.1663570938695,2541.52099609375
2025-10-16 00:00:00+05:30,2498.1618926654496,2548.466397996017,2487.545398204978,2541.52099609375,1446646.0,0.0,0.0,2501.237744140625,2502.9344482421875,2511.010949707031,2551.4034326171877,2368.7921252441406,2507.7561983395426,2521.330112992741,-13.573914653198244,-16.013677398748364,2.4397627455501194,54.36413710106691,2511.010949707031,2562.6452801972455,2459.376619216817,103.26866098042865,0.7954434200759228,94.42230943080732,66.68432960046987,-5.57769056919269,1404386.65,1.0300909653335142,-0.02510480834612061,0.023970291760199037,0.01687175233273308,60.92099979103887,0.9829397028413528,1.002732773765372,0.9787624820051729,0.009183746905967084,0.008420439051955952,25.1025390625,0.9975502680152237,60.92099979103887,41.38890155766639,2499.3525390625,881070.0,2512.0527512652384,2483.0805511453786,2482.782958984375,1461017.0,2489.6290444351353,2462.9389521863327,2473.35693359375,1114750.0,2511.854353327809,2466.0145060992772,2497.963623046875,1259173.0,2503.3214078814285,2478.814108419605,2516.41845703125,1483899.0,2530.110870187784,2478.4171355140884,2583.391845703125
2025-10-17 00:00:00+05:30,2545.4898430859407,2594.603757423401,2540.0327414928897,2583.391845703125,2050690.0,0.0,0.0,2516.0810546875,2508.7685791015624,2511.8493530273436,2552.772666015625,2370.203967285156,2519.392451780094,2525.9272786781853,-6.534826898091524,-14.117907298616995,7.583080400525471,66.32326075365157,2511.8493530273436,2567.661336822994,2456.037369231693,111.62396759130115,1.1409241153094143,93.43020471276134,82.96554205409966,-6.569795287238661,1429413.5,1.434637353012267,0.6503072964910177,0.021123785778482486,0.01647472111138537,54.571015930511294,0.9853285893581241,1.0043399965587583,0.9832162107802759,0.010407293603609789,0.008464437816280371,58.34130859375,2.3105006310304654,54.571015930511294,42.026744595443816,2541.52099609375,1446646.0,2548.466397996017,2487.545398204978,2499.3525390625,881070.0,2512.0527512652384,2483.0805511453786,2482.782958984375,1461017.0,2489.6290444351353,2462.9389521863327,2509.17529296875,1018875.0,2515.12849489021,2486.9501026898624,2525.050537109375,1242611.0,2528.721872140129,2488.7361501691885,2574.164306640625
2025-10-20 00:00:00+05:30,2588.6505276068815,2604.228023538072,2565.4331379755677,2574.164306640625,1011485.0,0.0,0.0,2536.242529296875,2513.9875244140626,2513.5757690429687,2553.9394873046876,2371.6514123535158,2527.8188909894066,2529.5003920761224,-1.681501086715798,-11.630626056236755,9.949124969520957,67.4250778657022,2513.5757690429687,2574.8732996890017,2452.2782383969356,122.59506129206602,0.9942167894782679,78.72183841975753,88.85811752110874,-21.278161580242465,1369252.35,0.7387133569644777,0.23514054434910237,0.015070866091346447,-0.0035718697021699386,38.79488556250453,1.0056275432492348,1.0116790201852661,0.9966081540939196,0.01052257317728408,0.008570411964721879,52.189453125,2.0693883228949828,38.79488556250453,39.52497897666103,2583.391845703125,2050690.0,2594.603757423401,2540.0327414928897,2541.52099609375,1446646.0,2548.466397996017,2487.545398204978,2499.3525390625,881070.0,2512.0527512652384,2483.0805511453786,2473.35693359375,1114750.0,2511.854353327809,2466.0145060992772,2521.974853515625,818923.0,2529.714064556161,2500.5432294397424,2571.485595703125
2025-10-21 00:00:00+05:30,2573.7677049527942,2586.3686009360827,2564.9372187424715,2571.485595703125,82020.0,0.0,0.0,2553.983056640625,2521.3794189453124,2514.5431640625,2555.4119140625,2373.108782958984,2534.5368455607477,2532.610407333307,1.9264382274404852,-8.919213199501307,10.845651426941792,64.69029693710544,2514.5431640625,2578.9357074431673,2450.150620681833,128.78508676133424,0.9421508194201949,76.82593032731114,82.99265781994335,-23.174069672688866,1314932.781304,0.06238945212065947,-0.9365047416295723,0.008334241587595267,-0.0010406138141958454,21.43138219361117,1.0008874672498584,1.0057877070195635,0.9974534654319683,0.009776363015318841,0.008584931500086154,73.9189453125,2.9596385466205133,21.43138219361117,38.596556143253046,2574.164306640625,1011485.0,2604.228023538072,2565.4331379755677,2583.391845703125,2050690.0,2594.603757423401,2540.0327414928897,2541.52099609375,1446646.0,2548.466397996017,2487.545398204978,2482.782958984375,1461017.0,2489.6290444351353,2462.9389521863327,2497.566650390625,1291750.0,2539.4374563414676,2488.736164248618,2581.308349609375
2025-10-23 00:00:00+05:30,2580.7129325458322,2646.396542743126,2575.8512480603545,2581.308349609375,3386744.0,0.0,0.0,2570.37421875,2531.450244140625,2518.4822021484374,2557.4558447265626,2374.380109863281,2541.7324615682287,2536.217662503271,5.514799064957515,-6.032410746609542,11.547209811567058,63.01755238336858,2518.4822021484374,2589.1158661277323,2447.8485381691426,141.2673279585897,0.9447323267794383,64.52139541557895,73.35638805421587,-35.47860458442105,1412458.8,2.3977648055999934,1.7644001279866268,0.027329278462004288,0.003819875142471618,70.54529468277133,0.9997693351653889,1.0252151949005242,0.9978859164385199,0.009155832352878071,0.008725432860193862,100.708251953125,4.059834233187254,74.91094704000079,40.254928455132,2571.485595703125,82020.0,2586.3686009360827,2564.9372187424715,2574.164306640625,1011485.0,2604.228023538072,2565.4331379755677,2583.391845703125,2050690.0,2594.603757423401,2540.0327414928897,2499.3525390625,881070.0,2512.0527512652384,2483.0805511453786,2480.60009765625,1225128.0,2505.305788537764,2466.7092932841597,2496.772705078125
2025-10-24 00:00:00+05:30,2563.845541367595,2563.845541367595,2455.1996099512826,2496.772705078125,3110800.0,0.0,0.0,2561.424560546875,2531.33115234375,2516.8401000976564,2557.4161572265625,2375.0507934570314,2534.8155759543665,2533.2958136652,1.519762289166465,-4.521976139454341,6.041738428620806,45.65148507119751,2516.8401000976564,2587.909721351248,2445.7704788440647,142.13924250718355,0.3588187564140336,21.74359939764473,54.36364171351161,-78.25640060235527,1473854.75,2.1106557481325754,1.4705104064334291,0.043514546276215,-0.03274914620101188,108.64593141631258,1.0268638134953383,1.0268638134953383,0.9833492672191233,0.01468169339067169,0.009475168935497994,-1.19091796875,-0.047675552908865715,126.10873965809242,46.40657257564284,2581.308349609375,3386744.0,2646.396542743126,2575.8512480603545,2571.485595703125,82020.0,2586.3686009360827,2564.9372187424715,2574.164306640625,1011485.0,2604.228023538072,2565.4331379755677,2541.52099609375,1446646.0,2548.466397996017,2487.545398204978,2497.963623046875,1259173.0,2503.3214078814285,2478.814108419605,2492.208740234375
2025-10-27 00:00:00+05:30,2496.7727162326983,2505.3057356327795,2486.453930097325,2492.208740234375,2127832.0,0.0,0.0,2543.187939453125,2529.6344970703126,2515.525427246094,2557.971787109375,2375.8461840820314,2528.260678151291,2530.2523266094568,-1.9916484581658551,-4.015910603196644,2.0242621450307885,45.443476414995615,2515.525427246094,2587.4334190235236,2443.617435468664,143.81598355485949,0.3378713795548007,19.356550203336365,35.207181672186685,-80.64344979666363,1499033.45,1.4194693253843003,1.0884132008342533,0.007564296373377397,-0.0018279456654053394,18.851805535454332,1.0018312976455952,1.0052551759356934,0.9976908795623161,0.014605216706776737,0.010205828335221736,-16.966552734375,-0.6761804478913391,18.851805535454332,45.66949903414541,2496.772705078125,3110800.0,2563.845541367595,2455.1996099512826,2581.308349609375,3386744.0,2646.396542743126,2575.8512480603545,2571.485595703125,82020.0,2586.3686009360827,2564.9372187424715,2583.391845703125,2050690.0,2594.603757423401,2540.0327414928897,2509.17529296875,1018875.0,2515.12849489021,2486.9501026898624,2477.62353515625
2025-10-28 00:00:00+05:30,2499.3526254379835,2506.298027731777,2462.541896386315,2477.62353515625,2294976.0,0.0,0.0,2523.87978515625,2530.0611572265625,2514.7961669921874,2558.011474609375,2376.4969702148437,2520.470348459746,2526.3538974528788,-5.8835489931325355,-4.389438281183822,-1.4941107119487134,46.85250017531705,2514.7961669921874,2587.9842530335327,2441.608080950842,146.37617208269057,0.24604724726003963,11.728182496201665,17.609444032394258,-88.27181750379833,1569501.65,1.4622322952001994,1.0587360394707335,0.017660524581149757,-0.005852320811920997,43.75613134546211,1.008770133950299,1.0115733856127254,0.9939128610315756,0.01395622226418856,0.010805575311543941,4.2666015625,0.17250246030202643,43.75613134546211,45.173416123617734,2492.208740234375,2127832.0,2505.3057356327795,2486.453930097325,2496.772705078125,3110800.0,2563.845541367595,2455.1996099512826,2581.308349609375,3386744.0,2646.396542743126,2575.8512480603545,2574.164306640625,1011485.0,2604.228023538072,2565.4331379755677,2473.35693359375,1114750.0,2511.854353327809,2466.0145060992772,2468.693603515625
2025-10-29 00:00:00+05:30,2493.002510276694,2493.994710552656,2464.6254854896224,2468.693603515625,1870143.0,0.0,0.0,2503.32138671875,2528.6522216796875,2514.3099975585938,2558.098211640625,2377.0530322265627,2512.50469539142,2522.082764406281,-9.578069014861285,-5.427164427919315,-4.150904586941969,48.07196154755438,2514.3099975585938,2588.635923463433,2439.9840716537547,148.6518518096782,0.1931326889800721,7.0576412326830456,12.714124644073697,-92.94235876731696,1542831.0,1.2121502614349855,0.28002822691317086,0.01189666673142815,-0.0036042326503255007,29.36922506303381,1.0098468707199837,1.0102487838105954,0.9983521170791672,0.013943628245320343,0.011411906833150286,-14.08935546875,-0.567482365615779,29.36922506303381,44.514325395719844,2477.62353515625,2294976.0,2506.298027731777,2462.541896386315,2492.208740234375,2127832.0,2505.3057356327795,2486.453930097325,2496.772705078125,3110800.0,2563.845541367595,2455.1996099512826,2571.485595703125,82020.0,2586.3686009360827,2564.9372187424715,2482.782958984375,1461017.0,2489.6290444351353,2462.9389521863327,2450.337890625
2025-10-30 00:00:00+05:30,2471.5708795685664,2477.5240812054235,2435.752352825584,2450.337890625,1195631.0,0.0,0.0,2477.127294921875,2523.7507568359374,2512.0874755859377,2556.2056640625,2377.3484338378908,2502.9405715812013,2516.7683291243206,-13.827757543119333,-7.10728305095932,-6.720474492160013,42.31258792791585,2512.0874755859377,2591.3647018619445,2432.810249309931,158.55445255201357,0.11054650962462997,6.924253550561169,8.570025759815298,-93.07574644943882,1518708.15,0.7872684425905004,0.35702157603822626,0.017047333977758115,-0.007435395329936867,41.771728379839715,1.0086653310242657,1.011094874174063,0.9940475401963049,0.013852797029847777,0.012008536669186297,-49.0146484375,-1.9610938301599212,41.771728379839715,45.747498889863856,2468.693603515625,1870143.0,2493.994710552656,2464.6254854896224,2477.62353515625,2294976.0,2506.298027731777,2462.541896386315,2492.208740234375,2127832.0,2505.3057356327795,2486.453930097325,2581.308349609375,3386744.0,2646.396542743126,2575.8512480603545,2499.3525390625,881070.0,2512.0527512652384,2483.0805511453786,2446.269775390625
2025-10-31 00:00:00+05:30,2449.742476349403,2460.160579225737,2433.7679550444664,2446.269775390625,1401937.0,0.0,0.0,2467.026708984375,2514.225634765625,2508.580041503906,2553.4413916015624,2377.5908459472657,2494.2219875518817,2511.5462138627495,-17.324226310867743,-9.150671702941006,-8.173554607926738,39.60654600313827,2508.580041503906,2593.085218873177,2424.0748641346354,169.01035473854154,0.13132278960259602,5.879651688171119,6.6205154904717824,-94.12034831182888,1514610.05,0.9256092021837568,-0.03090528021368044,0.010788926244676396,-0.0016602262283661462,26.39262418127055,1.0014195903467857,1.0056783613871425,0.9948894351424661,0.01220541612776957,0.012310703591366545,-95.251220703125,-3.747803809196293,26.39262418127055,45.61994403135837,2450.337890625,1195631.0,2477.5240812054235,2435.752352825584,2468.693603515625,1870143.0,2493.994710552656,2464.6254854896224,2477.62353515625,2294976.0,2506.298027731777,2462.541896386315,2496.772705078125,3110800.0,2563.845541367595,2455.1996099512826,2541.52099609375,1446646.0,2548.466397996017,2487.545398204978,2440.812744140625
2025-11-03 00:00:00+05:30,2436.943259855451,2455.5964317532575,2421.2664466287306,2440.812744140625,1049185.0,0.0,0.0,2456.747509765625,2499.967724609375,2504.3681518554686,2549.278115234375,2377.762033691406,2486.005180873227,2506.3066974289313,-20.30151655570444,-11.380840673493694,-8.920675882210745,44.02331472638823,2504.3681518554686,2593.6773991384825,2415.0589045724546,178.61849456602795,0.14418349919890444,8.682223234143853,7.162042824292051,-91.31777676585615,1504938.75,0.6971612632075558,-0.4883746446318069,0.014064981103912603,-0.0022307561107517415,34.32998512452696,0.9984146738440042,1.0060568708714432,0.9919918897675305,0.009995702505408809,0.012269544481546447,-142.5791015625,-5.519066021658592,34.32998512452696,44.79781102392946,2446.269775390625,1401937.0,2460.160579225737,2433.7679550444664,2450.337890625,1195631.0,2477.5240812054235,2435.752352825584,2468.693603515625,1870143.0,2493.994710552656,2464.6254854896224,2492.208740234375,2127832.0,2505.3057356327795,2486.453930097325,2583.391845703125,2050690.0,2594.603757423401,2540.0327414928897,2426.624267578125
2025-11-04 00:00:00+05:30,2440.812780562824,2444.0870900572017,2422.2586830765586,2426.624267578125,1251588.0,0.0,0.0,2446.54765625,2485.213720703125,2499.600622558594,2545.263671875,2378.2700036621095,2476.869655750904,2500.4042950528456,-23.534639301941752,-13.811600399183307,-9.723038902758445,39.863856128853726,2499.600622558594,2594.929639211421,2404.2716059057666,190.6580333056545,0.11723954813130592,2.3798776982140772,5.647250873509688,-97.62012230178593,1526572.0,0.8198683062443173,0.23737672827575307,0.008995379825500912,-0.005813013143495138,21.828406980643194,1.0058470168514633,1.0071963437901763,0.9982009639646753,0.009969887958425964,0.012214275959660636,-147.5400390625,-5.731570385071683,21.828406980643194,44.45054779048951,2440.812744140625,1049185.0,2455.5964317532575,2421.2664466287306,2446.269775390625,1401937.0,2460.160579225737,2433.7679550444664,2450.337890625,1195631.0,2477.5240812054235,2435.752352825584,2477.62353515625,2294976.0,2506.298027731777,2462.541896386315,2574.164306640625,1011485.0,2604.228023538072,2565.4331379755677,2426.624267578125
2025-11-05 00:00:00+05:30,2426.624267578125,2426.624267578125,2426.624267578125,2426.624267578125,0.0,0.0,0.0,2438.1337890625,2470.727587890625,2496.053503417969,2541.608408203125,2378.7531799316407,2469.1395960320147,2494.939107691108,-25.79951165909324,-16.209182651165296,-9.590329007927945,36.038087274901976,2496.053503417969,2596.8252329388342,2395.2817738971034,201.54345904173078,0.1555123338164594,2.3798776982140772,4.480659543524007,-97.62012230178593,1461984.5,0.0,-1.0,0.0,0.0,0.0,1.0,1.0,1.0,0.010030785402158782,0.01223971819834463,-144.861328125,-5.633371167509504,0.0,42.35984834185641,2426.624267578125,1251588.0,2444.0870900572017,2422.2586830765586,2440.812744140625,1049185.0,2455.5964317532575,2421.2664466287306,2446.269775390625,1401937.0,2460.160579225737,2433.7679550444664,2468.693603515625,1870143.0,2493.994710552656,2464.6254854896224,2571.485595703125,82020.0,2586.3686009360827,2564.9372187424715,2417.0
2025-11-06 00:00:00+05:30,2444.682292267998,2444.682292267998,2413.6266157779787,2417.0,1329256.0,0.0,0.0,2431.4662109375,2454.2967529296875,2492.873498535156,2537.7269189453127,2379.3256982421876,2461.118119719397,2489.165840316435,-28.04772059703828,-18.576890240339893,-9.470830356698386,22.681765204946487,2492.873498535156,2599.5400937277423,2386.20690334257,213.3331903851722,0.14434273730136943,1.4492354171363329,2.515321006201784,-98.55076458286366,1467190.9,0.9059870804814835,-0.6075121119281528,0.012848852498973655,-0.003966113628184553,31.055676490019323,1.0114531618816707,1.0114531618816707,0.9986043093826971,0.00949453724606247,0.01227358868766307,-164.308349609375,-6.365312754450258,31.055676490019323,40.22661096321216,2426.624267578125,0.0,2426.624267578125,2426.624267578125,2426.624267578125,1251588.0,2444.0870900572017,2422.2586830765586,2440.812744140625,1049185.0,2455.5964317532575,2421.2664466287306,2450.337890625,1195631.0,2477.5240812054235,2435.752352825584,2581.308349609375,3386744.0,2646.396542743126,2575.8512480603545,2414.0
2025-11-07 00:00:00+05:30,2417.0,2425.0,2400.60009765625,2414.0,817896.0,19.0,0.0,2425.012255859375,2446.019482421875,2488.6753173828124,2532.5749462890626,2379.839031982422,2453.869178224105,2483.5980001695016,-29.728821945396703,-20.807276581351257,-8.921545364045446,5.196197324799144,2488.6753173828124,2600.9597278124493,2376.3909069531755,224.56882085927373,0.16747246079362116,5.45162577067128,3.093579628673901,-94.54837422932872,1445127.05,0.5659682309593471,-0.7370785649993571,0.010107664599730738,-0.0012412081092263438,24.39990234375,1.0012427506213752,1.004556752278376,0.9944490876786454,0.0023933983673739777,0.011044759185333299,-82.772705078125,-3.315187838675726,24.39990234375,38.071531421300634,2417.0,1329256.0,2444.682292267998,2413.6266157779787,2426.624267578125,0.0,2426.624267578125,2426.624267578125,2426.624267578125,1251588.0,2444.0870900572017,2422.2586830765586,2446.269775390625,1401937.0,2460.160579225737,2433.7679550444664,2496.772705078125,3110800.0,2563.845541367595,2455.1996099512826,2408.800048828125
2025-11-10 00:00:00+05:30,2405.0,2429.300048828125,2404.0,2408.800048828125,780558.0,0.0,0.0,2418.609716796875,2437.67861328125,2483.6565551757812,2528.0770166015627,2380.369569091797,2446.9354660093386,2478.0574110674647,-31.12194505812613,-22.870210276706235,-8.251734781419895,5.3093164423330705,2483.6565551757812,2600.944367588009,2366.3687427635537,234.5756248244552,0.18088540144068607,3.3360739489038416,3.412311712237156,-96.66392605109615,1433211.2,0.5446217556770419,-0.6331674681083845,0.010503175155793196,-0.0021540808499896924,25.300048828125,0.9984224307742049,1.0085104614681377,0.9980072863123445,0.002372283942992885,0.009821465908954913,-83.40869140625,-3.3467779026569833,25.300048828125,37.107614511702096,2414.0,817896.0,2425.0,2400.60009765625,2417.0,1329256.0,2444.682292267998,2413.6266157779787,2426.624267578125,0.0,2426.624267578125,2426.624267578125,2440.812744140625,1049185.0,2455.5964317532575,2421.2664466287306,2492.208740234375,2127832.0,2505.3057356327795,2486.453930097325,2427.5
2025-11-11 00:00:00+05:30,2422.199951171875,2433.699951171875,2403.10009765625,2427.5,1422399.0,0.0,0.0,2418.78486328125,2432.666259765625,2481.3637084960938,2523.845927734375,2381.0166796875,2443.945394315594,2474.3124175838466,-30.367023268252524,-24.369572875015496,-5.9974503932370276,14.188211891093644,2481.3637084960938,2601.26312294852,2361.4642940436675,239.7988289048526,0.2753796015514913,10.943975342785098,6.577225020786744,-89.0560246572149,1448593.65,0.9819171856786754,-0.38021181920856684,0.01260550093331617,0.007763181166063449,30.599853515625,0.9978166637165293,1.002554047856591,0.9899485469232749,0.004090612262645274,0.008834904908800586,-50.12353515625,-2.0230488790981327,30.599853515625,37.76250532041737,2408.800048828125,780558.0,2429.300048828125,2404.0,2414.0,817896.0,2425.0,2400.60009765625,2417.0,1329256.0,2444.682292267998,2413.6266157779787,2426.624267578125,1251588.0,2444.0870900572017,2422.2586830765586,2477.62353515625,2294976.0,2506.298027731777,2462.541896386315,2424.5
2025-11-12 00:00:00+05:30,2430.60009765625,2434.800048828125,2416.199951171875,2424.5,1680827.0,0.0,0.0,2418.360009765625,2428.2468994140627,2478.449560546875,2519.7592333984376,2381.6367626953124,2440.953795190118,2470.6226088089647,-29.668813618846798,-25.42942102378176,-4.239392595065038,9.628813906624572,2478.449560546875,2601.007390024912,2355.891731068838,245.11565895607418,0.27990161552043846,14.64047130528827,9.640173532325742,-85.35952869471173,1459584.15,1.151579372796012,-0.10123076149791754,0.007671725162404619,-0.0012358393408856694,18.60009765625,1.0025160229557641,1.0042483187577336,0.9965765935953289,0.004058042127906973,0.007846346297059248,-44.193603515625,-1.790161543445068,18.60009765625,33.7403017930066,2427.5,1422399.0,2433.699951171875,2403.10009765625,2408.800048828125,780558.0,2429.300048828125,2404.0,2414.0,817896.0,2425.0,2400.60009765625,2426.624267578125,0.0,2426.624267578125,2426.624267578125,2468.693603515625,1870143.0,2493.994710552656,2464.6254854896224,2407.60009765625
2025-11-13 00:00:00+05:30,2429.0,2431.0,2405.0,2407.60009765625,1256059.0,0.0,0.0,2416.480029296875,2423.9731201171876,2473.8619384765625,2514.788828125,2382.276671142578,2435.8224571079845,2465.954274573397,-30.131817465412496,-26.369900312107912,-3.7619171533045836,14.77410158532986,2473.8619384765625,2599.9436069100457,2347.7802700430793,252.16333686696635,0.23722650705851733,6.622646247658885,10.735697631910755,-93.37735375234111,1478333.6,0.8496451680459673,0.050540676847622645,0.010799135631083616,-0.006970469104454535,26.0,1.0088884787654655,1.009719181506318,0.9989200458752344,0.003988334923957248,0.006859900086470196,-42.73779296875,-1.744159168099424,26.0,26.589677531714283,2424.5,1680827.0,2434.800048828125,2416.199951171875,2427.5,1422399.0,2433.699951171875,2403.10009765625,2408.800048828125,780558.0,2429.300048828125,2404.0,2417.0,1329256.0,2444.682292267998,2413.6266157779787,2450.337890625,1195631.0,2477.5240812054235,2435.752352825584,2427.699951171875
2025-11-14 00:00:00+05:30,2405.10009765625,2430.199951171875,2392.0,2427.699951171875,975973.0,0.0,0.0,2419.22001953125,2422.1161376953123,2468.1708862304686,2510.4645068359373,2382.7892822265626,2434.5728408101213,2463.1206209453244,-28.547780135203084,-26.805476276726946,-1.742303858476138,27.30296387413327,2468.1708862304686,2591.6419212118535,2344.6998512490836,246.9420699627699,0.33611162300253195,31.234092031449592,17.499069861465586,-68.76590796855041,1454799.95,0.6708640593505657,-0.3038396161881739,0.0157350380772696,0.008348501703082656,38.199951171875,0.9906908374304181,1.0010297812951692,0.9852947432178996,0.005111344882902268,0.006150492961983466,-18.56982421875,-0.7591077813886904,38.199951171875,27.97168793431576,2407.60009765625,1256059.0,2431.0,2405.0,2424.5,1680827.0,2434.800048828125,2416.199951171875,2427.5,1422399.0,2433.699951171875,2403.10009765625,2414.0,817896.0,2425.0,2400.60009765625,2446.269775390625,1401937.0,2460.160579225737,2433.7679550444664,2425.0
2025-11-17 00:00:00+05:30,2431.39990234375,2438.39990234375,2416.0,2425.0,920038.0,0.0,0.0,2422.460009765625,2420.53486328125,2460.2512939453127,2506.0484765625,2383.1668872070313,2433.1000960701026,2460.296871206203,-27.196775136100314,-26.88373604860162,-0.31303908749869436,29.794860834580064,2460.2512939453127,2572.4050092826883,2348.097578607937,224.30743067475123,0.34284384231377724,32.35461900052482,23.403785759877767,-67.64538099947518,1398267.35,0.6579843261018716,-0.12309268622788161,0.009237073131443299,-0.0011121436858668732,22.39990234375,1.0026391349871133,1.0055257329252578,0.9962886597938144,0.005087522353754121,0.005659674946817996,-15.812744140625,-0.6478474917252397,22.39990234375,26.44624300562204,2427.699951171875,975973.0,2430.199951171875,2392.0,2407.60009765625,1256059.0,2431.0,2405.0,2424.5,1680827.0,2434.800048828125,2416.199951171875,2408.800048828125,780558.0,2429.300048828125,2404.0,2440.812744140625,1049185.0,2455.5964317532575,2421.2664466287306,2404.0
2025-11-18 00:00:00+05:30,2415.800048828125,2422.89990234375,2401.89990234375,2404.0,1229034.0,0.0,0.0,2417.760009765625,2418.2724365234376,2451.7430786132813,2501.8712744140626,2383.459129638672,2428.6231582131636,2456.126732544367,-27.503574331203254,-27.007703705121944,-0.4958706260813095,27.267502011725497,2451.7430786132813,2552.7776265350763,2350.7085306914864,202.06909584358982,0.26372894423085586,14.031135828488761,25.873282286821063,-85.96886417151124,1409144.8,0.872184320589339,-0.018020307001984648,0.008735440931780365,-0.008659793814432937,21.0,1.0049085061681053,1.007861856216202,0.9991264152844218,0.005474215088978577,0.005210107659873258,-22.624267578125,-0.9323350087776405,23.10009765625,25.998448190851768,2425.0,920038.0,2438.39990234375,2416.0,2427.699951171875,975973.0,2430.199951171875,2392.0,2407.60009765625,1256059.0,2431.0,2405.0,2427.5,1422399.0,2433.699951171875,2403.10009765625,2426.624267578125,1251588.0,2444.0870900572017,2422.2586830765586,2441.60009765625
2025-11-19 00:00:00+05:30,2412.0,2450.699951171875,2411.0,2441.60009765625,1465143.0,0.0,0.0,2421.180029296875,2419.77001953125,2445.2488037109374,2498.63458984375,2383.963428955078,2430.619610435177,2455.050685502723,-24.431075067545862,-26.49237797760673,2.061302910060867,47.29543056987144,2445.2488037109374,2529.1146137371256,2361.382993684749,167.73162005237646,0.47824676078637973,72.76947792943841,39.718410919484,-27.230522070561594,1478300.95,0.9910992751509765,-0.018020307001984648,0.01625980897116769,0.015640639624064034,39.699951171875,0.9878767625850507,1.0037270040758763,0.9874671951047087,0.007591926864995081,0.004966221806156888,14.975830078125,0.6171466377475676,46.699951171875,26.350464104568573,2404.0,1229034.0,2422.89990234375,2401.89990234375,2425.0,920038.0,2438.39990234375,2416.0,2427.699951171875,975973.0,2430.199951171875,2392.0,2424.5,1680827.0,2434.800048828125,2416.199951171875,2426.624267578125,0.0,2426.624267578125,2426.624267578125,2428.39990234375
2025-11-20 00:00:00+05:30,2445.10009765625,2459.0,2425.0,2428.39990234375,1396929.0,0.0,0.0,2425.339990234375,2420.910009765625,2437.603381347656,2494.7747216796874,2384.2799743652345,2430.27811688265,2453.0765533949693,-22.798436512319313,-25.75358968454925,2.955153172229938,44.76477799568851,2437.603381347656,2491.9156126323687,2383.2911500629434,108.6244625694253,0.4152725013665883,54.32821245335821,47.04294207042847,-45.67178754664179,1378810.2,1.0131408949542149,0.050910434107500846,0.014000988868095894,-0.0054063707341637235,34.0,1.0068770367254511,1.0126009301955237,0.9985999413274277,0.0077019096817262525,0.004786959049723266,11.39990234375,0.47165504111501555,34.0,26.893848091620676,2441.60009765625,1465143.0,2450.699951171875,2411.0,2404.0,1229034.0,2422.89990234375,2401.89990234375,2425.0,920038.0,2438.39990234375,2416.0,2407.60009765625,1256059.0,2431.0,2405.0,2417.0,1329256.0,2444.682292267998,2413.6266157779787,2433.699951171875
2025-11-21 00:00:00+05:30,2436.199951171875,2443.199951171875,2413.0,2433.699951171875,1840712.0,0.0,0.0,2426.539990234375,2422.8800048828125,2434.449743652344,2490.9910888671875,2384.328211669922,2430.8045529271462,2451.6412495118466,-20.83669658470035,-24.770211064579474,3.9335144798791255,47.91429225967183,2434.449743652344,2481.0769482729806,2387.822539031707,93.2544092412736,0.4919597101459414,62.23873309235075,63.112141158382464,-37.76126690764925,1315305.8,1.3994555486640445,1.2505453016031378,0.012409069227015073,0.0021825271953805903,30.199951171875,1.0010272424909226,1.0039035214655059,0.9914944522384908,0.007692135218138935,0.0053168327347997615,19.699951171875,0.8160708853303555,30.199951171875,26.598845666431252,2428.39990234375,1396929.0,2459.0,2425.0,2441.60009765625,1465143.0,2450.699951171875,2411.0,2404.0,1229034.0,2422.89990234375,2401.89990234375,2427.699951171875,975973.0,2430.199951171875,2392.0,2414.0,817896.0,2425.0,2400.60009765625,2424.199951171875
2025-11-24 00:00:00+05:30,2441.89990234375,2444.89990234375,2413.0,2424.199951171875,4092327.0,0.0,0.0,2426.37998046875,2424.4199951171877,2431.0493041992186,2487.4441015625,2384.146075439453,2429.788460349412,2449.608560726587,-19.82010037717464,-23.78018892709851,3.9600885499238707,49.269010152882146,2431.0493041992186,2469.064962444715,2393.033645953722,76.03131649099305,0.409914054583614,48.059628614738806,54.87552472014926,-51.940371385261194,1413530.55,2.8951104028137205,4.242822442406586,0.013158940263293615,-0.003903521465505877,31.89990234375,1.0073013577792207,1.0085388794607757,0.9953799391974821,0.00778709454535003,0.005858313795035476,15.39990234375,0.6393184171198385,31.89990234375,27.318238192367453,2433.699951171875,1840712.0,2443.199951171875,2413.0,2428.39990234375,1396929.0,2459.0,2425.0,2441.60009765625,1465143.0,2450.699951171875,2411.0,2425.0,920038.0,2438.39990234375,2416.0,2408.800048828125,780558.0,2429.300048828125,2404.0,2414.10009765625
2025-11-25 00:00:00+05:30,2422.0,2424.199951171875,2406.0,2414.10009765625,1240672.0,0.0,0.0,2428.4,2423.0800048828123,2427.8731323242187,2484.5186474609377,2384.228131103516,2427.374866088926,2446.9783041796904,-19.603438090764485,-22.944838759831708,3.341400669067223,46.44046156941929,2427.8731323242187,2459.5989612465373,2396.1473034019,63.45165784463734,0.2829365672100765,32.985220382462686,47.76119402985075,-67.01477961753731,1360815.35,0.9117122319350673,-0.12776091659232047,0.007539020933533196,-0.004166262568705448,18.199951171875,1.0032724004905262,1.004183692931967,0.9966446719984337,0.007486784553772928,0.006197931024148241,-13.39990234375,-0.5520042160144234,18.199951171875,28.618234704644237,2424.199951171875,4092327.0,2444.89990234375,2413.0,2433.699951171875,1840712.0,2443.199951171875,2413.0,2428.39990234375,1396929.0,2459.0,2425.0,2404.0,1229034.0,2422.89990234375,2401.89990234375,2427.5,1422399.0,2433.699951171875,2403.10009765625,2425.199951171875
2025-11-26 00:00:00+05:30,2412.0,2427.699951171875,2409.0,2425.199951171875,1242683.0,0.0,0.0,2425.119970703125,2423.15,2425.698449707031,2481.8052685546877,2384.384832763672,2427.040263793995,2445.3650928326215,-18.324829038626376,-22.020836815590645,3.6960077769642687,52.31115190833287,2425.698449707031,2450.943602189351,2400.453297224711,50.735055131070304,0.4901268464212036,49.55216592817164,43.53233830845772,-50.44783407182836,1329442.35,0.9347400434475401,-0.2606716812616646,0.007710684293408072,0.004597925962722682,18.699951171875,0.9945571699498441,1.0010308428378418,0.9933201585444338,0.00765100917864469,0.006557227729222013,0.699951171875,0.028869918411023043,18.699951171875,27.735682896205358,2414.10009765625,1240672.0,2424.199951171875,2406.0,2424.199951171875,4092327.0,2444.89990234375,2413.0,2433.699951171875,1840712.0,2443.199951171875,2413.0,2441.60009765625,1465143.0,2450.699951171875,2411.0,2424.5,1680827.0,2434.800048828125,2416.199951171875,2451.699951171875
2025-11-27 00:00:00+05:30,2426.10009765625,2459.699951171875,2425.0,2451.699951171875,1872248.0,0.0,0.0,2429.77998046875,2427.5599853515623,2425.766552734375,2479.6238720703127,2384.904774169922,2430.83406185213,2445.8343416020357,-15.00027974990553,-20.616725402453625,5.616445652548094,59.38278131209099,2425.766552734375,2451.2973080061256,2400.2357974626248,51.061510543500845,1.0078854534749098,88.18315248161731,56.90684626408389,-11.816847518382684,1363273.2,1.3733476166039207,0.49057329313352316,0.014153424914532855,0.010926934081123996,34.699951171875,0.9895583252333188,1.0032630420358641,0.9891096171213314,0.007913755994809576,0.006949769836307245,44.099853515625,1.8316934593313627,34.699951171875,28.471400669642858,2425.199951171875,1242683.0,2427.699951171875,2409.0,2414.10009765625,1240672.0,2424.199951171875,2406.0,2424.199951171875,4092327.0,2444.89990234375,2413.0,2428.39990234375,1396929.0,2459.0,2425.0,2407.60009765625,1256059.0,2431.0,2405.0,2466.60009765625
2025-11-28 00:00:00+05:30,2450.0,2470.0,2447.199951171875,2466.60009765625,973225.0,0.0,0.0,2436.360009765625,2431.45,2426.783068847656,2477.962734375,2385.5893041992185,2436.336528898918,2447.372545764955,-11.036016866036789,-18.70058369517026,7.66456682913347,63.72271819358997,2426.783068847656,2456.9491795261442,2396.616958169168,60.33222135697633,1.1599629172113983,95.64115084134616,77.79215641704504,-4.358849158653846,1341837.6,0.725292688176274,-0.002815651662494756,0.009243512497137044,0.006077475539881139,22.800048828125,0.9932700490557739,1.0013783759868413,0.9921348634897044,0.007736993775053804,0.0072123347255224,38.900146484375,1.6023457291580723,22.800048828125,28.292829241071427,2451.699951171875,1872248.0,2459.699951171875,2425.0,2425.199951171875,1242683.0,2427.699951171875,2409.0,2414.10009765625,1240672.0,2424.199951171875,2406.0,2433.699951171875,1840712.0,2443.199951171875,2413.0,2427.699951171875,975973.0,2430.199951171875,2392.0,2464.5
2025-12-01 00:00:00+05:30,2466.60009765625,2488.0,2458.800048828125,2464.5,1924828.0,0.0,0.0,2444.42001953125,2435.4,2427.967431640625,2475.9202587890627,2386.306781005859,2440.6693706067767,2448.6412460868755,-7.971875480098788,-16.554842052155966,8.582966572057178,59.53608247422681,2427.967431640625,2462.0575703943664,2393.8772928868834,68.18027750748297,1.0358231103615785,75.52083333333333,86.44837888543229,-24.479166666666668,1385619.75,1.3891459038455536,1.092117934259237,0.011848225267549198,-0.0008514139192021819,29.199951171875,1.0008521394425847,1.009535402718604,0.997687177451055,0.007727205270886505,0.0074763030172356375,39.5,1.628865979381433,29.199951171875,28.192836216517858,2466.60009765625,973225.0,2470.0,2447.199951171875,2451.699951171875,1872248.0,2459.699951171875,2425.0,2425.199951171875,1242683.0,2427.699951171875,2409.0,2424.199951171875,4092327.0,2444.89990234375,2413.0,2425.0,920038.0,2438.39990234375,2416.0,2477.800048828125
2025-12-02 00:00:00+05:30,2471.0,2484.39990234375,2460.0,2477.800048828125,2179406.0,0.0,0.0,2457.160009765625,2442.7800048828126,2430.526220703125,2474.6835400390623,2387.1025402832033,2446.3817826408304,2450.80115741399,-4.419374773159689,-14.12774859635671,9.708373823197022,63.044551172125665,2430.526220703125,2471.2323330798185,2389.8201083264316,81.41222475338691,1.0806723531779325,89.3750508626302,86.8456783457699,-10.624949137369791,1432010.65,1.521920245495381,0.7732674604608172,0.009847405707853597,0.005396651989501011,24.39990234375,0.99725561034219,1.0026635940695645,0.9928161883617108,0.0068762748642747645,0.0076165089947652555,73.800048828125,3.069885558574259,24.39990234375,28.607107979910715,2464.5,1924828.0,2488.0,2458.800048828125,2466.60009765625,973225.0,2470.0,2447.199951171875,2451.699951171875,1872248.0,2459.699951171875,2425.0,2414.10009765625,1240672.0,2424.199951171875,2406.0,2404.0,1229034.0,2422.89990234375,2401.89990234375,2448.0
2025-12-03 00:00:00+05:30,2478.199951171875,2484.89990234375,2403.10009765625,2448.0,3535932.0,0.0,0.0,2461.72001953125,2443.4199951171877,2431.595007324219,2472.6007861328126,2387.9761120605467,2446.6307391576256,2450.5936642710612,-3.962925113435631,-12.094783899772494,8.131858786336863,59.300153318376175,2431.595007324219,2472.9864700997377,2390.2035445487,82.7829255510378,0.6981687958788925,58.333333333333336,74.4097391764323,-41.666666666666664,1608807.25,2.1978593147190257,1.4133698894920155,0.03341495289522059,-0.01202681743517553,81.7998046875,1.01233658136106,1.0150734895195057,0.9816585366242851,0.006813025465526685,0.007538618854818417,6.39990234375,0.262119187736487,81.7998046875,32.592808314732146,2477.800048828125,2179406.0,2484.39990234375,2460.0,2464.5,1924828.0,2488.0,2458.800048828125,2466.60009765625,973225.0,2470.0,2447.199951171875,2425.199951171875,1242683.0,2427.699951171875,2409.0,2441.60009765625,1465143.0,2450.699951171875,2411.0,2462.199951171875
2025-12-04 00:00:00+05:30,2440.0,2483.0,2423.199951171875,2462.199951171875,2587753.0,0.0,0.0,2463.82001953125,2446.8,2433.8550048828124,2471.7942333984374,2388.8359985351562,2449.026002544433,2451.4533892310956,-2.4273866866624303,-10.161304457150482,7.733917770488052,58.16373690620068,2433.8550048828124,2476.797927161328,2390.9120826042968,85.8858445570313,0.830030477493186,70.03482048170224,72.5810682258886,-29.965179518297766,1671732.1,1.54794718603537,0.8524585000382983,0.024287243121608945,0.005800633648641806,59.800048828125,0.9909836927901371,1.0084477496712747,0.9841605065496658,0.00669392698900506,0.0074378205855462984,33.800048828125,1.3918650217166872,59.800048828125,34.135672433035715,2448.0,3535932.0,2484.89990234375,2403.10009765625,2477.800048828125,2179406.0,2484.39990234375,2460.0,2464.5,1924828.0,2488.0,2458.800048828125,2451.699951171875,1872248.0,2459.699951171875,2425.0,2428.39990234375,1396929.0,2459.0,2425.0,2338.60009765625
2025-12-05 00:00:00+05:30,2422.0,2422.0,2286.699951171875,2338.60009765625,4008271.0,0.0,0.0,2438.22001953125,2437.2900146484376,2430.085009765625,2467.9739404296874,2389.0585068164064,2432.037401792405,2443.0938861116974,-11.056484319292395,-10.340340429578866,-0.7161438897135284,36.995808015333374,2430.085009765625,2490.18049185137,2369.9895276798798,120.19096417149012,-0.19594250016378006,25.78248082229162,51.383544879109074,-74.21751917770838,1831250.85,2.1888159123584843,1.1775655289909555,0.0578551454623315,-0.046037888046682324,135.300048828125,1.035662318849355,1.035662318849355,0.9778071733870235,0.017610265123743734,0.008429633576106777,-95.099853515625,-3.90762441647059,175.5,45.07139369419643,2462.199951171875,2587753.0,2483.0,2423.199951171875,2448.0,3535932.0,2484.89990234375,2403.10009765625,2477.800048828125,2179406.0,2484.39990234375,2460.0,2466.60009765625,973225.0,2470.0,2447.199951171875,2433.699951171875,1840712.0,2443.199951171875,2413.0,2314.800048828125
