Date,Open,High,Low,Close,Volume,Dividends,Stock Splits,MA_5,MA_10,MA_20,MA_50,MA_200,EMA_12,EMA_26,MACD,MACD_signal,MACD_histogram,RSI,BB_middle,BB_upper,BB_lower,BB_width,BB_position,Stoch_K,Stoch_D,Williams_R,Volume_MA,Volume_ratio,Volume_rate_of_change,High_Low_Pct,Price_Change,Price_Range,Open_Close_ratio,High_Close_ratio,Low_Close_ratio,Volatility,Volatility_MA,Momentum,ROC,True_Range,ATR,Close_lag_1,Volume_lag_1,High_lag_1,Low_lag_1,Close_lag_2,Volume_lag_2,High_lag_2,Low_lag_2,Close_lag_3,Volume_lag_3,High_lag_3,Low_lag_3,Close_lag_5,Volume_lag_5,High_lag_5,Low_lag_5,Close_lag_10,Volume_lag_10,High_lag_10,Low_lag_10,Target
2025-04-24 00:00:00+05:30,3287.4874054696716,3298.5064976170884,3274.5348867157572,3287.970703125,2252175.0,0.0,0.0,3310.3956298828125,3328.81884765625,3330.752099609375,3374.74846140024,3210.6996653654614,3328.7120117870554,3357.240498377078,10.57575238719528,10.57575238719528,0.0,0.0,3330.752099609375,3367.443470201692,3294.060729017058,73.38274118463414,0.5,50.0,50.0,-50.0,2252175.0,1.0,0.0,0.007290700880803984,0.0,23.971610901331132,0.9998530103522915,1.0032043456111317,0.9959136447303277,0.0018289230891534195,0.0020918068289934293,37.406982421875,0.0,23.971610901331132,70.05053894803599,3287.970703125,2252175.0,3298.5064976170884,3274.5348867157572,3287.970703125,2252175.0,3298.5064976170884,3274.5348867157572,3287.970703125,2252175.0,3298.5064976170884,3274.5348867157572,3287.970703125,2252175.0,3298.5064976170884,3274.5348867157572,3287.970703125,2252175.0,3298.5064976170884,3274.5348867157572,3332.820556640625
2025-04-25 00:00:00+05:30,3305.7558885472554,3361.625143451318,3291.256959211522,3332.820556640625,2742991.0,0.0,0.0,3310.3956298828125,3328.81884765625,3330.752099609375,3374.74846140024,3210.6996653654614,3328.7120117870554,3357.240498377078,10.57575238719528,10.57575238719528,0.0,0.0,3330.752099609375,3367.443470201692,3294.060729017058,73.38274118463414,0.5,50.0,50.0,-50.0,2497583.0,1.098258196023916,0.0,0.021113703256416778,0.013640587938632764,70.36818423979594,0.9918793503480278,1.0086427055766023,0.9875290023201856,0.009645352230778658,0.004822676115389329,37.406982421875,0.0,73.65444032631785,70.05053894803599,3287.970703125,2252175.0,3298.5064976170884,3274.5348867157572,3287.970703125,2252175.0,3298.5064976170884,3274.5348867157572,3287.970703125,2252175.0,3298.5064976170884,3274.5348867157572,3287.970703125,2252175.0,3298.5064976170884,3274.5348867157572,3287.970703125,2252175.0,3298.5064976170884,3274.5348867157572,3328.470703125
2025-04-28 00:00:00+05:30,3320.2546435993536,3342.2930622298845,3291.2567864500143,3328.470703125,1593296.0,0.0,0.0,3316.420654296875,3328.81884765625,3330.752099609375,3374.74846140024,3210.6996653654614,3328.7120117870554,3357.240498377078,10.57575238719528,10.57575238719528,0.0,0.0,3330.752099609375,3367.443470201692,3294.060729017058,73.38274118463414,0.5,50.0,50.0,-50.0,2196154.0,0.7254937495275833,0.0,0.015333250712392889,-0.0013051568308884987,51.036275779870266,0.9975315812400174,1.004152765740707,0.9888195150283141,0.008277926072598748,0.005974426101125803,37.406982421875,0.0,51.036275779870266,70.05053894803599,3332.820556640625,2742991.0,3361.625143451318,3291.256959211522,3287.970703125,2252175.0,3298.5064976170884,3274.5348867157572,3287.970703125,2252175.0,3298.5064976170884,3274.5348867157572,3287.970703125,2252175.0,3298.5064976170884,3274.5348867157572,3287.970703125,2252175.0,3298.5064976170884,3274.5348867157572,3356.502197265625
2025-04-29 00:00:00+05:30,3339.586779424834,3378.250591632357,3315.808440523134,3356.502197265625,1578332.0,0.0,0.0,3326.4410400390625,3328.81884765625,3330.752099609375,3374.74846140024,3210.6996653654614,3328.7120117870554,3357.240498377078,10.57575238719528,10.57575238719528,0.0,0.0,3330.752099609375,3367.443470201692,3294.060729017058,73.38274118463414,0.5,50.0,50.0,-50.0,2041698.5,0.7730485181822879,0.0,0.018603339857811426,0.008421733775306306,62.44215110922323,0.9949604031677467,1.0064794816414688,0.9878761417836573,0.007094121978826006,0.006254350070550853,37.406982421875,0.0,62.44215110922323,70.05053894803599,3328.470703125,1593296.0,3342.2930622298845,3291.2567864500143,3332.820556640625,2742991.0,3361.625143451318,3291.256959211522,3287.970703125,2252175.0,3298.5064976170884,3274.5348867157572,3287.970703125,2252175.0,3298.5064976170884,3274.5348867157572,3287.970703125,2252175.0,3298.5064976170884,3274.5348867157572,3338.330078125
2025-04-30 00:00:00+05:30,3356.0188189819924,3392.65268577439,3253.5597190937174,3338.330078125,2809332.0,0.0,0.0,3328.81884765625,3328.81884765625,3330.752099609375,3374.74846140024,3210.6996653654614,3328.7120117870554,3357.240498377078,10.57575238719528,10.57575238719528,0.0,0.0,3330.752099609375,3367.443470201692,3294.060729017058,73.38274118463414,0.5,50.0,50.0,-50.0,2195225.2,1.2797466064073972,0.0,0.04166543254428439,-0.005414004839749187,139.09296668067282,1.0052986794124705,1.0162723896014203,0.974606957057136,0.007760857069758455,0.0065556514703923735,37.406982421875,0.0,139.09296668067282,70.05053894803599,3356.502197265625,1578332.0,3378.250591632357,3315.808440523134,3328.470703125,1593296.0,3342.2930622298845,3291.2567864500143,3332.820556640625,2742991.0,3361.625143451318,3291.256959211522,3287.970703125,2252175.0,3298.5064976170884,3274.5348867157572,3287.970703125,2252175.0,3298.5064976170884,3274.5348867157572,3316.388427734375
2025-05-02 00:00:00+05:30,3356.0188344779217,3374.867442563267,3305.755879583667,3316.388427734375,1721761.0,0.0,0.0,3334.502392578125,3326.747111002604,3330.752099609375,3374.74846140024,3210.6996653654614,3328.7120117870554,3357.240498377078,10.57575238719528,10.57575238719528,0.0,0.0,3330.752099609375,3367.443470201692,3294.060729017058,73.38274118463414,0.5,50.0,50.0,-50.0,2116314.5,0.8135657531052214,0.0,0.020839405421159984,-0.006572642571925913,69.11156297959997,1.011949868842903,1.0176333430486737,0.9967939376275138,0.007979792262677357,0.006793008269106536,37.406982421875,0.0,69.11156297959997,70.05053894803599,3338.330078125,2809332.0,3392.65268577439,3253.5597190937174,3356.502197265625,1578332.0,3378.250591632357,3315.808440523134,3328.470703125,1593296.0,3342.2930622298845,3291.2567864500143,3287.970703125,2252175.0,3298.5064976170884,3274.5348867157572,3287.970703125,2252175.0,3298.5064976170884,3274.5348867157572,3338.91015625
2025-05-05 00:00:00+05:30,3334.7537493074506,3387.4331925936117,3331.2739118706236,3338.91015625,1284443.0,0.0,0.0,3335.7203125,3328.484688895089,3330.752099609375,3374.74846140024,3210.6996653654614,3330.9876920433767,3357.240498377078,10.57575238719528,10.57575238719528,0.0,68.21000045383613,3330.752099609375,3367.443470201692,3294.060729017058,73.38274118463414,0.5,61.36215165517941,53.7873838850598,-38.63784834482059,1997475.7142857143,0.643033099633609,0.0,0.016819644163789595,0.00679104061734126,56.159280722988115,0.9987551605919167,1.0145325971867745,0.9977129530229849,0.007557881102856514,0.006902275816785105,37.406982421875,0.0,71.0447648592367,70.05053894803599,3316.388427734375,1721761.0,3374.867442563267,3305.755879583667,3338.330078125,2809332.0,3392.65268577439,3253.5597190937174,3356.502197265625,1578332.0,3378.250591632357,3315.808440523134,3332.820556640625,2742991.0,3361.625143451318,3291.256959211522,3287.970703125,2252175.0,3298.5064976170884,3274.5348867157572,3344.419921875
2025-05-06 00:00:00+05:30,3344.419921875,3356.9856614658597,3322.1882287527096,3344.419921875,1324763.0,0.0,0.0,3338.91015625,3330.476593017578,3330.752099609375,3374.74846140024,3210.6996653654614,3333.790791376852,3357.240498377078,10.57575238719528,10.57575238719528,0.0,69.41484091344199,3330.752099609375,3367.443470201692,3294.060729017058,73.38274118463414,0.5,65.32336246007166,58.89517137175036,-34.67663753992833,1913386.625,0.6923655588948209,0.0,0.010404624277456592,0.0016501688776160428,34.7974327131501,1.0,1.003757225433526,0.9933526011560694,0.007000169376273559,0.006914512511721162,37.406982421875,0.0,34.7974327131501,65.64390066867526,3338.91015625,1284443.0,3387.4331925936117,3331.2739118706236,3316.388427734375,1721761.0,3374.867442563267,3305.755879583667,3338.330078125,2809332.0,3392.65268577439,3253.5597190937174,3328.470703125,1593296.0,3342.2930622298845,3291.2567864500143,3287.970703125,2252175.0,3298.5064976170884,3274.5348867157572,3330.017578125
2025-05-07 00:00:00+05:30,3306.335993163342,3343.936456116555,3306.335993163342,3330.017578125,1477128.0,0.0,0.0,3333.613232421875,3330.425591362847,3330.752099609375,3374.74846140024,3210.6996653654614,3333.0443154957547,3357.240498377078,10.57575238719528,10.57575238719528,0.0,63.157838442426815,3330.752099609375,3367.443470201692,3294.060729017058,73.38274118463414,0.5,54.96888940963725,60.55146784162944,-45.03111059036275,1885938.3956713334,0.7920624972705018,0.0,0.011291370712338386,-0.004306380205367777,37.60046295321263,0.992888450464279,1.0041798211766173,0.992888450464279,0.006892809860067933,0.006912101105981915,37.406982421875,0.0,38.08392871165779,62.58168156233998,3344.419921875,1324763.0,3356.9856614658597,3322.1882287527096,3338.91015625,1284443.0,3387.4331925936117,3331.2739118706236,3316.388427734375,1721761.0,3374.867442563267,3305.755879583667,3356.502197265625,1578332.0,3378.250591632357,3315.808440523134,3287.970703125,2252175.0,3298.5064976170884,3274.5348867157572,3333.690673828125
2025-05-08 00:00:00+05:30,3332.8208323900835,3360.8520980917406,3314.165494570907,3333.690673828125,2543591.0,0.0,0.0,3332.6853515625,3330.752099609375,3330.752099609375,3374.74846140024,3210.6996653654614,3333.166800148535,3357.240498377078,10.57575238719528,10.57575238719528,0.0,63.9857565134526,3330.752099609375,3367.443470201692,3294.060729017058,73.38274118463414,0.5400444869094834,57.60963810511775,59.30062999160888,-42.39036189488225,1932781.2,1.3160263562166272,0.0,0.01400447974593357,0.0011030259201194603,46.686603520833614,0.9997390755402502,1.008147553843808,0.9941430740978745,0.006499445859776551,0.006870835581361379,37.406982421875,0.0,46.686603520833614,60.992173758189345,3330.017578125,1477128.0,3343.936456116555,3306.335993163342,3344.419921875,1324763.0,3356.9856614658597,3322.1882287527096,3338.91015625,1284443.0,3387.4331925936117,3331.2739118706236,3338.330078125,2809332.0,3392.65268577439,3253.5597190937174,3287.970703125,2252175.0,3298.5064976170884,3274.5348867157572,3325.377685546875
2025-05-09 00:00:00+05:30,3285.457254527544,3331.0805031274213,3284.5874131966707,3325.377685546875,2531757.0,0.0,0.0,3334.483203125,3334.4927978515625,3330.263516512784,3374.74846140024,3210.6996653654614,3331.741579985249,3357.240498377078,10.57575238719528,10.57575238719528,0.0,60.88900702012227,3330.263516512784,3365.2225553984363,3295.16352601178,71.39737471490363,0.4301206337237974,51.633068275864765,54.73719859687325,-48.366931724135235,1987233.5454545454,1.2740108004874204,0.12413866595624223,0.013981296059339057,-0.002493629161971378,46.49308993075056,0.9879952189512675,1.0017149383077093,0.9877336422483703,0.006606124039615335,0.007531447985322912,37.406982421875,1.1376920842488758,49.103260631454305,59.9113634739407,3333.690673828125,2543591.0,3360.8520980917406,3314.165494570907,3330.017578125,1477128.0,3343.936456116555,3306.335993163342,3344.419921875,1324763.0,3356.9856614658597,3322.1882287527096,3316.388427734375,1721761.0,3374.867442563267,3305.755879583667,3287.970703125,2252175.0,3298.5064976170884,3274.5348867157572,3482.4817995195326
2025-05-12 00:00:00+05:30,3387.9166622272146,3506.079922316554,3385.2101480817496,3482.4817995195326,2228678.0,0.0,0.0,3366.593505859375,3351.1569091796873,3344.3633626302085,3374.74846140024,3210.6996653654614,3361.5616613744787,3357.240498377078,10.57575238719528,10.57575238719528,0.0,79.47495251004221,3344.3633626302085,3447.580139261894,3241.146585998523,206.43355326337132,1.2092342434962282,96.18144041257617,68.47471559785289,-3.818559587423839,2007353.9166666667,1.1102566326225398,-0.18750079748712267,0.035438087583934325,0.04408062843894683,124.01422915531248,0.9681250951672373,1.002789774038418,0.9673516864544837,0.01734695058526376,0.008301607820771422,166.64111328125,5.000002563870964,183.84669169018707,70.23930749196124,3325.377685546875,2531757.0,3331.0805031274213,3284.5874131966707,3333.690673828125,2543591.0,3360.8520980917406,3314.165494570907,3330.017578125,1477128.0,3343.936456116555,3306.335993163342,3338.91015625,1284443.0,3387.4331925936117,3331.2739118706236,3332.820556640625,2742991.0,3361.625143451318,3291.256959211522,3397.58251953125
2025-05-13 00:00:00+05:30,3488.3513191018487,3501.9748131612287,3393.232840630001,3397.58251953125,3062887.0,0.0,0.0,3377.226025390625,3358.0680908203126,3348.4571439302886,3374.74846140024,3210.6996653654614,3367.8162507642733,3357.240498377078,10.57575238719528,10.57575238719528,0.0,62.240892876033186,3348.4571439302886,3451.5947449981136,3245.3195428624635,206.27520213565003,0.7381545386568366,56.332698263200186,68.04906898388037,-43.667301736799814,2088548.7692307692,1.4665144741284102,0.9223590594591338,0.032005689900426654,-0.029112806482860965,108.74197253122747,1.0299857474662164,1.0307254623044098,0.998719772403983,0.02042900905457221,0.009516716118968769,69.11181640625,2.076383497723544,108.74197253122747,73.20105095652018,3482.4817995195326,2228678.0,3506.079922316554,3385.2101480817496,3325.377685546875,2531757.0,3331.0805031274213,3284.5874131966707,3333.690673828125,2543591.0,3360.8520980917406,3314.165494570907,3344.419921875,1324763.0,3356.9856614658597,3322.1882287527096,3328.470703125,1593296.0,3342.2930622298845,3291.2567864500143,3430.15673828125
2025-05-14 00:00:00+05:30,3403.3820953219624,3442.0459078220697,3391.396407841002,3430.15673828125,2119499.0,0.0,0.0,3397.253857421875,3365.433544921875,3354.2928292410716,3374.74846140024,3210.6996653654614,3378.430845368356,3365.429859877463,13.000985490893072,11.923104111471831,1.0778813794212407,64.80172498802939,3354.2928292410716,3462.580402015589,3246.0052564665543,216.57514554903446,0.8502890825623488,69.07369226157147,73.86261031244926,-30.926307738428534,2090759.5,1.0137459616947813,0.3428727289315556,0.014765943321425732,0.009587469491247003,50.64949998106749,0.9921943383343166,1.003466071800199,0.9887001284787734,0.020471474460567584,0.010854451367142925,73.654541015625,2.194383816451184,50.64949998106749,71.59022588684499,3397.58251953125,3062887.0,3501.9748131612287,3393.232840630001,3482.4817995195326,2228678.0,3506.079922316554,3385.2101480817496,3325.377685546875,2531757.0,3331.0805031274213,3284.5874131966707,3330.017578125,1477128.0,3343.936456116555,3306.335993163342,3356.502197265625,1578332.0,3378.250591632357,3315.808440523134,3460.314453125
2025-05-15 00:00:00+05:30,3444.945682102287,3479.7431132346333,3396.712670565691,3460.314453125,3548330.0,0.0,0.0,3422.57861328125,3377.631982421875,3361.3609375,3374.74846140024,3210.6996653654614,3392.1477514660396,3375.6940486279714,16.45370283806824,13.779906868273637,2.673795969794602,66.88122117192866,3361.3609375,3479.2002436662783,3243.521631333722,235.67861233255644,0.9198663368119745,80.86950129624897,68.75863060700688,-19.130498703751034,2187930.8666666667,1.6217742772676882,0.26305114525445905,0.023995057037072935,0.008791934930314937,83.03044266894221,0.9955585623124992,1.0056147094065648,0.9816196523694919,0.020364825945645617,0.012114848254731641,121.984375,3.6540537378051408,83.03044266894221,75.80871387024578,3430.15673828125,2119499.0,3442.0459078220697,3391.396407841002,3397.58251953125,3062887.0,3501.9748131612287,3393.232840630001,3482.4817995195326,2228678.0,3506.079922316554,3385.2101480817496,3333.690673828125,2543591.0,3360.8520980917406,3314.165494570907,3338.330078125,2809332.0,3392.65268577439,3253.5597190937174,3442.3359375
2025-05-16 00:00:00+05:30,3473.84680313206,3473.84680313206,3416.325276088878,3442.3359375,1666727.0,0.0,0.0,3437.4657961068365,3390.2267333984373,3366.421875,3374.74846140024,3210.6996653654614,3400.4417449196594,3382.665337654035,17.776407265624584,15.133734916156751,2.6426723494678335,61.32319658073919,3366.421875,3487.250677838906,3245.593072161094,241.65760567781217,0.8141389334181013,73.83743211798974,74.59354189193674,-26.162567882010276,2155355.625,0.773295590141882,-0.031963785914537524,0.013422009949211835,-0.00519563059038286,46.20306720165445,1.00915391937457,1.00915391937457,0.9957319094253582,0.02029157887400975,0.013346026915864881,125.947509765625,3.797730950703726,46.20306720165445,73.84790150419839,3460.314453125,3548330.0,3479.7431132346333,3396.712670565691,3430.15673828125,2119499.0,3442.0459078220697,3391.396407841002,3397.58251953125,3062887.0,3501.9748131612287,3393.232840630001,3325.377685546875,2531757.0,3331.0805031274213,3284.5874131966707,3316.388427734375,1721761.0,3374.867442563267,3305.755879583667,3401.255615234375
2025-05-19 00:00:00+05:30,3431.413341631395,3431.413341631395,3386.659931697025,3401.255615234375,2537377.0,0.0,0.0,3426.329052734375,3396.461279296875,3368.4709185431984,3374.74846140024,3210.6996653654614,3400.5175468502207,3384.552413174902,16.02231268854939,15.398066714226909,0.6242459743224824,56.994257298729785,3368.4709185431984,3486.6767898982894,3250.2650471881075,236.4117427101819,0.6386762616583198,57.76938322771553,70.82543888065142,-42.23061677228447,2177827.470588235,1.165095506539207,0.9754687440392451,0.013157908430615225,-0.011933850446757877,44.753409934369756,1.0088666450889319,1.0088666450889319,0.9957087366583166,0.020853039413299496,0.014675542746909178,62.345458984375,1.8672397898359838,55.67600580297494,74.17931079156301,3442.3359375,1666727.0,3473.84680313206,3416.325276088878,3460.314453125,3548330.0,3479.7431132346333,3396.712670565691,3430.15673828125,2119499.0,3442.0459078220697,3391.396407841002,3482.4817995195326,2228678.0,3506.079922316554,3385.2101480817496,3338.91015625,1284443.0,3387.4331925936117,3331.2739118706236,3381.440185546875
2025-05-20 00:00:00+05:30,3413.8211261851047,3439.145874352896,3377.283778805233,3381.440185546875,2038374.0,0.0,0.0,3423.1005859375,3400.1633056640626,3369.1914333767363,3374.74846140024,3210.6996653654614,3397.4778368791854,3384.2449305722694,13.232906306915993,14.81118786325574,-1.5782815563397463,52.434860462610615,3369.1914333767363,3484.0308295976392,3254.3520371558334,229.67879244180585,0.5533299223664377,50.01882832841851,60.54188122470793,-49.98117167158149,2170080.0555555555,0.9393082042211397,0.538670690531061,0.01829459997904953,-0.005825916052514812,61.8620955476631,1.0095760796765336,1.017065417585285,0.9987708176062354,0.021002209476655997,0.016075746756947423,37.020263671875,1.1069262992285944,61.8620955476631,74.13787825145157,3401.255615234375,2537377.0,3431.413341631395,3386.659931697025,3442.3359375,1666727.0,3473.84680313206,3416.325276088878,3460.314453125,3548330.0,3479.7431132346333,3396.712670565691,3397.58251953125,3062887.0,3501.9748131612287,3393.232840630001,3344.419921875,1324763.0,3356.9856614658597,3322.1882287527096,3408.021728515625
2025-05-21 00:00:00+05:30,3390.8162851170264,3418.8475485914832,3381.4403579795026,3408.021728515625,1440153.0,0.0,0.0,3418.673583984375,3407.963720703125,3371.2351331208883,3374.74846140024,3210.6996653654614,3399.17079871293,3386.5373579417032,12.63344077122656,14.260058171268957,-1.626617400042397,56.69452289121251,3371.2351331208883,3484.2521463779435,3258.218119863833,226.03402651411034,0.66274804268215,54.948354491097874,54.24552201574397,-45.051645508902126,2131662.8421052634,0.6756007430226079,-0.025031683103969304,0.010976218343617639,0.007861012323200578,37.407190611980695,0.9949514865898192,1.0031765701448663,0.9922003518012487,0.020994001268667954,0.017485865897807422,78.004150390625,2.342454613544298,37.407363044608246,66.87462084887554,3381.440185546875,2038374.0,3439.145874352896,3377.283778805233,3401.255615234375,2537377.0,3431.413341631395,3386.659931697025,3442.3359375,1666727.0,3473.84680313206,3416.325276088878,3430.15673828125,2119499.0,3442.0459078220697,3391.396407841002,3330.017578125,1477128.0,3343.936456116555,3306.335993163342,3360.8515625
2025-05-22 00:00:00+05:30,3378.2502763697153,3380.956790168703,3336.0101126719387,3360.8515625,2034383.0,0.0,0.0,3398.781005859375,3410.6798095703125,3370.715954589844,3374.74846140024,3210.6996653654614,3393.059188887318,3384.114992199928,8.944196687390104,12.982556691895509,-4.038360004505405,54.073648257211936,3370.715954589844,3480.8166084402387,3260.615300739449,220.20130770078958,0.45520284510186604,33.94995548890006,46.305712769472144,-66.05004451109994,2126798.85,0.9565469719903225,-0.20019256240488348,0.013373597929249246,-0.0138409229087193,44.946677496764096,1.005176876617774,1.005982182579271,0.9926085846500217,0.021627833501766208,0.018998704662006392,27.160888671875,0.8147393183508989,72.01161584368629,67.08176748202456,3408.021728515625,1440153.0,3418.8475485914832,3381.4403579795026,3381.440185546875,2038374.0,3439.145874352896,3377.283778805233,3401.255615234375,2537377.0,3431.413341631395,3386.659931697025,3460.314453125,3548330.0,3479.7431132346333,3396.712670565691,3333.690673828125,2543591.0,3360.8520980917406,3314.165494570907,3397.196044921875
2025-05-23 00:00:00+05:30,3360.851966080111,3416.9144952813326,3349.8328737001534,3397.196044921875,1274331.0,0.0,0.0,3389.75302734375,3414.768198950782,3376.1772216796876,3374.74846140024,3210.6996653654614,3393.715279977441,3385.324168986791,8.39111099064985,11.921909956628179,-3.530798965978329,55.208154720845315,3376.1772216796876,3479.6313978324088,3272.7230455269664,206.90835230544235,0.6015851849767717,50.129163829402735,46.34249126980023,-49.870836170597265,2077906.65,0.6132763471352286,-0.49666140944806314,0.019746173224666486,0.010814069513632285,67.0816215811792,0.9893017422718094,1.0058043310126104,0.9860581577879439,0.021796456978738762,0.020517737955918734,71.818359375,2.1597053377468978,67.0816215811792,66.79868581930616,3360.8515625,2034383.0,3380.956790168703,3336.0101126719387,3408.021728515625,1440153.0,3418.8475485914832,3381.4403579795026,3381.440185546875,2038374.0,3439.145874352896,3377.283778805233,3442.3359375,1666727.0,3473.84680313206,3416.325276088878,3325.377685546875,2531757.0,3331.0805031274213,3284.5874131966707,3419.137451171875
2025-05-26 00:00:00+05:30,3403.3819012793415,3426.5801874567637,3392.8461073678304,3419.137451171875,967470.0,0.0,0.0,3393.32939453125,3409.8292236328125,3380.49306640625,3374.74846140024,3210.6996653654614,3397.728086178378,3388.1444273653606,9.334670903965161,11.342218219810771,-2.00754731584561,56.48594887332009,3380.49306640625,3483.532549668447,3277.453583144053,206.07896652439376,0.6875222174168402,59.89665972827661,47.9919263488598,-40.10334027172339,1989130.6,0.48637832025710126,-0.5658996050573479,0.009866254448873145,0.00645868120646087,33.7340800889333,0.9953919518833226,1.002176787681448,0.9923105332325749,0.013258093042020691,0.020108852201594425,-80.32421875,-2.2953307201616924,33.7340800889333,66.72273206043353,3397.196044921875,1274331.0,3416.9144952813326,3349.8328737001534,3360.8515625,2034383.0,3380.956790168703,3336.0101126719387,3408.021728515625,1440153.0,3418.8475485914832,3381.4403579795026,3401.255615234375,2537377.0,3431.413341631395,3386.659931697025,3482.4817995195326,2228678.0,3506.079922316554,3385.2101480817496,3381.826904296875
2025-05-27 00:00:00+05:30,3414.014574749619,3421.747337093333,3366.7481593177404,3381.826904296875,2467680.0,0.0,0.0,3393.40673828125,3408.253662109375,3383.1608764648436,3374.74846140024,3210.6996653654614,3395.228138054531,3387.807158577925,7.420979476606135,10.484273588505113,-3.063294111898978,54.325347956409594,3383.1608764648436,3483.249784740326,3283.071968189361,200.17781655096496,0.4933360639507778,43.287395516403045,51.10440635802746,-56.712604483596955,2032849.8,1.213901784578477,-0.19432874931396427,0.016263155782962137,-0.010912268783523804,54.99917777559267,1.0095178349938156,1.0118043986064857,0.9955412428235236,0.010010622861722895,0.019067013582309496,-15.755615234375,-0.4637301711968078,54.99917777559267,67.93096413642888,3419.137451171875,967470.0,3426.5801874567637,3392.8461073678304,3397.196044921875,1274331.0,3416.9144952813326,3349.8328737001534,3360.8515625,2034383.0,3380.956790168703,3336.0101126719387,3381.440185546875,2038374.0,3439.145874352896,3377.283778805233,3397.58251953125,3062887.0,3501.9748131612287,3393.232840630001,3380.860107421875
2025-05-28 00:00:00+05:30,3402.4152283668,3411.114585484783,3376.31715701285,3380.860107421875,1222933.0,0.0,0.0,3387.9744140625,3403.3239990234374,3384.378771972656,3374.74846140024,3210.6996653654614,3392.976819079326,3387.196217135372,5.780601943954025,9.474122183627575,-3.69352023967355,53.95585792768622,3384.378771972656,3483.6916146055023,3285.06592933981,198.62568526569248,0.4822849469539938,42.85701359812438,48.68035628093468,-57.14298640187562,2015079.85,0.6068905904646905,-0.4230084562436689,0.01029247805774144,-0.00028588005902119296,34.79742847193302,1.006375632312501,1.0089487518269364,0.9986562737691951,0.009381082687518034,0.01795797440500454,-49.296630859375,-1.4371538859788702,34.79742847193302,67.0817373472217,3381.826904296875,2467680.0,3421.747337093333,3366.7481593177404,3419.137451171875,967470.0,3426.5801874567637,3392.8461073678304,3397.196044921875,1274331.0,3416.9144952813326,3349.8328737001534,3408.021728515625,1440153.0,3418.8475485914832,3381.4403579795026,3430.15673828125,2119499.0,3442.0459078220697,3391.396407841002,3381.2470703125
2025-05-29 00:00:00+05:30,3387.626457620242,3414.4978538154573,3370.034470581059,3381.2470703125,3188072.0,0.0,0.0,3392.053515625,3395.4172607421874,3386.524621582031,3374.74846140024,3210.6996653654614,3391.144102045019,3386.680190458735,4.463911586283757,8.413787551278755,-3.949875964994998,54.74860752527744,3386.524621582031,3483.4746090366816,3289.5746341273807,193.8999749093009,0.47278209410805855,26.116184919373975,37.42019801130047,-73.88381508062602,2034016.85,1.567377379395849,-0.10152888823756523,0.013149995344850394,0.00011445693649836386,44.46338323439841,1.0018866965871123,1.009833881645296,0.9966838863004457,0.008710219028553191,0.016792513713295296,-79.0673828125,-2.2849768101593892,44.46338323439841,66.75031753314627,3380.860107421875,1222933.0,3411.114585484783,3376.31715701285,3381.826904296875,2467680.0,3421.747337093333,3366.7481593177404,3419.137451171875,967470.0,3426.5801874567637,3392.8461073678304,3360.8515625,2034383.0,3380.956790168703,3336.0101126719387,3460.314453125,3548330.0,3479.7431132346333,3396.712670565691,3347.7060546875
2025-05-30 00:00:00+05:30,3373.4175839622008,3389.5596782127777,3337.7503119241223,3347.7060546875,3404365.0,0.0,0.0,3382.155517578125,3385.9542724609373,3387.9976459463865,3373.934335561899,3210.6996653654614,3384.373358685366,3383.3418707220935,1.0314879632724114,6.8694049694178565,-5.837917006145445,33.05271021514318,3387.9976459463865,3481.2066512050997,3294.974354654275,186.23229655082469,0.2831501356631448,7.047246782647042,25.3401484333818,-92.95275321735296,2118147.05,1.6072373256615966,1.0425450598688326,0.015476079871502237,-0.009919717467407718,51.80936628865538,1.0076803425553744,1.0125021799529483,0.9970261000814461,0.009009221857496632,0.015664278011643988,-94.6298828125,-2.74900197222544,51.80936628865538,57.31908000446544,3381.2470703125,3188072.0,3414.4978538154573,3370.034470581059,3380.860107421875,1222933.0,3411.114585484783,3376.31715701285,3381.826904296875,2467680.0,3421.747337093333,3366.7481593177404,3397.196044921875,1274331.0,3416.9144952813326,3349.8328737001534,3442.3359375,1666727.0,3473.84680313206,3416.325276088878,3334.560546875
2025-06-02 00:00:00+05:30,3334.7538187399196,3344.4197718377163,3304.4028204069105,3334.560546875,1877585.0,0.0,0.0,3365.24013671875,3379.284765625,3387.8730224609376,3372.4760470920137,3210.6996653654614,3376.624664692021,3379.2113529477406,-2.586688255719764,4.909218390431751,-7.495906646151515,41.2224351589522,3387.8730224609376,3481.4917731934784,3294.254271728397,187.23750146508155,0.2152681745441899,17.1995415210812,16.78765774103407,-82.8004584789188,2147804.15,0.874188179587976,-0.2600291560930835,0.012000667214847233,-0.003926721043531756,40.016951430805875,1.0000579602206057,1.0029566789458826,0.9909560117310354,0.008439835125032411,0.014422957582817277,-66.695068359375,-1.9608955016684027,43.30323428058955,52.644884415134165,3347.7060546875,3404365.0,3389.5596782127777,3337.7503119241223,3381.2470703125,3188072.0,3414.4978538154573,3370.034470581059,3380.860107421875,1222933.0,3411.114585484783,3376.31715701285,3419.137451171875,967470.0,3426.5801874567637,3392.8461073678304,3401.255615234375,2537377.0,3431.413341631395,3386.659931697025,3291.4501953125
2025-06-03 00:00:00+05:30,3330.8873298742683,3357.468700034321,3286.9072447003623,3291.4501953125,2848125.0,0.0,0.0,3347.164794921875,3370.2857666015625,3385.2245361328123,3369.582266671317,3210.6996653654614,3363.3978630510665,3371.8581945020014,-8.460331450934973,2.1578647005810563,-10.61819615151603,31.232070866901253,3385.2245361328123,3486.687658673481,3283.7614135921435,202.92624508133758,0.037889538227421644,2.3558638995267236,8.867550734418321,-97.64413610047329,2223972.25,1.2806477239093248,0.39725339903275847,0.02143780131762238,-0.012928345716469614,70.56145533395875,1.0119816895962552,1.0200575736542636,0.9986197723366413,0.009077362049713884,0.013230472840123065,-89.989990234375,-2.661291795697429,70.56145533395875,54.06716694034068,3334.560546875,1877585.0,3344.4197718377163,3304.4028204069105,3347.7060546875,3404365.0,3389.5596782127777,3337.7503119241223,3381.2470703125,3188072.0,3414.4978538154573,3370.034470581059,3381.826904296875,2467680.0,3421.747337093333,3366.7481593177404,3381.440185546875,2038374.0,3439.145874352896,3377.283778805233,3297.0087890625
2025-06-04 00:00:00+05:30,3304.9078969735056,3310.56402774214,3286.379348716646,3297.0087890625,2544807.0,30.0,0.0,3330.39453125,3359.18447265625,3383.5740966796875,3367.079732960668,3210.6996653654614,3353.1031293736196,3365.647181479991,-12.54405210637151,-0.850255506017061,-11.693796600354448,26.327821975595256,3383.5740966796875,3489.781307933039,3277.366885426336,212.41442250670298,0.09246972688751474,5.670019032903763,8.408474817837229,-94.32998096709623,2277356.2,1.1174391603737701,0.7670393354039466,0.007335339567708853,0.0016887977700275059,24.184679025494006,1.0023958407199913,1.0041113747481074,0.9967760351803986,0.008472436714444816,0.011978316384700751,-111.012939453125,-3.257401163973128,24.184679025494006,49.86389810866581,3291.4501953125,2848125.0,3357.468700034321,3286.9072447003623,3334.560546875,1877585.0,3344.4197718377163,3304.4028204069105,3347.7060546875,3404365.0,3389.5596782127777,3337.7503119241223,3380.860107421875,1222933.0,3411.114585484783,3376.31715701285,3408.021728515625,1440153.0,3418.8475485914832,3381.4403579795026,3287.4521484375
2025-06-05 00:00:00+05:30,3324.4116310325603,3324.4116310325603,3280.2356236372652,3287.4521484375,3584683.0,0.0,0.0,3311.635546875,3351.84453125,3381.262170410156,3364.4254801432294,3210.6996653654614,3342.935259549767,3359.2158258422155,-16.280566292448384,-3.992931073359444,-12.28763521908894,26.986731904372206,3381.262170410156,3493.8621037348885,3268.662237085424,225.19986664946464,0.08343660070333718,4.541258205645088,4.189047046025191,-95.4587417943549,2329410.8,1.5388797029703822,0.762049230651259,0.013437764384279047,-0.0028985790564778346,44.17600739529507,1.0112425918085612,1.0112425918085612,0.9978048274242821,0.007619729822788988,0.01057750601680303,-73.3994140625,-2.1839528672281228,44.17600739529507,49.71910812249728,3297.0087890625,2544807.0,3310.56402774214,3286.379348716646,3291.4501953125,2848125.0,3357.468700034321,3286.9072447003623,3334.560546875,1877585.0,3344.4197718377163,3304.4028204069105,3381.2470703125,3188072.0,3414.4978538154573,3370.034470581059,3360.8515625,2034383.0,3380.956790168703,3336.0101126719387,3300.22705078125
2025-06-06 00:00:00+05:30,3287.4522468224686,3306.7607545858014,3275.359787909923,3300.22705078125,2070390.0,0.0,0.0,3302.13974609375,3342.1476318359373,3380.004638671875,3362.3545630670365,3210.6996653654614,3336.327528292438,3354.4034732814207,-18.075944988982883,-6.850718919780924,-11.225226069201959,33.61013303971389,3380.004638671875,3494.9441024367525,3264.2589774633275,231.49132241709503,0.15537547128058726,15.182768824496774,8.464682021015209,-84.81723117550322,2306342.45,0.8976940956881749,0.6246877773514103,0.009514789798612486,0.003885958416101065,31.400966675878408,0.9961291136148475,1.0019797740288823,0.9924649842302697,0.0065464061880466835,0.009052500937733823,-96.968994140625,-2.85438322835605,31.400966675878408,47.9851767562761,3287.4521484375,3584683.0,3324.4116310325603,3280.2356236372652,3297.0087890625,2544807.0,3310.56402774214,3286.379348716646,3291.4501953125,2848125.0,3357.468700034321,3286.9072447003623,3347.7060546875,3404365.0,3389.5596782127777,3337.7503119241223,3397.196044921875,1274331.0,3416.9144952813326,3349.8328737001534,3336.991455078125
2025-06-09 00:00:00+05:30,3315.634960419095,3348.791310023286,3306.760665733127,3336.991455078125,1718678.0,0.0,0.0,3302.625927734375,3333.9330322265623,3371.8811279296874,3361.561965942383,3210.6996653654614,3336.4301602719115,3352.9935703630886,-16.563410091177047,-8.81591431437193,-7.747495776805117,43.164958237850534,3371.8811279296874,3474.3725643196876,3269.389691539687,204.98287278000043,0.32979225347764524,40.75618590672454,20.160070978955467,-59.24381409327546,2280842.45,0.7535277151650698,0.7764664537401678,0.012595370667251153,0.011139962109022683,42.03064429015876,0.9936000751136086,1.0035360758647447,0.9909407051974934,0.007399582002266545,0.008466649833758408,-82.14599609375,-2.402535647275461,48.56425924203586,47.03533130587415,3300.22705078125,2070390.0,3306.7607545858014,3275.359787909923,3287.4521484375,3584683.0,3324.4116310325603,3280.2356236372652,3297.0087890625,2544807.0,3310.56402774214,3286.379348716646,3334.560546875,1877585.0,3344.4197718377163,3304.4028204069105,3419.137451171875,967470.0,3426.5801874567637,3392.8461073678304,3376.973876953125
2025-06-10 00:00:00+05:30,3354.642197095073,3399.305794893864,3338.259013167141,3376.973876953125,2419874.0,0.0,0.0,3319.7306640625,3333.4477294921876,3370.850695800781,3362.028993548769,3210.6996653654614,3342.692924494504,3354.9220229305247,-12.22909843602065,-9.504905965025943,-2.7241924709947067,45.41464090031283,3370.850695800781,3472.6663060071155,3269.0350855944466,203.63122041266888,0.5300699526326808,67.19601941782128,41.0449913830142,-32.80398058217872,2248691.8,1.0761252386832203,-0.019372852233677018,0.018077362736901765,0.011981577541697375,61.04678172672311,0.9933870735540895,1.0066129969476956,0.9885356342107939,0.007992610531231856,0.008264848600709303,-4.85302734375,-0.14350312659656694,62.314339815739004,48.81440107524064,3336.991455078125,1718678.0,3348.791310023286,3306.760665733127,3300.22705078125,2070390.0,3306.7607545858014,3275.359787909923,3287.4521484375,3584683.0,3324.4116310325603,3280.2356236372652,3291.4501953125,2848125.0,3357.468700034321,3286.9072447003623,3381.826904296875,2467680.0,3421.747337093333,3366.7481593177404,3385.750732421875
2025-06-11 00:00:00+05:30,3383.8979728571367,3402.4265208353168,3363.516665314218,3385.750732421875,2847013.0,0.0,0.0,3337.479052734375,3333.9367919921874,3368.6303955078124,3362.726691750919,3210.6996653654614,3349.339896119402,3357.385582504187,-8.045686384784858,-9.210892613356728,1.1652062285718703,54.14763729412693,3368.6303955078124,3466.8746641627317,3270.386126852893,196.48853730983865,0.5871314792631689,73.00003494419963,60.317413422915145,-26.999965055800377,2285067.5,1.245920744135567,1.3280204230321693,0.011492238677968534,0.002599029719669854,38.90985552109896,0.9994527773273454,1.0049252853300021,0.9934330466520337,0.008037689164202607,0.00813050924837776,4.890625,0.14465623671513494,38.90985552109896,46.44998962362725,3376.973876953125,2419874.0,3399.305794893864,3338.259013167141,3336.991455078125,1718678.0,3348.791310023286,3306.760665733127,3300.22705078125,2070390.0,3306.7607545858014,3275.359787909923,3297.0087890625,2544807.0,3310.56402774214,3286.379348716646,3380.860107421875,1222933.0,3411.114585484783,3376.31715701285,3348.986328125
2025-06-12 00:00:00+05:30,3385.750821410403,3388.4813919586536,3338.2592737504274,3348.986328125,4060134.0,0.0,0.0,3349.785888671875,3330.7107177734374,3363.0639892578124,3362.3341099330355,3210.6996653654614,3349.285343448255,3356.718283017511,-7.4329395692561775,-8.853190503971351,1.420250934715174,41.980573092945875,3363.0639892578124,3451.5684321176905,3274.5595463979344,177.0088857197561,0.4204691839306845,48.68823282818474,62.96142906340188,-51.31176717181526,2310657.7,1.7571334776241412,0.27353899159115613,0.014996214761003256,-0.010858567922564344,50.22211820822622,1.0109777973641316,1.0117931397635074,0.9967969250025042,0.008762961495949474,0.008135783495117389,-32.2607421875,-0.9541078045065321,50.22211820822622,45.24573938270204,3385.750732421875,2847013.0,3402.4265208353168,3363.516665314218,3376.973876953125,2419874.0,3399.305794893864,3338.259013167141,3336.991455078125,1718678.0,3348.791310023286,3306.760665733127,3287.4521484375,3584683.0,3324.4116310325603,3280.2356236372652,3381.2470703125,3188072.0,3414.4978538154573,3370.034470581059,3360.200927734375
2025-06-13 00:00:00+05:30,3309.003623498393,3364.8818717382055,3309.003623498393,3360.200927734375,2178493.0,0.0,0.0,3361.7806640625,3331.960205078125,3358.957238769531,3362.274854871962,3210.6996653654614,3350.9687791329757,3356.9934915159242,-6.0247123829485645,-8.284810782420198,2.2600983994716337,39.833412227667154,3358.957238769531,3439.2117946722374,3278.702682866825,160.50911180541243,0.5077484010150874,57.95652724409911,59.88159833882782,-42.04347275590089,2336246.0,0.9324758608468457,-0.3600882984051358,0.016629436584760553,0.003348654939315132,55.878248239812365,0.9847636182070512,1.0013930547918117,0.9847636182070512,0.00823828539981985,0.008058689849349713,12.494873046875,0.3732368625787741,55.878248239812365,46.8274656791934,3348.986328125,4060134.0,3388.4813919586536,3338.2592737504274,3385.750732421875,2847013.0,3402.4265208353168,3363.516665314218,3376.973876953125,2419874.0,3399.305794893864,3338.259013167141,3300.22705078125,2070390.0,3306.7607545858014,3275.359787909923,3347.7060546875,3404365.0,3389.5596782127777,3337.7503119241223,3409.54541015625
2025-06-16 00:00:00+05:30,3354.642349665819,3421.9302340050463,3341.1847251814343,3409.54541015625,1934088.0,0.0,0.0,3376.291455078125,3339.45869140625,3359.371728515625,3363.552437447213,3210.6996653654614,3359.9992467441143,3361.1258436392604,-1.1265968951461218,-6.847738900895955,5.721142005749833,54.590860090268514,3359.371728515625,3440.6255150542625,3278.1179419769874,162.50757307727508,0.8087467290940753,91.55025847382727,66.06500618203704,-8.449741526172735,2306081.55,0.8386902015672429,0.030093444504509792,0.023682191937696367,0.014684979703027956,80.745508823612,0.983897249079925,1.0036323973899584,0.9799502054522621,0.00919786484852256,0.008134492821698727,74.98486328125,2.2487180012827235,80.745508823612,48.6664893254805,3360.200927734375,2178493.0,3364.8818717382055,3309.003623498393,3348.986328125,4060134.0,3388.4813919586536,3338.2592737504274,3385.750732421875,2847013.0,3402.4265208353168,3363.516665314218,3336.991455078125,1718678.0,3348.791310023286,3306.760665733127,3334.560546875,1877585.0,3344.4197718377163,3304.4028204069105,3428.073974609375
2025-06-17 00:00:00+05:30,3422.905437301184,3432.6573046439225,3401.5489430536663,3428.073974609375,2111940.0,0.0,0.0,3386.511474609375,3353.1210693359376,3361.70341796875,3365.250372635691,3210.6996653654614,3370.490643291595,3366.3663286084416,4.124314683153443,-4.646675879292537,8.77099056244598,57.389874861096885,3361.70341796875,3448.135126314686,3275.2717096228134,172.86341669187277,0.8839479625635885,97.08620318380598,82.19766296724411,-2.913796816194025,2309759.85,0.9143547975344709,-0.25848057932850554,0.009074588769281435,0.0054343210675336096,31.10836159025621,0.9984922911971934,1.0013369985795215,0.9922624098102402,0.007504950511228843,0.007977251667850222,136.623779296875,4.150868802190799,31.10836159025621,48.40298454821787,3409.54541015625,1934088.0,3421.9302340050463,3341.1847251814343,3360.200927734375,2178493.0,3364.8818717382055,3309.003623498393,3348.986328125,4060134.0,3388.4813919586536,3338.2592737504274,3376.973876953125,2419874.0,3399.305794893864,3338.259013167141,3291.4501953125,2848125.0,3357.468700034321,3286.9072447003623,3365.75927734375
2025-06-18 00:00:00+05:30,3431.7796073253016,3450.2105407013996,3357.665418209048,3365.75927734375,2696327.0,0.0,0.0,3382.51318359375,3359.9961181640624,3359.590295410156,3365.263421474359,3210.6996653654614,3369.7616612929937,3366.319009451543,3.4426518414506972,-3.0248890953097565,6.467540936760454,47.96949277969327,3359.590295410156,3443.2768652318628,3275.9037255884496,167.3731396434132,0.5368576579655302,51.70094379955892,80.11246848573073,-48.29905620044108,2372568.55,1.1364590498344085,0.05954086105547485,0.027496061027094065,-0.018177757460069333,92.54512249235177,1.019615285747249,1.0250912963164431,0.9975952352893491,0.010316973568943169,0.008161705353300058,68.75048828125,2.085238247144594,92.54512249235177,51.83739449521454,3428.073974609375,2111940.0,3432.6573046439225,3401.5489430536663,3409.54541015625,1934088.0,3421.9302340050463,3341.1847251814343,3360.200927734375,2178493.0,3364.8818717382055,3309.003623498393,3385.750732421875,2847013.0,3402.4265208353168,3363.516665314218,3297.0087890625,2544807.0,3310.56402774214,3286.379348716646,3339.03955078125
2025-06-19 00:00:00+05:30,3364.3944071832107,3365.3695939679014,3328.3124961496515,3339.03955078125,2672768.0,0.0,0.0,3380.523828125,3365.1548583984377,3358.4996948242188,3364.6078247070313,3210.6996653654614,3365.0292527411034,3364.200805924007,0.8284468170963919,-2.252728336703772,3.0811751538001637,48.84309684248675,3358.4996948242188,3442.6840832605,3274.3153063879377,168.3687768725622,0.38441952002954755,36.41949597281414,61.73554765205967,-63.58050402718586,2404487.8,1.1115747811238637,-0.2543920899002785,0.011098130841121535,-0.007938692093151456,37.057097818249986,1.0075934579439254,1.0078855140186918,0.9967873831775701,0.010704876686511051,0.008470220039672263,51.58740234375,1.569221391352249,37.44678119409855,50.81149555988905,3365.75927734375,2696327.0,3450.2105407013996,3357.665418209048,3428.073974609375,2111940.0,3432.6573046439225,3401.5489430536663,3409.54541015625,1934088.0,3421.9302340050463,3341.1847251814343,3348.986328125,4060134.0,3388.4813919586536,3338.2592737504274,3287.4521484375,3584683.0,3324.4116310325603,3280.2356236372652,3350.448974609375
2025-06-20 00:00:00+05:30,3340.0145242959966,3360.786049100129,3326.2642962767654,3350.448974609375,2351248.0,0.0,0.0,3378.5734375,3370.17705078125,3356.1623413085936,3364.2624868997714,3210.6996653654614,3362.783752157782,3363.1368026181035,-0.3530504603213558,-1.8722039284261232,1.5191534681047674,52.130843948971595,3356.1623413085936,3438.396212706049,3273.928469911138,164.46774279491092,0.46526147558100156,42.94473172157391,43.68839049798232,-57.05526827842609,2458333.65,0.9564397412043724,0.13565463511705533,0.010303619928248046,0.003416977743032623,34.521752823363386,0.9968856561038674,1.0030852803815522,0.9927816604533041,0.010694820144663428,0.008885061435333939,50.221923828125,1.52177177677022,34.521752823363386,50.1842468843729,3339.03955078125,2672768.0,3365.3695939679014,3328.3124961496515,3365.75927734375,2696327.0,3450.2105407013996,3357.665418209048,3428.073974609375,2111940.0,3432.6573046439225,3401.5489430536663,3360.200927734375,2178493.0,3364.8818717382055,3309.003623498393,3300.22705078125,2070390.0,3306.7607545858014,3275.359787909923,3309.39404296875
2025-06-23 00:00:00+05:30,3330.262945402313,3340.014813470841,3286.379539093937,3309.39404296875,3123421.0,0.0,0.0,3358.5431640625,3367.4173095703127,3350.6751708984375,3362.956095377604,3210.6996653654614,3354.5625749975015,3358.992298300984,-4.42972330348266,-2.38434179941356,-2.0453815040691006,52.41984338742517,3350.6751708984375,3429.8028812737984,3271.5474605230766,158.2554207507219,0.23914872720403044,19.46474608514588,32.94299125984464,-80.53525391485412,2566131.2,1.2171712030935908,0.8173392572663407,0.01620697737425956,-0.012253561224704668,53.63527437690391,1.006305958783573,1.0092526819425294,0.9930457045682698,0.01092331013922753,0.009237434249030037,-27.597412109375,-0.8270147670704442,64.06943551543782,49.72053118304997,3350.448974609375,2351248.0,3360.786049100129,3326.2642962767654,3339.03955078125,2672768.0,3365.3695939679014,3328.3124961496515,3365.75927734375,2696327.0,3450.2105407013996,3357.665418209048,3409.54541015625,1934088.0,3421.9302340050463,3341.1847251814343,3336.991455078125,1718678.0,3348.791310023286,3306.760665733127,3306.27294921875
2025-06-24 00:00:00+05:30,3349.376392565029,3356.690292940616,3298.081476031171,3306.27294921875,3403048.0,0.0,0.0,3334.182958984375,3360.347216796875,3346.8974731445314,3361.6378826762357,3210.6996653654614,3347.127757740914,3354.9390523234897,-7.811294582575556,-3.470808340391896,-4.34048624218366,51.25759941882507,3346.8974731445314,3426.9716241729643,3266.8233221160986,160.14830205686576,0.24633184739382127,17.679741616951137,26.696406474556976,-82.32025838304887,2612899.6,1.3024028937047563,0.40629140194902713,0.017726551258659372,-0.000943101277598335,58.60881690944507,1.0130368677989712,1.0152489962251239,0.9975224449664646,0.009968995783744857,0.009435072774281336,-70.700927734375,-2.0936178457549914,58.60881690944507,52.17939817476076,3309.39404296875,3123421.0,3340.014813470841,3286.379539093937,3350.448974609375,2351248.0,3360.786049100129,3326.2642962767654,3339.03955078125,2672768.0,3365.3695939679014,3328.3124961496515,3428.073974609375,2111940.0,3432.6573046439225,3401.5489430536663,3376.973876953125,2419874.0,3399.305794893864,3338.259013167141,3359.3232421875
2025-06-25 00:00:00+05:30,3322.7537403887272,3364.3941654870573,3315.634829755361,3359.3232421875,1757699.0,0.0,0.0,3332.895751953125,3357.7044677734375,3345.8206298828127,3361.5852772105823,3210.6996653654614,3349.0051920842548,3355.275179698867,-6.269987614612091,-4.031088094590125,-2.238899520021967,58.72601549189065,3345.8206298828127,3424.539487758482,3267.101772007143,157.43771575133906,0.585764787936924,48.020070223952715,28.38818597534991,-51.979929776047285,2639637.9,0.6658864081319639,-0.38261644748373125,0.014514630542056935,0.0160453458572698,48.75933573169641,0.9891140270934572,1.00150950740193,0.986994876859873,0.011463373727377494,0.009777641230598825,-26.427490234375,-0.7805503807857384,58.12121626830731,53.17548452283307,3306.27294921875,3403048.0,3356.690292940616,3298.081476031171,3309.39404296875,3123421.0,3340.014813470841,3286.379539093937,3350.448974609375,2351248.0,3360.786049100129,3326.2642962767654,3365.75927734375,2696327.0,3450.2105407013996,3357.665418209048,3385.750732421875,2847013.0,3402.4265208353168,3363.516665314218,3356.397705078125
2025-06-26 00:00:00+05:30,3359.3232652421043,3365.759354753242,3330.555256962972,3356.397705078125,2879106.0,0.0,0.0,3336.3673828125,3358.44560546875,3344.578161621094,3361.4699978298613,3210.6996653654614,3350.1431202686817,3355.3610188867146,-5.217898618032905,-4.268600740802948,-0.9492978772299567,56.98689624804506,3344.578161621094,3421.711123474709,3267.4451997674787,154.2659237072303,0.5766179799983734,42.73804426341157,36.1459520347718,-57.26195573658843,2624189.6,1.0971409992631629,-0.2908839954543372,0.010488655065222775,-0.000870870975628435,35.20409779026977,1.0008716369217965,1.0027891955893526,0.9923005405241297,0.010903719690938835,0.009991717050097762,7.411376953125,0.2213020964249246,35.20409779026977,53.44713674528959,3359.3232421875,1757699.0,3364.3941654870573,3315.634829755361,3306.27294921875,3403048.0,3356.690292940616,3298.081476031171,3309.39404296875,3123421.0,3340.014813470841,3286.379539093937,3339.03955078125,2672768.0,3365.3695939679014,3328.3124961496515,3348.986328125,4060134.0,3388.4813919586536,3338.2592737504274,3355.71533203125
2025-06-27 00:00:00+05:30,3369.2703330730474,3380.387367158931,3345.8658502962735,3355.71533203125,1778433.0,0.0,0.0,3337.420654296875,3357.9970458984376,3344.978625488281,3361.3448963994565,3210.6996653654614,3351.0007780589467,3355.388048356666,-4.387270297719169,-4.29234669281432,-0.09492360490484941,52.55867985424536,3344.978625488281,3422.2629821732703,3267.694268803292,154.56871336997847,0.5694623530783319,42.321533932534166,44.35988280663282,-57.678466067465834,2542893.0,0.699373902087111,-0.18364070942619504,0.010287379424929079,-0.00020330518217270832,34.521516862657336,1.0040393775098893,1.0073522431691924,0.9970648637442633,0.01085017703841288,0.010252906213957063,-4.485595703125,-0.1334918893123871,34.521516862657336,52.44408371819112,3356.397705078125,2879106.0,3365.759354753242,3330.555256962972,3359.3232421875,1757699.0,3364.3941654870573,3315.634829755361,3306.27294921875,3403048.0,3356.690292940616,3298.081476031171,3350.448974609375,2351248.0,3360.786049100129,3326.2642962767654,3360.200927734375,2178493.0,3364.8818717382055,3309.003623498393,3376.09619140625
2025-06-30 00:00:00+05:30,3354.544471150048,3378.924137465807,3344.890218522079,3376.09619140625,1468351.0,0.0,0.0,3350.761083984375,3354.6521240234374,3347.0554077148436,3361.6587537400264,3210.6996653654614,3354.8631139151767,3356.9643213771737,-2.1012074619970917,-3.8539410081775065,1.7527335461804148,49.87327225490783,3347.0554077148436,3425.3862137167916,3268.7246017128955,156.66161200389615,0.6853726852413863,54.761706534196186,46.6070949100473,-45.238293465803814,2522431.3,0.582117340519839,-0.24080445150375784,0.010080849897097132,0.006073476847233916,34.03391894372771,0.9936163784932843,1.0008376378809216,0.9907567879838244,0.009843058324299724,0.01031742556153478,-33.44921875,-0.9810462899353833,34.03391894372771,50.42405365590461,3355.71533203125,1778433.0,3380.387367158931,3345.8658502962735,3356.397705078125,2879106.0,3365.759354753242,3330.555256962972,3359.3232421875,1757699.0,3364.3941654870573,3315.634829755361,3309.39404296875,3123421.0,3340.014813470841,3286.379539093937,3409.54541015625,1934088.0,3421.9302340050463,3341.1847251814343,3344.59765625
2025-07-01 00:00:00+05:30,3369.2699264830403,3398.525526423559,3328.7996798986564,3344.59765625,2375183.0,0.0,0.0,3358.426025390625,3346.3044921875,3349.712780761719,3361.3033142089844,3210.6996653654614,3353.28329252919,3356.024909806052,-2.7416172768621436,-3.6314040445408593,0.8897867676787157,44.42384629990943,3349.712780761719,3423.5796814299847,3275.845880093453,147.73380133653154,0.4653760719250235,35.53547044505831,44.20623697059622,-64.46452955494169,2498784.2,0.9505354644070504,0.12464511302404424,0.020847304725758794,-0.00932986898786492,69.72584652490241,1.007376752832119,1.0161238736960736,0.9952765689703148,0.009887597651509945,0.01055569027556289,-83.476318359375,-2.4350792595975723,69.72584652490241,52.625195870461994,3376.09619140625,1468351.0,3378.924137465807,3344.890218522079,3355.71533203125,1778433.0,3380.387367158931,3345.8658502962735,3356.397705078125,2879106.0,3365.759354753242,3330.555256962972,3306.27294921875,3403048.0,3356.690292940616,3298.081476031171,3428.073974609375,2111940.0,3432.6573046439225,3401.5489430536663,3338.356689453125
2025-07-02 00:00:00+05:30,3400.671024568939,3403.3039810516498,3335.1385257152824,3338.356689453125,3090585.0,0.0,0.0,3354.23271484375,3343.5642333984374,3351.78017578125,3360.835015744579,3210.6996653654614,3350.9862520471297,3354.6853057789463,-3.699053731816548,-3.6449374954807374,-0.05411623633581053,48.429826339276374,3351.78017578125,3421.642119255558,3281.9182323069417,139.72388694861638,0.40392847907916124,31.726077390239357,40.674418123164614,-68.27392260976065,2526073.1,1.223474095029158,0.14622039537489329,0.020418865231424364,-0.0018659843240673712,68.16545533636736,1.0186661704882178,1.0194548688591945,0.99903600362777,0.008200359639112644,0.010344028882579839,-27.402587890625,-0.814157687244077,68.16545533636736,53.90686280818636,3344.59765625,2375183.0,3398.525526423559,3328.7996798986564,3376.09619140625,1468351.0,3378.924137465807,3344.890218522079,3355.71533203125,1778433.0,3380.387367158931,3345.8658502962735,3359.3232421875,1757699.0,3364.3941654870573,3315.634829755361,3365.75927734375,2696327.0,3450.2105407013996,3357.665418209048,3316.4150390625
2025-07-03 00:00:00+05:30,3344.8904436190446,3350.058980842342,3313.294489180619,3316.4150390625,2531870.0,0.0,0.0,3346.236181640625,3341.3017822265624,3353.2283203125,3359.9466162109375,3210.6996653654614,3345.666349685518,3351.7887122752336,-6.122362589715522,-4.140525443917607,-1.9818371457979147,43.73077866884045,3353.2283203125,3418.5275316965754,3287.9291089284243,130.59842276815107,0.2181184851263193,18.33322123033075,28.531589688542805,-81.66677876966925,2473432.45,1.023626094983916,-0.052716135482017146,0.011085612394314659,-0.00657259017885814,36.764491661722786,1.0085862005271193,1.010144671696264,0.9990590593019495,0.008078453514073205,0.010081386565336055,-22.62451171875,-0.6775754337338236,36.764491661722786,52.54159448117996,3338.356689453125,3090585.0,3403.3039810516498,3335.1385257152824,3344.59765625,2375183.0,3398.525526423559,3328.7996798986564,3376.09619140625,1468351.0,3378.924137465807,3344.890218522079,3356.397705078125,2879106.0,3365.759354753242,3330.555256962972,3339.03955078125,2672768.0,3365.3695939679014,3328.3124961496515,3334.94384765625
2025-07-04 00:00:00+05:30,3323.4365958638878,3341.9651449605467,3305.9808474743313,3334.94384765625,1109320.0,0.0,0.0,3342.081884765625,3339.75126953125,3354.96416015625,3360.8860791015627,3210.6996653654614,3344.0164048451184,3350.5158151454652,-6.499410300346881,-4.612380815624715,-1.8870294847221656,38.28483709004138,3354.96416015625,3416.0402349865194,3293.8880853259802,122.15214966053918,0.3361034778705388,29.642929656666844,26.56740942574565,-70.35707034333316,2425378.95,0.4573800725037215,-0.5281994923546984,0.010790075974294027,0.005586999327740205,35.98429748621538,0.9965494915902559,1.0021053719717743,0.9913152959974803,0.008227617212573776,0.009834666272127089,-15.505126953125,-0.4627775880375218,35.98429748621538,49.34436509993735,3316.4150390625,2531870.0,3350.058980842342,3313.294489180619,3338.356689453125,3090585.0,3403.3039810516498,3335.1385257152824,3344.59765625,2375183.0,3398.525526423559,3328.7996798986564,3355.71533203125,1778433.0,3380.387367158931,3345.8658502962735,3350.448974609375,2351248.0,3360.786049100129,3326.2642962767654,3327.04443359375
2025-07-07 00:00:00+05:30,3333.480761079366,3341.0872649943594,3323.826269850942,3327.04443359375,1639174.0,0.0,0.0,3332.271533203125,3341.51630859375,3354.4668090820314,3360.770556640625,3210.6996653654614,3341.4048915287012,3348.7448213792377,-7.339929850536464,-5.157963142937411,-2.181966707599053,33.58675380904144,3354.4668090820314,3416.3162165095196,3292.6174016545433,123.69881485497626,0.27831335311958116,24.821245125049977,24.265798670682525,-75.17875487495003,2421403.75,0.6769519540060182,-0.4751991486258177,0.005188086750248994,-0.0023686797809359117,17.260995143417404,1.0019345480993964,1.0042208127005507,0.9990327259503018,0.007176350867598126,0.009459970344964149,17.650390625,0.5333420679384027,17.260995143417404,48.355267496591715,3334.94384765625,1109320.0,3341.9651449605467,3305.9808474743313,3316.4150390625,2531870.0,3350.058980842342,3313.294489180619,3338.356689453125,3090585.0,3403.3039810516498,3335.1385257152824,3376.09619140625,1468351.0,3378.924137465807,3344.890218522079,3309.39404296875,3123421.0,3340.014813470841,3286.379539093937,3321.68115234375
2025-07-08 00:00:00+05:30,3320.510975827842,3340.0147113686808,3309.1987139810713,3321.68115234375,2325242.0,0.0,0.0,3327.688232421875,3343.05712890625,3351.7021728515624,3360.634765625,3210.6996653654614,3338.370036652096,3346.7055901904478,-8.335553538351633,-5.793548809081148,-2.5420047292704844,41.21308692495031,3351.7021728515624,3414.254678139847,3289.149667563278,125.10501057656893,0.2600334281620285,30.19181674827249,28.218663843329768,-69.80818325172751,2416672.15,0.9621669203247118,-0.31671783648070784,0.009277229202407344,-0.0016120257354683698,30.815997387609514,0.9996477155806834,1.0055193614871778,0.9962421322847705,0.007194961533623689,0.00918256691995203,15.408203125,0.4660293739100041,30.815997387609514,43.946044274824416,3327.04443359375,1639174.0,3341.0872649943594,3323.826269850942,3334.94384765625,1109320.0,3341.9651449605467,3305.9808474743313,3316.4150390625,2531870.0,3350.058980842342,3313.294489180619,3344.59765625,2375183.0,3398.525526423559,3328.7996798986564,3306.27294921875,3403048.0,3356.690292940616,3298.081476031171,3299.837158203125
2025-07-09 00:00:00+05:30,3325.387004876247,3329.287752096043,3283.4539722634377,3299.837158203125,2034938.0,0.0,0.0,3319.984326171875,3337.1085205078125,3347.406494140625,3359.50146484375,3210.6996653654614,3332.4411849758017,3343.17858010445,-10.737395128648132,-6.782402195337249,-3.9549929333108826,42.03012780742028,3347.406494140625,3411.8841423830672,3282.9288458981828,128.95529648488446,0.1311176257651747,13.669741125040877,22.894267666121113,-86.33025887495913,2376068.4,0.8564307323812732,0.15772837101232917,0.01388970959329497,-0.006576186316140542,45.83377983260516,1.0077427598539543,1.0089248627980645,0.9950351532047695,0.004973450470298949,0.008533574594244179,-59.486083984375,-1.7707758288136421,45.83377983260516,44.54511560614632,3321.68115234375,2325242.0,3340.0147113686808,3309.1987139810713,3327.04443359375,1639174.0,3341.0872649943594,3323.826269850942,3334.94384765625,1109320.0,3341.9651449605467,3305.9808474743313,3338.356689453125,3090585.0,3403.3039810516498,3335.1385257152824,3359.3232421875,1757699.0,3364.3941654870573,3315.634829755361,3298.08154296875
2025-07-10 00:00:00+05:30,3296.1311694956757,3314.659717489882,3272.7266878187834,3298.08154296875,3035012.0,0.0,0.0,3316.317626953125,3331.276904296875,3344.8612548828123,3358.696494140625,3210.6996653654614,3327.1545455843825,3339.788871210396,-12.634325626013378,-7.952866539147935,-4.681459086865443,38.918697750541675,3344.8612548828123,3412.9917549061015,3276.730754859523,136.26100004657837,0.15669038170810787,19.417507073568892,21.093021648960754,-80.58249292643112,2324812.3,1.305486898877815,0.05415083710012758,0.012714370195150747,-0.0005320308700720311,41.933029671098666,0.9994086339444116,1.0050266114725015,0.9923122412773507,0.004981434252106934,0.007941346050360986,-58.316162109375,-1.7374628167914796,41.933029671098666,45.07449252384169,3299.837158203125,2034938.0,3329.287752096043,3283.4539722634377,3321.68115234375,2325242.0,3340.0147113686808,3309.1987139810713,3327.04443359375,1639174.0,3341.0872649943594,3323.826269850942,3316.4150390625,2531870.0,3350.058980842342,3313.294489180619,3356.397705078125,2879106.0,3365.759354753242,3330.555256962972,3184.9599609375
2025-07-11 00:00:00+05:30,3218.0186968972475,3252.2478474361797,3180.181641042415,3184.9599609375,7635550.0,0.0,0.0,3286.320849609375,3314.2013671875,3336.0992065429687,3356.0679248046877,3210.6996653654614,3305.2765625545517,3328.163869629565,-22.88730707501327,-10.939917276832222,-11.947389798181046,29.822852880956574,3336.0992065429687,3434.3427624626243,3237.855650623313,196.48711183931118,-0.2662897123174237,2.141569461349034,11.742939219986269,-97.85843053865096,2597665.15,2.9393896284130387,3.2934144834244528,0.022627036847443428,-0.034299207147384325,72.06620639376479,1.010379639419397,1.0211267605633803,0.9984997237159369,0.011376478364421952,0.007993976182961895,-170.75537109375,-5.088493933434757,117.89990192633513,48.919525838905784,3298.08154296875,3035012.0,3314.659717489882,3272.7266878187834,3299.837158203125,2034938.0,3329.287752096043,3283.4539722634377,3321.68115234375,2325242.0,3340.0147113686808,3309.1987139810713,3334.94384765625,1109320.0,3341.9651449605467,3305.9808474743313,3355.71533203125,1778433.0,3380.387367158931,3345.8658502962735,3142.734130859375
2025-07-14 00:00:00+05:30,3184.9597625910983,3190.8108827918168,3120.5974403831947,3142.734130859375,3924009.0,0.0,0.0,3249.4587890625,3290.8651611328123,3322.758642578125,3352.144404296875,3210.6996653654614,3280.2682035642483,3314.2553006440403,-33.987097079791965,-15.549554015420979,-18.437543064370985,26.466440555062533,3322.758642578125,3447.8121696940843,3197.705115462166,250.10705423191848,-0.21978982068941377,7.830271780708882,9.79644943854227,-92.16972821929112,2697161.2,1.4548663238963988,1.6723916829150522,0.022341515217331586,-0.013257884116601448,70.21344240862209,1.0134359541639548,1.0152977470987326,0.9929562318814009,0.01088951906825576,0.0080986222573575,-233.362060546875,-6.912186363080853,70.21344240862209,49.748427660275574,3184.9599609375,7635550.0,3252.2478474361797,3180.181641042415,3298.08154296875,3035012.0,3314.659717489882,3272.7266878187834,3299.837158203125,2034938.0,3329.287752096043,3283.4539722634377,3327.04443359375,1639174.0,3341.0872649943594,3323.826269850942,3376.09619140625,1468351.0,3378.924137465807,3344.890218522079,3171.599853515625
2025-07-15 00:00:00+05:30,3126.448660244279,3178.523536457564,3126.448660244279,3171.599853515625,2590889.0,0.0,0.0,3219.442529296875,3273.565380859375,3309.9349365234375,3348.6880029296876,3210.6996653654614,3263.5489600596384,3303.565087825713,-40.01612776607453,-20.44303927862667,-19.573088487447862,20.96529724022774,3309.9349365234375,3441.9246001299985,3177.9452729168765,263.9793272131219,-0.02403756183577442,18.040761636372448,9.33753429281012,-81.95923836362755,2721108.65,0.9521446341365312,0.09081658129078907,0.016419119251617386,0.009184907616845317,52.07487621328528,0.9857639061178234,1.0021830253694408,0.9857639061178234,0.011983979677136459,0.008308260459920148,-172.997802734375,-5.172454821616479,52.07487621328528,49.316546227774,3142.734130859375,3924009.0,3190.8108827918168,3120.5974403831947,3184.9599609375,7635550.0,3252.2478474361797,3180.181641042415,3298.08154296875,3035012.0,3314.659717489882,3272.7266878187834,3321.68115234375,2325242.0,3340.0147113686808,3309.1987139810713,3344.59765625,2375183.0,3398.525526423559,3328.7996798986564,3163.576171875
2025-07-16 00:00:00+05:30,3157.607249475903,3175.1222359666176,3151.344969328223,3163.576171875,2540733.0,11.0,0.0,3192.19033203125,3256.0873291015623,3299.82578125,3345.3591748046874,3210.6996653654614,3248.1677247985135,3293.0837453083877,-44.916020509874215,-25.33777197010939,-19.578248539764825,20.639800507504376,3299.82578125,3444.2022403492424,3155.449322150758,288.7529181984846,0.02814464967123186,15.202595380419144,13.691209599166825,-84.79740461958085,2713328.95,0.9363895962559202,-0.1779119487087396,0.007515945672426151,-0.0025298530745393455,23.777266638394394,0.9981132357576332,1.0036496873994263,0.9961337417270002,0.01196508975740082,0.008684733471748966,-174.780517578125,-5.2355255545433295,23.777266638394394,48.50034400264004,3171.599853515625,2590889.0,3178.523536457564,3126.448660244279,3142.734130859375,3924009.0,3190.8108827918168,3120.5974403831947,3184.9599609375,7635550.0,3252.2478474361797,3180.181641042415,3299.837158203125,2034938.0,3329.287752096043,3283.4539722634377,3338.356689453125,3090585.0,3403.3039810516498,3335.1385257152824,3140.18994140625
2025-07-17 00:00:00+05:30,3154.7696780470374,3172.2846643823304,3135.199754145851,3140.18994140625,2947640.0,0.0,0.0,3160.61201171875,3238.4648193359376,3289.88330078125,3341.48916015625,3210.6996653654614,3231.5550212368125,3281.645314073236,-50.09029283642349,-30.288386545766436,-19.80190629065705,19.305038636780893,3289.88330078125,3449.475209631032,3130.291391931468,319.1838176995643,0.03101206554305735,6.930331706061404,13.391229574284331,-93.06966829393859,2727072.55,1.0808806681729095,0.1642145923763858,0.011809766583696554,-0.007392339933730563,37.08491023647957,1.0046429473735141,1.0102206311003301,0.9984108645166335,0.01197759669073899,0.009074647789415547,-176.22509765625,-5.313722666812726,37.08491023647957,48.68344352934163,3163.576171875,2540733.0,3175.1222359666176,3151.344969328223,3171.599853515625,2590889.0,3178.523536457564,3126.448660244279,3142.734130859375,3924009.0,3190.8108827918168,3120.5974403831947,3298.08154296875,3035012.0,3314.659717489882,3272.7266878187834,3316.4150390625,2531870.0,3350.058980842342,3313.294489180619,3121.304931640625
2025-07-18 00:00:00+05:30,3155.6502438038765,3159.3685771406017,3118.46738821797,3121.304931640625,3432645.0,0.0,0.0,3147.881005859375,3217.100927734375,3278.4260986328127,3337.407705078125,3210.6996653654614,3214.5928323552366,3269.658638840041,-55.0658064848044,-35.24395894393992,-19.821847540864475,13.557551221086115,3278.4260986328127,3451.9988399947174,3104.853357270908,347.14548272380944,0.04739100805988591,1.0143311376961137,7.709709179187434,-98.98566886230388,2781142.4,1.2342571887005858,2.094368622219017,0.013103874763409665,-0.006013970529810675,40.90118892263172,1.011003510683975,1.012194785941651,0.9990909111782412,0.011342361997964736,0.009386122267954643,-213.638916015625,-6.406072359082371,40.90118892263172,49.17396281354906,3140.18994140625,2947640.0,3172.2846643823304,3135.199754145851,3163.576171875,2540733.0,3175.1222359666176,3151.344969328223,3171.599853515625,2590889.0,3178.523536457564,3126.448660244279,3184.9599609375,7635550.0,3252.2478474361797,3180.181641042415,3334.94384765625,1109320.0,3341.9651449605467,3305.9808474743313,3090.28662109375
2025-07-21 00:00:00+05:30,3121.4028477301345,3128.839514334287,3084.2199924907163,3090.28662109375,3844346.0,0.0,0.0,3137.39150390625,3193.425146484375,3267.4707275390624,3329.2242041015625,3210.6996653654614,3195.4681924854754,3256.2583632038672,-60.79017071839189,-40.35327422141472,-20.43689649697717,13.576201086219172,3267.4707275390624,3459.4919187488395,3075.4495363292854,384.0423824195541,0.038633977507866804,1.9012638742527102,3.2759320104652896,-98.09873612574728,2817188.65,1.3646036803392632,1.3452946423015493,0.014438635412976112,-0.009937609822239013,44.61952184357051,1.010069042277176,1.0124755072805809,0.9980368718676048,0.011285495528817566,0.009797036734076586,-236.7578125,-7.116160220447165,44.61952184357051,47.38065390773964,3121.304931640625,3432645.0,3159.3685771406017,3118.46738821797,3140.18994140625,2947640.0,3172.2846643823304,3135.199754145851,3163.576171875,2540733.0,3175.1222359666176,3151.344969328223,3142.734130859375,3924009.0,3190.8108827918168,3120.5974403831947,3327.04443359375,1639174.0,3341.0872649943594,3323.826269850942,3091.65673828125
2025-07-22 00:00:00+05:30,3091.65673828125,3111.7159107005,3086.764257203384,3091.65673828125,3198036.0,0.0,0.0,3121.402880859375,3170.422705078125,3256.7399169921873,3323.1056884765626,3210.6996653654614,3179.4967703390384,3243.9693068530028,-64.47253651396431,-45.17718175921187,-19.295354754752445,14.166329187361654,3256.7399169921873,3463.083827879512,3050.396006104863,412.6878217746489,0.09998049372757563,2.7974624176259213,1.8983089143201284,-97.20253758237408,2806938.05,1.1393325905429228,0.37535619948375265,0.008070641603953484,0.0004433624952935311,24.951653497115785,1.0,1.0064881628580802,0.9984175212541267,0.011418464281576338,0.010219387008871851,-230.0244140625,-6.924939616802073,24.951653497115785,44.293953776364525,3090.28662109375,3844346.0,3128.839514334287,3084.2199924907163,3121.304931640625,3432645.0,3159.3685771406017,3118.46738821797,3140.18994140625,2947640.0,3172.2846643823304,3135.199754145851,3171.599853515625,2590889.0,3178.523536457564,3126.448660244279,3321.68115234375,2325242.0,3340.0147113686808,3309.1987139810713,3110.7373046875
2025-07-23 00:00:00+05:30,3091.6566291573,3113.5748480562365,3089.6996367952283,3110.7373046875,1922875.0,0.0,0.0,3110.835107421875,3151.5127197265624,3244.3106201171877,3316.7172998046876,3210.6996653654614,3168.9181504685826,3234.028106004633,-65.10995553605062,-49.16377292963914,-15.946182606411483,19.87449972966091,3244.3106201171877,3454.5477149395206,3034.073525294855,420.4741896446658,0.18232695675668514,10.288190463596628,4.995638918491753,-89.71180953640336,2815196.85,0.683033941303252,-0.05506949106066128,0.007675097226960043,0.006171631594799054,23.87521126100819,0.9938661887323472,1.000912177111343,0.9932370798843829,0.012169249433463042,0.010938966905188259,-189.099853515625,-5.73058137264556,23.87521126100819,43.3732908905992,3091.65673828125,3198036.0,3111.7159107005,3086.764257203384,3090.28662109375,3844346.0,3128.839514334287,3084.2199924907163,3121.304931640625,3432645.0,3159.3685771406017,3118.46738821797,3163.576171875,2540733.0,3175.1222359666176,3151.344969328223,3299.837158203125,2034938.0,3329.287752096043,3283.4539722634377,3080.30615234375
2025-07-24 00:00:00+05:30,3097.0385335433134,3105.4534578423713,3072.478182452152,3080.30615234375,2934778.0,0.0,0.0,3098.858349609375,3129.7351806640627,3230.5060424804688,3309.1171337890623,3210.6996653654614,3155.2852730749464,3222.5642420901995,-67.2789690152531,-52.78683862234414,-14.492130392908955,13.95995565986361,3230.5060424804688,3445.9472762540204,3015.064808706917,430.88246754710326,0.1514133169730347,2.914261058305064,5.333304646509204,-97.08573894169494,2817980.45,1.0414472534754455,-0.03302589907387521,0.010705194146084828,-0.00978261722643503,32.975275390219394,1.005432051352049,1.0081638980850935,0.9974587039390088,0.012074152994300966,0.011648238779407663,-217.775390625,-6.603092973528202,38.25912223534806,43.535778372680106,3110.7373046875,1922875.0,3113.5748480562365,3089.6996367952283,3091.65673828125,3198036.0,3111.7159107005,3086.764257203384,3090.28662109375,3844346.0,3128.839514334287,3084.2199924907163,3140.18994140625,2947640.0,3172.2846643823304,3135.199754145851,3298.08154296875,3035012.0,3314.659717489882,3272.7266878187834,3068.368408203125
2025-07-25 00:00:00+05:30,3072.4780444334683,3089.014534530361,3058.3877948178133,3068.368408203125,2568917.0,0.0,0.0,3088.271044921875,3118.076025390625,3216.1386962890624,3301.637783203125,3210.6996653654614,3141.9132300124043,3211.070799449644,-69.15756943723954,-56.06100392611504,-13.096565511124503,13.802179241112455,3216.1386962890624,3434.724451241908,2997.552941336217,437.171509905691,0.16198554860582012,3.543913169787164,5.582121563896286,-96.45608683021284,2857504.65,0.8990071109770548,-0.6635583553247637,0.0099814414822772,-0.00387550572904638,30.626739712547533,1.0013393555413217,1.0067286986373734,0.9967472571550962,0.007213293549280345,0.011231920297893503,-116.591552734375,-3.6606913168244715,30.626739712547533,44.49047441333226,3080.30615234375,2934778.0,3105.4534578423713,3072.478182452152,3110.7373046875,1922875.0,3113.5748480562365,3089.6996367952283,3091.65673828125,3198036.0,3111.7159107005,3086.764257203384,3121.304931640625,3432645.0,3159.3685771406017,3118.46738821797,3184.9599609375,7635550.0,3252.2478474361797,3180.181641042415,3013.083251953125
2025-07-28 00:00:00+05:30,3043.123036074506,3050.951005299135,3003.8852447797885,3013.083251953125,3374473.0,0.0,0.0,3072.83037109375,3105.1109375,3197.9880493164064,3293.8743359375,3210.6996653654614,3122.0929603550767,3196.320054523274,-74.22709416819725,-59.694238966464155,-14.5328552017331,12.110188325418747,3197.9880493164064,3420.892287331526,2975.083811301287,445.80847603023904,0.08523714261830365,2.8266552858478886,3.094943171313373,-97.17334471415211,2952810.75,1.1428002962939634,-0.1400445309885885,0.01562046468143146,-0.01801776999860838,47.06576051934644,1.0099697823158085,1.012567775324981,0.9969473106435496,0.008025471999001775,0.010945515590968102,-129.65087890625,-4.125416707483209,64.48316342333646,46.89527198731275,3068.368408203125,2568917.0,3089.014534530361,3058.3877948178133,3080.30615234375,2934778.0,3105.4534578423713,3072.478182452152,3110.7373046875,1922875.0,3113.5748480562365,3089.6996367952283,3090.28662109375,3844346.0,3128.839514334287,3084.2199924907163,3142.734130859375,3924009.0,3190.8108827918168,3120.5974403831947,2990.284423828125
2025-07-29 00:00:00+05:30,2994.1984086760676,3007.8973556438664,2975.802632112602,2990.284423828125,4785312.0,0.0,0.0,3052.555908203125,3086.97939453125,3180.2723876953123,3286.051220703125,3210.6996653654614,3101.814487597663,3180.976287492957,-79.16179989529383,-63.58776571964314,-15.574034175650688,12.081859984401234,3180.2723876953123,3410.320184859989,2950.224590530636,460.09559432935293,0.08706850009264136,4.273716661228718,3.548095038954591,-95.72628333877128,3073317.2,1.5570511237824718,0.8469768484871409,0.010733000270983234,-0.007566610750041947,32.09472353126421,1.0013089005235603,1.0058900523560208,0.9951570520850377,0.006537321496070332,0.01040084977286149,-181.3154296875,-5.716844433780544,37.28061984052283,46.2843319878783,3013.083251953125,3374473.0,3050.951005299135,3003.8852447797885,3068.368408203125,2568917.0,3089.014534530361,3058.3877948178133,3080.30615234375,2934778.0,3105.4534578423713,3072.478182452152,3091.65673828125,3198036.0,3111.7159107005,3086.764257203384,3171.599853515625,2590889.0,3178.523536457564,3126.448660244279,2987.93603515625
2025-07-30 00:00:00+05:30,2994.1983151611034,3003.0047807939304,2981.673516260727,2987.93603515625,2880121.0,0.0,0.0,3027.995654296875,3069.415380859375,3162.751354980469,3277.6495068359377,3210.6996653654614,3084.2945528864993,3166.6060148500987,-82.31146196359941,-67.33251617705427,-14.97894578654514,12.064339961155213,3162.751354980469,3395.4663792412944,2930.0363307196435,465.43004852165086,0.12440044346194189,4.389080501699317,3.8298174829253084,-95.61091949830069,3062794.0,0.9403573991590685,0.1335787743143415,0.007139130249850873,-0.0007853395660833984,21.331264533203466,1.0020958547743897,1.0050431955237262,0.9979040652738754,0.006657933243600658,0.009870134121481475,-175.64013671875,-5.551949034141668,21.331264533203466,44.8127773351715,2990.284423828125,4785312.0,3007.8973556438664,2975.802632112602,3013.083251953125,3374473.0,3050.951005299135,3003.8852447797885,3068.368408203125,2568917.0,3089.014534530361,3058.3877948178133,3110.7373046875,1922875.0,3113.5748480562365,3089.6996367952283,3163.576171875,2540733.0,3175.1222359666176,3151.344969328223,2971.497314453125
2025-07-31 00:00:00+05:30,2976.2918502873677,2994.0027271024683,2950.166049468222,2971.497314453125,2968371.0,0.0,0.0,3006.23388671875,3052.5461181640626,3145.50546875,3269.862421875,3210.6996653654614,3066.9409867645586,3152.087102757518,-85.1461159929595,-70.8952446712752,-14.2508713216843,15.801705801963948,3145.50546875,3381.373188292026,2909.637749207974,471.7354390840519,0.13113190173979905,8.8642106669371,5.842335943288379,-91.1357893330629,3084619.05,0.9623136445325396,0.007033084094394182,0.014752386758361947,-0.00550169766343922,43.83667763424637,1.0016135083854603,1.0075737617328069,0.9928213749744449,0.00663055687158839,0.009335430139566414,-168.692626953125,-5.372051694350077,43.83667763424637,39.522547028593735,2987.93603515625,2880121.0,3003.0047807939304,2981.673516260727,2990.284423828125,4785312.0,3007.8973556438664,2975.802632112602,3013.083251953125,3374473.0,3050.951005299135,3003.8852447797885,3080.30615234375,2934778.0,3105.4534578423713,3072.478182452152,3140.18994140625,2947640.0,3172.2846643823304,3135.199754145851,2938.424072265625
2025-08-01 00:00:00+05:30,2964.7455243430377,2971.4972914199097,2935.488583681943,2938.424072265625,2053847.0,0.0,0.0,2980.24501953125,3034.2580322265626,3125.679479980469,3260.686982421875,3210.6996653654614,3047.1690141431154,3136.1928903286043,-89.02387618548892,-74.52097791964299,-14.502898265845928,16.279110999360114,3125.679479980469,3361.160586198888,2890.19837376205,470.96221243683794,0.10239823329784195,1.2078462583907001,4.820379142342373,-98.7921537416093,3131845.4,0.6557945037772299,-0.4016721799079136,0.01225442851419426,-0.011130160551259594,36.00870773796669,1.0089576764381454,1.0112554275151933,0.999000999000999,0.006868871374876596,0.0088880810772576,-182.880859375,-5.859115446271823,36.008730771181945,37.385050338836244,2971.497314453125,2968371.0,2994.0027271024683,2950.166049468222,2987.93603515625,2880121.0,3003.0047807939304,2981.673516260727,2990.284423828125,4785312.0,3007.8973556438664,2975.802632112602,3068.368408203125,2568917.0,3089.014534530361,3058.3877948178133,3121.304931640625,3432645.0,3159.3685771406017,3118.46738821797,3008.28857421875
2025-08-04 00:00:00+05:30,2944.392964480288,3013.181055141491,2927.2692812506943,3008.28857421875,2519252.0,0.0,0.0,2979.286083984375,3026.0582275390625,3109.7416870117186,3252.4700048828126,3210.6996653654614,3041.1873722594387,3126.6811932113806,-85.49382095194187,-76.71554988927451,-8.778271062667358,26.258868457571594,3109.7416870117186,3330.5280492909574,2888.9553247324798,441.5727245584776,0.270245970481057,32.68845153002753,14.253502818451778,-67.31154846997246,3175849.3,0.7932530047946545,-0.3446864564219766,0.028558355281161112,0.023776180780896272,85.91177389079667,0.9787601461222663,1.001626333645206,0.973067978364045,0.011459918159754062,0.00890552334035125,-81.998046875,-2.6534123506633978,85.91177389079667,39.49627460288453,2938.424072265625,2053847.0,2971.4972914199097,2935.488583681943,2971.497314453125,2968371.0,2994.0027271024683,2950.166049468222,2987.93603515625,2880121.0,3003.0047807939304,2981.673516260727,3013.083251953125,3374473.0,3050.951005299135,3003.8852447797885,3090.28662109375,3844346.0,3128.839514334287,3084.2199924907163,2998.014404296875
2025-08-05 00:00:00+05:30,3008.2886143717656,3011.322048140622,2976.5854331255146,2998.014404296875,1927996.0,0.0,0.0,2980.832080078125,3016.693994140625,3093.558349609375,3244.7937548828127,3210.6996653654614,3034.545343606624,3117.115584064442,-82.57024045781782,-77.88648943855088,-4.683751019266936,26.088167655498623,3093.558349609375,3295.586526356254,2891.530172862496,404.05635349375825,0.2635380696619192,28.873747493712415,20.923348427376883,-71.12625250628759,3155987.0,0.6109011222162829,-0.3971312392981192,0.011586540399979901,-0.0034152873530569616,34.73661501510742,1.0034270049070362,1.0044388191813467,0.992852278781367,0.011409908015715533,0.00890466771376517,-93.642333984375,-3.02887228148212,34.73661501510742,40.27908520122118,3008.28857421875,2519252.0,3013.181055141491,2927.2692812506943,2938.424072265625,2053847.0,2971.4972914199097,2935.488583681943,2971.497314453125,2968371.0,2994.0027271024683,2950.166049468222,2990.284423828125,4785312.0,3007.8973556438664,2975.802632112602,3091.65673828125,3198036.0,3111.7159107005,3086.764257203384,2967.093994140625
2025-08-06 00:00:00+05:30,2997.1337788834585,3000.8521121202134,2960.9294204705666,2967.093994140625,1487081.0,0.0,0.0,2976.663671875,3002.3296630859377,3076.92119140625,3236.5184326171875,3210.6996653654614,3024.168168524985,3105.9653828920113,-81.7972143670263,-78.66863519137229,-3.1285791756540107,25.53250376329578,3076.92119140625,3261.4715471738073,2892.3708356386924,369.1007115351149,0.2024465306261642,17.158480699924603,26.24022657455485,-82.84151930007539,3128594.15,0.4753192420308016,-0.22663667685106936,0.01345514895331445,-0.01031362961830129,39.92269164964682,1.0101243118021053,1.0113775020428248,0.9979223530895104,0.011122792761114024,0.008800022046530269,-143.643310546875,-4.617661231966519,39.92269164964682,40.48178387359027,2998.014404296875,1927996.0,3011.322048140622,2976.5854331255146,3008.28857421875,2519252.0,3013.181055141491,2927.2692812506943,2938.424072265625,2053847.0,2971.4972914199097,2935.488583681943,2987.93603515625,2880121.0,3003.0047807939304,2981.673516260727,3110.7373046875,1922875.0,3113.5748480562365,3089.6996367952283,2981.47802734375
2025-08-07 00:00:00+05:30,2951.1446440658847,2985.9792055799644,2946.154217712285,2981.47802734375,2543076.0,0.0,0.0,2978.659814453125,2992.4468505859377,3061.091015625,3228.5230517578125,3210.6996653654614,3017.600430722363,3096.7152991848448,-79.11486846248181,-78.75788191562053,-0.35698654686127895,29.980418434495434,3061.091015625,3218.012093860213,2904.1699373897873,313.84215647042583,0.24632793383589843,26.89322985034945,24.308486014662154,-73.10677014965056,3103997.35,0.819290647912441,-0.13346903922545417,0.013357464821956126,0.004847852218881732,39.82498786767928,0.9898260584181162,1.0015097137040532,0.9881522488820971,0.011334500165495792,0.00872605676364975,-98.828125,-3.2083864431723286,39.82498786767928,40.4049123696651,2967.093994140625,1487081.0,3000.8521121202134,2960.9294204705666,2998.014404296875,1927996.0,3011.322048140622,2976.5854331255146,3008.28857421875,2519252.0,3013.181055141491,2927.2692812506943,2971.497314453125,2968371.0,2994.0027271024683,2950.166049468222,3080.30615234375,2934778.0,3105.4534578423713,3072.478182452152,2971.105712890625
2025-08-08 00:00:00+05:30,2982.5543093380406,2994.002666894786,2959.9509519667536,2971.105712890625,2762140.0,0.0,0.0,2985.196142578125,2982.7205810546875,3050.398303222656,3220.991044921875,3210.6996653654614,3010.447375299863,3087.3839863109856,-76.93661101112275,-78.39362750607478,1.457016494952029,31.864211831682468,3050.398303222656,3200.7888298691973,2900.007776576115,300.78105329308255,0.23637770908805225,23.529319274547095,22.527009941607048,-76.47068072545291,2860326.85,0.9656728565828062,0.07521574266509967,0.011460957037069988,-0.0034789169525981656,34.05171492803265,1.0038533117141353,1.0077065430236356,0.9962455859865657,0.011332560631432348,0.00913798347186495,-97.2626953125,-3.16985062981594,34.05171492803265,39.65006901855525,2981.47802734375,2543076.0,2985.9792055799644,2946.154217712285,2967.093994140625,1487081.0,3000.8521121202134,2960.9294204705666,2998.014404296875,1927996.0,3011.322048140622,2976.5854331255146,2938.424072265625,2053847.0,2971.4972914199097,2935.488583681943,3068.368408203125,2568917.0,3089.014534530361,3058.3877948178133,2975.411376953125
2025-08-11 00:00:00+05:30,2971.1058502168585,2984.3155492907413,2956.3307005130723,2975.411376953125,1884215.0,0.0,0.0,2978.620703125,2978.9533935546874,3042.0321655273438,3213.8080615234376,3210.6996653654614,3005.057207737913,3079.067521168269,-74.01031343035629,-77.51696425069873,3.5066508203424434,32.4675506394135,3042.0321655273438,3189.380313049226,2894.6840180054614,294.6962950437646,0.27393408164725974,25.840395715432013,25.42098161344285,-74.15960428456799,2758337.15,0.6830981484623807,-0.44162688514621395,0.009405371302413298,0.00144917901904984,27.984848777668958,0.9985529642154305,1.002992585296469,0.9935872139940556,0.01010159746548409,0.009345596018513183,-37.671875,-1.2502766053868797,27.984848777668958,39.86672582430905,2971.105712890625,2762140.0,2994.002666894786,2959.9509519667536,2981.47802734375,2543076.0,2985.9792055799644,2946.154217712285,2967.093994140625,1487081.0,3000.8521121202134,2960.9294204705666,3008.28857421875,2519252.0,3013.181055141491,2927.2692812506943,3013.083251953125,3374473.0,3050.951005299135,3003.8852447797885,2970.127197265625
2025-08-12 00:00:00+05:30,2975.6068714078456,3029.8154640054736,2961.809979769089,2970.127197265625,3358232.0,0.0,0.0,2973.04326171875,2976.9376708984373,3031.958532714844,3207.3816015625,3210.6996653654614,2999.6833481878184,3070.977874607834,-71.2945264200157,-76.27247618460834,4.977949764592637,27.871904716165588,3031.958532714844,3169.2116533775834,2894.7054120521043,274.5062413254791,0.2747543547619885,24.052593689698345,24.47410289322582,-75.94740631030166,2796704.3,1.2007819346507245,-0.298220889254452,0.02289648884364021,-0.0017759492782847275,68.00548423638475,1.0018449291152465,1.0200961988411807,0.9971997099975405,0.009859921170549995,0.009677855985961149,-20.1572265625,-0.6740906116447287,68.00548423638475,43.018888179693086,2975.411376953125,1884215.0,2984.3155492907413,2956.3307005130723,2971.105712890625,2762140.0,2994.002666894786,2959.9509519667536,2981.47802734375,2543076.0,2985.9792055799644,2946.154217712285,2998.014404296875,1927996.0,3011.322048140622,2976.5854331255146,2990.284423828125,4785312.0,3007.8973556438664,2975.802632112602,2970.91015625
2025-08-13 00:00:00+05:30,2970.812449963036,2978.9337774241835,2963.473728360306,2970.91015625,2148166.0,0.0,0.0,2973.806494140625,2975.2350830078126,3022.325231933594,3200.85962890625,3210.6996653654614,2995.2566950599658,3063.5484498677447,-68.29175480777894,-74.6763313962613,6.384576588482361,31.01227524204704,3022.325231933594,3147.1663372824555,2897.484126584732,249.68221069772335,0.29407793795193815,26.981240014412148,25.6247431398475,-73.01875998558785,2777075.95,0.7735351998565253,-0.2541403642416412,0.005203809018375698,0.0002636112638865207,15.460049063877705,0.9999671123387026,1.0027007283129394,0.9974969192945636,0.009863696715095842,0.009998432333110667,-17.02587890625,-0.569820729290127,15.460049063877705,41.39038295315949,2970.127197265625,3358232.0,3029.8154640054736,2961.809979769089,2975.411376953125,1884215.0,2984.3155492907413,2956.3307005130723,2971.105712890625,2762140.0,2994.002666894786,2959.9509519667536,2967.093994140625,1487081.0,3000.8521121202134,2960.9294204705666,2987.93603515625,2880121.0,3003.0047807939304,2981.673516260727,2957.30908203125
2025-08-14 00:00:00+05:30,2968.757439673081,2990.1864106721328,2954.1779420022144,2957.30908203125,3342174.0,0.0,0.0,2968.972705078125,2973.816259765625,3013.181188964844,3194.256767578125,3210.6996653654614,2989.4185915810417,3055.662157218937,-66.24356563789524,-72.98977781095816,6.746212173062915,30.83423706276558,3013.181188964844,3128.065956953614,2898.2964209760735,229.76953597754073,0.2568341394959549,24.28798677546765,25.107273493192718,-75.71201322453236,2796802.65,1.1949981526226028,0.12592866592484575,0.012176092410734978,-0.004578083315692649,36.00846866991833,1.0038712076838339,1.0111173123028117,0.9989412198920767,0.009816157868757398,0.010316992432827568,-14.188232421875,-0.47747754483453697,36.00846866991833,41.77479216440026,2970.91015625,2148166.0,2978.9337774241835,2963.473728360306,2970.127197265625,3358232.0,3029.8154640054736,2961.809979769089,2975.411376953125,1884215.0,2984.3155492907413,2956.3307005130723,2981.47802734375,2543076.0,2985.9792055799644,2946.154217712285,2971.497314453125,2968371.0,2994.0027271024683,2950.166049468222,2946.44775390625
2025-08-18 00:00:00+05:30,2980.988718063058,2983.434958599791,2938.815435653507,2946.44775390625,2945609.0,0.0,0.0,2964.04111328125,2974.6186279296876,3004.438330078125,3187.181181640625,3210.6996653654614,2982.807684693942,3047.556298572794,-64.74861387885176,-71.34154468551499,6.592930806663233,36.41809374903586,3004.438330078125,3110.988815363837,2897.887844792413,213.1009705714241,0.22787277309730203,18.702278466491066,23.32383508545696,-81.29772153350893,2772450.85,1.0624567068519897,0.4341910570748455,0.015143497076141904,-0.003672706444853513,44.61952294628418,1.011722917574566,1.0125531513818649,0.997409654305723,0.009175785045251749,0.010547683799865083,8.023681640625,0.2730607102070959,44.61952294628418,40.355960701753666,2957.30908203125,3342174.0,2990.1864106721328,2954.1779420022144,2970.91015625,2148166.0,2978.9337774241835,2963.473728360306,2970.127197265625,3358232.0,3029.8154640054736,2961.809979769089,2971.105712890625,2762140.0,2994.002666894786,2959.9509519667536,2938.424072265625,2053847.0,2971.4972914199097,2935.488583681943,2951.34033203125
2025-08-19 00:00:00+05:30,2946.4478507969,2959.9511467818434,2946.350144506624,2951.34033203125,2650784.0,0.0,0.0,2959.226904296875,2968.9238037109376,2997.491015625,3179.4681591796875,3210.6996653654614,2977.966548072639,3040.416219489243,-62.449671416603906,-69.56316973910037,7.1134983224964685,41.43722925132455,2997.491015625,3098.4453490827505,2896.536682167249,201.90866691550127,0.27142792184813014,23.47337573561099,22.154546992523237,-76.52662426438901,2712772.75,0.977149302314394,0.05221073556754141,0.004608415413026427,0.001660500553085864,13.601002275219344,0.9983422849675277,1.0029175946457747,0.9983091792327483,0.004216595708882243,0.009823351554777902,-56.9482421875,-1.8930445262316464,13.601002275219344,38.66455944708913,2946.44775390625,2945609.0,2983.434958599791,2938.815435653507,2957.30908203125,3342174.0,2990.1864106721328,2954.1779420022144,2970.91015625,2148166.0,2978.9337774241835,2963.473728360306,2975.411376953125,1884215.0,2984.3155492907413,2956.3307005130723,3008.28857421875,2519252.0,3013.181055141491,2927.2692812506943,3031.96826171875
2025-08-20 00:00:00+05:30,2946.1539583708727,3036.664852119672,2946.1539583708727,3031.96826171875,4952358.0,0.0,0.0,2971.5951171875,2972.319189453125,2994.506591796875,3172.568046875,3210.6996653654614,2986.274511921144,3039.7893905076385,-53.51487858649443,-66.35351108605855,12.838632499564113,57.202266951419965,2994.506591796875,3086.9065283674117,2902.1066552263383,184.79987314107348,0.7027148032362409,95.70678194408147,45.96081204872784,-4.293218055918531,2800488.85,1.768390543672402,1.568655744099054,0.029852190371376427,0.027319089165161792,90.51089374879939,0.9716968332316146,1.0015490236029911,0.9716968332316146,0.01009454501864774,0.009691815255071122,33.953857421875,1.1325448394514437,90.51089374879939,43.605961533917416,2951.34033203125,2650784.0,2959.9511467818434,2946.350144506624,2946.44775390625,2945609.0,2983.434958599791,2938.815435653507,2957.30908203125,3342174.0,2990.1864106721328,2954.1779420022144,2970.127197265625,3358232.0,3029.8154640054736,2961.809979769089,2998.014404296875,1927996.0,3011.322048140622,2976.5854331255146,3035.882568359375
2025-08-21 00:00:00+05:30,3062.693270119804,3062.693270119804,3016.801891436903,3035.882568359375,3230726.0,0.0,0.0,2984.589599609375,2979.198046875,2990.7638549804688,3165.57068359375,3210.6996653654614,2993.906526746986,3039.4995448642876,-45.59301811730165,-62.201412055040095,16.60839393773844,60.98129712569684,2990.7638549804688,3068.191628538915,2913.3360814220223,154.85554711689292,0.7913600075614232,80.20239841972013,66.46085203313753,-19.797601580279867,2865881.4,1.1273062451223557,1.1725285979714624,0.015116322074243122,0.0012910117464113302,45.89137868290072,1.008831271024728,1.008831271024728,0.9937149489504848,0.009259973968846816,0.0095055333758444,68.78857421875,2.3183820382701947,45.89137868290072,43.75272589453558,3031.96826171875,4952358.0,3036.664852119672,2946.1539583708727,2951.34033203125,2650784.0,2959.9511467818434,2946.350144506624,2946.44775390625,2945609.0,2983.434958599791,2938.815435653507,2970.91015625,2148166.0,2978.9337774241835,2963.473728360306,2967.093994140625,1487081.0,3000.8521121202134,2960.9294204705666,2988.327392578125
2025-08-22 00:00:00+05:30,3019.639270954844,3029.1306363096523,2984.4134077810354,2988.327392578125,1593791.0,0.0,0.0,2990.79326171875,2979.8829833984373,2986.1649169921875,3158.3575048828125,3210.6996653654614,2993.0481978287307,3035.7035410321287,-42.65534320339793,-58.292197955361026,15.636854751963092,58.110651886840365,2986.1649169921875,3051.1210062591576,2921.2088277252174,129.91217853394028,0.5166456725638893,45.086628918045506,73.6652697606157,-54.913371081954494,2798832.05,0.5694486026769631,-0.3732821984085415,0.014963965675139084,-0.015664366032098975,44.71722852861694,1.0104780615586118,1.0136542079803128,0.9986902423051737,0.01078688274249324,0.009450771633544148,6.849365234375,0.2297305286692808,51.4691605783396,44.857042309332556,3035.882568359375,3230726.0,3062.693270119804,3016.801891436903,3031.96826171875,4952358.0,3036.664852119672,2946.1539583708727,2951.34033203125,2650784.0,2959.9511467818434,2946.350144506624,2957.30908203125,3342174.0,2990.1864106721328,2954.1779420022144,2981.47802734375,2543076.0,2985.9792055799644,2946.154217712285,3073.065185546875
2025-08-25 00:00:00+05:30,3020.9112915939663,3084.2199463957195,3010.9306783780526,3073.065185546875,3448370.0,0.0,0.0,3016.116748046875,2990.0789306640627,2986.399755859375,3152.6147900390624,3210.6996653654614,3005.3585107258577,3038.47477049222,-33.11625976636242,-53.257009978190304,20.140750211827886,60.04245214103982,2986.399755859375,3052.628679422896,2920.1708322958543,132.45784712704153,1.1542868661029821,92.32846299478237,72.53916344418268,-7.671537005217637,2842804.7,1.213016849170117,0.24844142585097062,0.023848914224910773,0.028356261492367585,73.28926801766693,0.9830287056069631,1.003629848433189,0.979780934208278,0.013823995130293436,0.009699915083430256,101.95947265625,3.431701275854371,95.89255381759449,45.56995516124669,2988.327392578125,1593791.0,3029.1306363096523,2984.4134077810354,3035.882568359375,3230726.0,3062.693270119804,3016.801891436903,3031.96826171875,4952358.0,3036.664852119672,2946.1539583708727,2946.44775390625,2945609.0,2983.434958599791,2938.815435653507,2971.105712890625,2762140.0,2994.002666894786,2959.9509519667536,3089.308349609375
2025-08-26 00:00:00+05:30,3061.714802808035,3094.0051794435944,3052.9083364528824,3089.308349609375,5522097.0,0.0,0.0,3043.7103515625,3001.4686279296875,2990.2110107421877,3146.210048828125,3210.6996653654614,3018.2738768520335,3042.244881886833,-23.97100503479942,-47.399808673692455,23.428803638893037,63.896300612575864,2990.2110107421877,3070.2405321781125,2910.181489306263,160.05904287184967,1.119129897874805,96.97349211390383,78.12952800891058,-3.026507886096172,2950185.9,1.871779334312458,1.93071491310705,0.01330292684960001,0.00528565555292948,41.09684299071205,0.9910680502951966,1.0015203499627394,0.9882174231131395,0.013815072619908662,0.010071262598872713,113.89697265625,3.827940349306669,41.09684299071205,46.02425715950416,3073.065185546875,3448370.0,3084.2199463957195,3010.9306783780526,2988.327392578125,1593791.0,3029.1306363096523,2984.4134077810354,3035.882568359375,3230726.0,3062.693270119804,3016.801891436903,2951.34033203125,2650784.0,2959.9511467818434,2946.350144506624,2975.411376953125,1884215.0,2984.3155492907413,2956.3307005130723,3027.173583984375
2025-08-28 00:00:00+05:30,3077.3704857914763,3078.8382300613293,3020.1284592672155,3027.173583984375,3116051.0,0.0,0.0,3042.751416015625,3007.1732666015623,2992.05546875,3138.192041015625,3210.6996653654614,3019.643063129643,3041.1272099980633,-21.48414686842034,-42.21667608905887,20.732529220638533,58.3514104200038,2992.05546875,3073.7746623407747,2910.336275159225,163.43838718154984,0.7148706667997491,56.93555912456619,82.07917141108415,-43.06444087543381,2866722.85,1.0869732314723064,-0.07211562512655467,0.019394253142510542,-0.020112840349153394,58.709770794113865,1.0165821022199302,1.017066958548493,0.9976727054059825,0.015728930945746483,0.01065816357639236,57.04638671875,1.9206715042799694,69.17989034215952,48.11405706611221,3089.308349609375,5522097.0,3094.0051794435944,3052.9083364528824,3073.065185546875,3448370.0,3084.2199463957195,3010.9306783780526,2988.327392578125,1593791.0,3029.1306363096523,2984.4134077810354,3031.96826171875,4952358.0,3036.664852119672,2946.1539583708727,2970.127197265625,3358232.0,3029.8154640054736,2961.809979769089,3018.3671875
2025-08-29 00:00:00+05:30,3026.4887537573413,3048.0156702082504,3011.028465982645,3018.3671875,2271789.0,0.0,0.0,3039.24833984375,3011.9189697265624,2993.5770263671875,3131.24419921875,3210.6996653654614,3019.446774502706,3039.4394935089463,-19.99271900624035,-37.77188451911105,17.779165512870698,55.208573197451315,2993.5770263671875,3076.1025062145127,2911.0515465198623,165.05095969465037,0.650197012962997,51.260959586411985,68.39000360829401,-48.739040413588015,2836306.25,0.8009674554713547,0.05754815968598326,0.012254043967473933,-0.0029091151333264786,36.98720422560564,1.0026907151293505,1.0098226891781206,0.9975686452106466,0.015800018150593263,0.011251795719942104,47.45703125,1.5973903199382633,36.98720422560564,47.91135823453552,3027.173583984375,3116051.0,3078.8382300613293,3020.1284592672155,3089.308349609375,5522097.0,3094.0051794435944,3052.9083364528824,3073.065185546875,3448370.0,3084.2199463957195,3010.9306783780526,3035.882568359375,3230726.0,3062.693270119804,3016.801891436903,2970.91015625,2148166.0,2978.9337774241835,2963.473728360306,3045.667236328125
2025-09-01 00:00:00+05:30,3023.5531276055535,3063.7694152474464,3023.5531276055535,3045.667236328125,1246862.0,0.0,0.0,3050.71630859375,3020.75478515625,2997.2855224609375,3125.3767529296874,3210.6996653654614,3023.480692898317,3039.901260987098,-16.420568088780783,-33.5016211151559,17.081053026375116,60.047440140543884,2997.2855224609375,3082.262891391443,2912.308153530432,169.95473786101138,0.7846741107432613,68.85235974043991,59.016292817139366,-31.147640259560085,2750230.8,0.45336631383809683,-0.6269308539890502,0.013204425999728686,0.00904464140121286,40.216287641892905,0.9927391579556694,1.005943583955398,0.9927391579556694,0.01578608293701219,0.011848788226767581,88.358154296875,2.9877889610437913,45.40222774744643,48.722109150207935,3018.3671875,2271789.0,3048.0156702082504,3011.028465982645,3027.173583984375,3116051.0,3078.8382300613293,3020.1284592672155,3089.308349609375,5522097.0,3094.0051794435944,3052.9083364528824,2988.327392578125,1593791.0,3029.1306363096523,2984.4134077810354,2957.30908203125,3342174.0,2990.1864106721328,2954.1779420022144,3044.5908203125
2025-09-02 00:00:00+05:30,3053.98447906176,3087.1554035307527,3036.3715480748965,3044.5908203125,2185229.0,0.0,0.0,3045.021435546875,3030.569091796875,3002.593859863281,3119.25958984375,3210.6996653654614,3026.728405620025,3040.2489517113972,-13.520546091372125,-29.505406022140384,15.984859930768259,59.40402885204466,3002.593859863281,3085.3236416965497,2919.8640780300125,165.45956366653718,0.7538200846090619,68.15874688347111,62.75735540344101,-31.841253116528893,2756799.9,0.792668702577942,-0.25814016727949973,0.016680026464325884,-0.00035342535218085835,50.783855455856155,1.0030853600052225,1.0139803953077293,0.9973003688434035,0.01566321005991295,0.012497530728233702,98.14306640625,3.330894507670701,50.783855455856155,50.35060962722131,3045.667236328125,1246862.0,3063.7694152474464,3023.5531276055535,3018.3671875,2271789.0,3048.0156702082504,3011.028465982645,3027.173583984375,3116051.0,3078.8382300613293,3020.1284592672155,3073.065185546875,3448370.0,3084.2199463957195,3010.9306783780526,2946.44775390625,2945609.0,2983.434958599791,2938.815435653507,3030.891845703125
2025-09-03 00:00:00+05:30,3062.595025627338,3074.3369795089966,3021.5961322134785,3030.891845703125,1799774.0,0.0,0.0,3033.338134765625,3038.5242431640627,3003.7240234375,3113.6895458984377,3210.6996653654614,3027.3689349990595,3039.555249050291,-12.18631405123142,-26.041587566758217,13.855273515526797,58.07540313422667,3003.7240234375,3087.3935873525857,2920.054459522414,167.3391278301715,0.662351881582633,59.3315046477313,65.44753709054744,-40.6684953522687,2720826.0,0.6614807415101149,-0.32104086941825516,0.017401098416061397,-0.00449944686096404,52.74084729551805,1.0104600168987088,1.014334108908394,0.9969330104923325,0.015858767310008376,0.013661747888346315,79.551513671875,2.6954368091166137,52.74084729551805,49.2602784171594,3044.5908203125,2185229.0,3087.1554035307527,3036.3715480748965,3045.667236328125,1246862.0,3063.7694152474464,3023.5531276055535,3018.3671875,2271789.0,3048.0156702082504,3011.028465982645,3089.308349609375,5522097.0,3094.0051794435944,3052.9083364528824,2951.34033203125,2650784.0,2959.9511467818434,2946.350144506624,3029.130859375
2025-09-04 00:00:00+05:30,3048.9943814611165,3050.9513740037746,3024.336323201764,3029.130859375,1481391.0,0.0,0.0,3033.72958984375,3038.2405029296874,3005.2798461914062,3108.1467041015626,3210.6996653654614,3027.640000336179,3038.7824699685407,-11.142469632361554,-23.061763937759743,11.91929430539819,57.71726073359153,3005.2798461914062,3089.6566034301036,2920.903088952709,168.75351447739467,0.64133639383723,58.19677352110031,61.89567501743425,-41.80322647889969,2698495.75,0.5489691803294484,-0.700871584808691,0.008786365474980497,-0.0005810125922578457,26.6150508020105,1.0065574988365524,1.0072035562812485,0.998417190806268,0.01331062693018376,0.013983356079499918,-2.83740234375,-0.09358285109954956,26.6150508020105,50.05706425559746,3030.891845703125,1799774.0,3074.3369795089966,3021.5961322134785,3044.5908203125,2185229.0,3087.1554035307527,3036.3715480748965,3045.667236328125,1246862.0,3063.7694152474464,3023.5531276055535,3027.173583984375,3116051.0,3078.8382300613293,3020.1284592672155,3031.96826171875,4952358.0,3036.664852119672,2946.1539583708727,2982.75
2025-09-05 00:00:00+05:30,3030.5006621101975,3036.664997028233,2963.47367273015,2982.75,2802055.0,0.0,0.0,3026.60615234375,3032.92724609375,3006.062646484375,3100.6152392578124,3210.6996653654614,3020.7338453924453,3034.628920329983,-13.895074937537629,-21.228426116984263,7.333351179446634,53.102621176879715,3006.062646484375,3089.229575218605,2922.8957177501447,166.33385746846034,0.35984425035777595,28.310224163988416,48.612834110940014,-71.68977583601159,2764244.45,1.013678439329054,-0.13268565641283103,0.024538202765261148,-0.015311606374301623,73.19132429808269,1.0160089387679818,1.0180756003782525,0.9935373976129914,0.014139367274965146,0.014471295410111749,-53.132568359375,-1.7501522922241497,73.19132429808269,52.712982514752056,3029.130859375,1481391.0,3050.9513740037746,3024.336323201764,3030.891845703125,1799774.0,3074.3369795089966,3021.5961322134785,3044.5908203125,2185229.0,3087.1554035307527,3036.3715480748965,3018.3671875,2271789.0,3048.0156702082504,3011.028465982645,3035.882568359375,3230726.0,3062.693270119804,3016.801891436903,2954.080078125
2025-09-08 00:00:00+05:30,2984.413460841752,2998.9929589138555,2951.144589474992,2954.080078125,2626187.0,0.0,0.0,3008.288720703125,3029.5025146484377,3004.6927490234375,3092.56888671875,3210.6996653654614,3010.479418344984,3028.658351391049,-18.17893304606514,-20.61852749728314,2.4395944512179994,50.89204492925161,3004.6927490234375,3090.427661399385,2918.95783664749,171.46982475189543,0.20483045065409955,5.360875410172476,30.622624365087074,-94.63912458982752,2768400.0,0.9486298945239128,0.6477612183780683,0.016197384015816475,-0.009611909102338445,47.848369438863756,1.0102683007618416,1.015203677490477,0.9990062934746605,0.013592966148241216,0.014751903750686548,-34.247314453125,-1.1460362254210321,47.848369438863756,52.94361440707917,2982.75,2802055.0,3036.664997028233,2963.47367273015,3029.130859375,1481391.0,3050.9513740037746,3024.336323201764,3030.891845703125,1799774.0,3074.3369795089966,3021.5961322134785,3045.667236328125,1246862.0,3063.7694152474464,3023.5531276055535,2988.327392578125,1593791.0,3029.1306363096523,2984.4134077810354,2983.826171875
2025-09-09 00:00:00+05:30,2966.898378981974,2994.19832699537,2965.62628616296,2983.826171875,2489301.0,0.0,0.0,2996.135791015625,3020.57861328125,3005.3287719726563,3085.131103515625,3210.6996653654614,3006.37891844346,3025.3353940512975,-18.956475607837547,-20.286117116988365,1.329641509150818,53.588383585050366,3005.3287719726563,3090.1989412312246,2920.458602714088,169.74033851713648,0.3733206243989816,25.4798122266423,19.716970600267732,-74.5201877733577,2754758.05,0.9036368910874043,-0.2781224172580089,0.009575638521347145,0.010069494720292171,28.57204083241004,0.9943268166716331,1.0034761257938334,0.9939004872724863,0.009931363308153312,0.014362640568472538,-89.239013671875,-2.9039089080043157,40.118248870369825,54.83770344958992,2954.080078125,2626187.0,2998.9929589138555,2951.144589474992,2982.75,2802055.0,3036.664997028233,2963.47367273015,3029.130859375,1481391.0,3050.9513740037746,3024.336323201764,3044.5908203125,2185229.0,3087.1554035307527,3036.3715480748965,3073.065185546875,3448370.0,3084.2199463957195,3010.9306783780526,3043.123291015625
2025-09-10 00:00:00+05:30,2990.675797260498,3055.550145422665,2987.740308555338,3043.123291015625,2079428.0,0.0,0.0,2998.582080078125,3015.960107421875,3008.7143676757814,3078.4716455078124,3210.6996653654614,3012.031899357814,3026.6537710284483,-14.621871670634391,-19.153268021158823,4.531396350524432,51.293120770704625,3008.7143676757814,3093.9609100931225,2923.4678252584404,170.49308483468212,0.7018200525447001,64.38353751783325,31.741408384882675,-35.61646248216675,2764518.7,0.7521844580034853,-0.6234350827231032,0.0222829738997187,0.019872846380780684,67.80983686732725,0.9827652419111738,1.004083585585812,0.9818006116860932,0.012101180547321712,0.014191251361213842,-46.18505859375,-1.4949967231205563,71.72397354766508,53.49578057808032,2983.826171875,2489301.0,2994.19832699537,2965.62628616296,2954.080078125,2626187.0,2998.9929589138555,2951.144589474992,2982.75,2802055.0,3036.664997028233,2963.47367273015,3030.891845703125,1799774.0,3074.3369795089966,3021.5961322134785,3089.308349609375,5522097.0,3094.0051794435944,3052.9083364528824,3057.017822265625
2025-09-11 00:00:00+05:30,3071.4996140027415,3071.4996140027415,3043.221168990462,3057.017822265625,2263446.0,0.0,0.0,3004.15947265625,3018.94453125,3013.0588989257812,3072.720048828125,3210.6996653654614,3018.952811111677,3028.9041532502083,-9.951342138531345,-17.312882836109246,7.361540697577901,52.39464608364581,3013.0588989257812,3098.879859059056,2927.2379387925066,171.64192026654928,0.7561083170799899,74.10947470810643,54.65760815086066,-25.890525291893574,2709779.4,0.8352879204853355,-0.2736171519657412,0.009250336980803622,0.004565878514032562,28.278445012279462,1.0047372284294973,1.0047372284294973,0.9954868914486936,0.010243703679572622,0.013642728634596455,29.84423828125,0.9858779965293163,28.37632298711651,52.24470517123859,3043.123291015625,2079428.0,3055.550145422665,2987.740308555338,2983.826171875,2489301.0,2994.19832699537,2965.62628616296,2954.080078125,2626187.0,2998.9929589138555,2951.144589474992,3029.130859375,1481391.0,3050.9513740037746,3024.336323201764,3027.173583984375,3116051.0,3078.8382300613293,3020.1284592672155,3066.02001953125
2025-09-12 00:00:00+05:30,3076.3921752202637,3080.991059765134,3053.8867617246956,3066.02001953125,1447167.0,0.0,0.0,3020.8134765625,3023.709814453125,3017.8143920898438,3067.2733154296875,3210.6996653654614,3026.1939205749554,3031.6548271558136,-5.460906580858136,-14.942487576275889,9.481580995417753,59.64528469788642,3017.8143920898438,3104.3390416636776,2931.28974251601,173.04929914766763,0.7785658634784247,80.41086074298383,72.96795765630783,-19.589139257016168,2674729.45,0.5410517314190413,-0.36298353412222706,0.008840222134160252,0.002944764404073208,27.104298040438607,1.0033829380183237,1.0048828905677443,0.996042668433584,0.010160599698186631,0.013078786789355793,47.65283203125,1.5787619289195476,27.104298040438607,50.50435784710281,3057.017822265625,2263446.0,3071.4996140027415,3043.221168990462,3043.123291015625,2079428.0,3055.550145422665,2987.740308555338,2983.826171875,2489301.0,2994.19832699537,2965.62628616296,2982.75,2802055.0,3036.664997028233,2963.47367273015,3018.3671875,2271789.0,3048.0156702082504,3011.028465982645,3044.982177734375
2025-09-15 00:00:00+05:30,3066.6070389449774,3066.6070389449774,3029.4241839737238,3044.982177734375,1732539.0,0.0,0.0,3038.993896484375,3023.64130859375,3022.198046875,3061.844658203125,3210.6996653654614,3029.0844218370644,3032.6424872949315,-3.5580654578670874,-12.665603145844813,9.107537687977725,45.85856592926281,3022.198046875,3104.601181229589,2939.7949125204104,164.80626870917877,0.6382479625188325,65.68472682354628,73.40168742487884,-34.31527317645372,2594247.7,0.6678386955879347,0.3895194496263419,0.012211189688774991,-0.006861612664907368,37.18285497125362,1.0071018022268663,1.0071018022268663,0.9948906125380914,0.010113036025256324,0.012511482098180204,-0.68505859375,-0.022492890410963362,37.18285497125362,46.31080792950703,3066.02001953125,1447167.0,3080.991059765134,3053.8867617246956,3057.017822265625,2263446.0,3071.4996140027415,3043.221168990462,3043.123291015625,2079428.0,3055.550145422665,2987.740308555338,2954.080078125,2626187.0,2998.9929589138555,2951.144589474992,3045.667236328125,1246862.0,3063.7694152474464,3023.5531276055535,3078.0556640625
2025-09-16 00:00:00+05:30,3060.7363278880744,3082.263245795216,3042.2428439695796,3078.0556640625,2573429.0,0.0,0.0,3057.839794921875,3026.98779296875,3028.7784423828125,3056.70689453125,3209.5803899481743,3036.618459456848,3036.0078428639167,0.6106165929313647,-10.010359191792874,10.620975784724239,48.41903212152437,3028.7784423828125,3106.603817803033,2950.953066962592,155.6507508404411,0.8165883968667905,93.3095470890116,79.80171155184723,-6.690452910988394,2575638.7,0.999142076875922,0.17764728547900477,0.013001844733638225,0.010861635437463768,40.02040182563633,0.9943732868847579,1.0013669608973745,0.9883651161637363,0.010672962386427367,0.012012457330831647,33.46484375,1.0991573490511053,40.02040182563633,46.23391927485876,3044.982177734375,1732539.0,3066.6070389449774,3029.4241839737238,3066.02001953125,1447167.0,3080.991059765134,3053.8867617246956,3057.017822265625,2263446.0,3071.4996140027415,3043.221168990462,2983.826171875,2489301.0,2994.19832699537,2965.62628616296,3044.5908203125,2185229.0,3087.1554035307527,3036.3715480748965,3104.57275390625
2025-09-17 00:00:00+05:30,3084.2199854121977,3113.966173979194,3074.8263264485827,3104.57275390625,2418271.0,0.0,0.0,3070.1296875,3034.3558837890623,3036.4400634765625,3052.2574609375,3208.5509033203125,3047.0729667112582,3041.0887053876436,5.984261323614646,-6.811435082642571,12.795696406257218,62.08372814918207,3036.4400634765625,3112.312332872289,2960.567794080836,151.74453879145312,0.9489959966422529,94.23085084109248,84.40837491788345,-5.769149158907519,2564013.05,0.9431586161388688,0.3436525919365432,0.01260716067335342,0.008614883139816953,39.139847530611405,0.9934442610602557,1.0030256723928035,0.9904185117194501,0.010708005742510565,0.011497381174081866,73.680908203125,2.4309976057899307,39.139847530611405,44.088201931176755,3078.0556640625,2573429.0,3082.263245795216,3042.2428439695796,3044.982177734375,1732539.0,3066.6070389449774,3029.4241839737238,3066.02001953125,1447167.0,3080.991059765134,3053.8867617246956,3043.123291015625,2079428.0,3055.550145422665,2987.740308555338,3030.891845703125,1799774.0,3074.3369795089966,3021.5961322134785,3108.388916015625
2025-09-18 00:00:00+05:30,3116.51048247651,3134.1234145595795,3093.4178759668794,3108.388916015625,2633138.0,0.0,0.0,3080.40390625,3042.281689453125,3040.261096191406,3047.9916162109375,3207.578456841626,3056.5061899988054,3046.075705843723,10.430484155082468,-3.3630512298639172,13.793535384946384,64.27684761641473,3040.261096191406,3122.606313738335,2957.9158786444773,164.69043509385756,0.913671988815821,85.93580512277423,91.15873435095943,-14.064194877225772,2448052.05,1.0756053981777063,0.7774767093900259,0.013095381463680238,0.0012292068544934587,40.70553859270012,1.002612789673467,1.0082790471975243,0.995183665733844,0.010666172656189035,0.011232935746682392,79.258056640625,2.616527985092665,40.70553859270012,44.353797243112076,3104.57275390625,2418271.0,3113.966173979194,3074.8263264485827,3078.0556640625,2573429.0,3082.263245795216,3042.2428439695796,3044.982177734375,1732539.0,3066.6070389449774,3029.4241839737238,3057.017822265625,2263446.0,3071.4996140027415,3043.221168990462,3029.130859375,1481391.0,3050.9513740037746,3024.336323201764,3101.050048828125
2025-09-19 00:00:00+05:30,3101.8328935510035,3112.107103450778,3076.3919928468,3101.050048828125,4901694.0,0.0,0.0,3087.409912109375,3054.1116943359375,3043.5194702148438,3044.0158740234374,3206.554145226112,3063.3590915524187,3050.149240532016,13.209851020402766,-0.048470775786123604,13.25832179618889,59.377046144485085,3043.5194702148438,3130.1794540381366,2956.859486391551,173.3199676465856,0.831932779554812,81.92503109790694,87.36389568725788,-18.07496890209306,2531600.45,1.9362036375052785,0.7493211232470454,0.011517102285232336,-0.002360987439405493,35.715110603978246,1.000252445046211,1.0035655840597708,0.9920484817745385,0.008881637929115815,0.01070716281209746,118.300048828125,3.966140267475482,35.715110603978246,43.66186030429292,3108.388916015625,2633138.0,3134.1234145595795,3093.4178759668794,3104.57275390625,2418271.0,3113.966173979194,3074.8263264485827,3078.0556640625,2573429.0,3082.263245795216,3042.2428439695796,3066.02001953125,1447167.0,3080.991059765134,3053.8867617246956,2982.75,2802055.0,3036.664997028233,2963.47367273015,3007.70166015625
2025-09-22 00:00:00+05:30,3028.445731768582,3040.089740964508,2999.090845838676,3007.70166015625,3634901.0,0.0,0.0,3079.95380859375,3059.4738525390626,3044.48818359375,3038.2082763671874,3204.66031203497,3054.796409592724,3047.0040022150547,7.792407377669406,1.519704856428205,6.272702521241201,45.241121787321,3044.48818359375,3128.9558762697447,2960.020490917755,168.93538535198968,0.2822450082861421,30.90907959164834,66.25663860410984,-69.09092040835166,2633655.95,1.3801730632279436,0.3840983144003074,0.01363130381877771,-0.030102187066329722,40.99889512583195,1.0068969844606377,1.0107683821295546,0.9971370783107768,0.013510785444554968,0.010698944741728836,53.62158203125,1.8151702260313929,101.95920298944884,47.31724227097811,3101.050048828125,4901694.0,3112.107103450778,3076.3919928468,3108.388916015625,2633138.0,3134.1234145595795,3093.4178759668794,3104.57275390625,2418271.0,3113.966173979194,3074.8263264485827,3044.982177734375,1732539.0,3066.6070389449774,3029.4241839737238,2954.080078125,2626187.0,2998.9929589138555,2951.144589474992,2996.546630859375
2025-09-23 00:00:00+05:30,3003.983297445149,3014.453158879609,2986.3703660594774,2996.546630859375,3177741.0,0.0,0.0,3063.652001953125,3060.7458984375,3040.662255859375,3034.440009765625,3202.6969754201064,3045.8349049893945,3043.2653481326042,2.5695568567903138,1.7296752566637879,0.8398816001265259,45.54002934466539,3040.662255859375,3126.598891917775,2954.725619800975,171.87327211679985,0.2433246923348252,24.81272975897331,45.88228014950953,-75.1872702410267,2620124.5,1.2128206121503005,0.27655956431142714,0.009371718941706481,-0.0037088217374243726,28.082792820131544,1.0024817456565465,1.0059757214641103,0.9966040025224039,0.013283859431404872,0.01103419435405399,12.720458984375,0.4263136741769813,28.082792820131544,45.55595266559336,3007.70166015625,3634901.0,3040.089740964508,2999.090845838676,3101.050048828125,4901694.0,3112.107103450778,3076.3919928468,3108.388916015625,2633138.0,3134.1234145595795,3093.4178759668794,3078.0556640625,2573429.0,3082.263245795216,3042.2428439695796,2983.826171875,2489301.0,2994.19832699537,2965.62628616296,2970.127197265625
2025-09-24 00:00:00+05:30,2984.4133369924134,2991.262810224855,2967.778901999341,2970.127197265625,1625714.0,0.0,0.0,3036.762890625,3053.4462890625,3034.7031982421877,3030.98787109375,3200.5234260915595,3034.187565138533,3037.8462699079746,-3.658704769441556,0.6519992507727775,-4.310704020214334,42.7991101942115,3034.7031982421877,3122.934706435602,2946.4716900487733,176.4630163868287,0.13405362608670296,10.374210120683584,22.032006490435077,-89.6257898793164,2425305.35,0.6703131216034303,-0.21819173349594212,0.007906701183415242,-0.008816626886988699,23.483908225513915,1.004809942059027,1.0071160632375233,0.999209362054108,0.011631619381438548,0.010987238237465675,-72.99609375,-2.3987228504842473,28.767728860033912,45.7097153840236,2996.546630859375,3177741.0,3014.453158879609,2986.3703660594774,3007.70166015625,3634901.0,3040.089740964508,2999.090845838676,3101.050048828125,4901694.0,3112.107103450778,3076.3919928468,3104.57275390625,2418271.0,3113.966173979194,3074.8263264485827,3043.123291015625,2079428.0,3055.550145422665,2987.740308555338,2893.804443359375
2025-09-25 00:00:00+05:30,2957.015390749667,2964.4520571099356,2887.5421635017433,2893.804443359375,4974361.0,0.0,0.0,2993.84599609375,3037.124951171875,3028.0347412109377,3025.431962890625,3197.683435510706,3012.5901614724444,3027.1738838039378,-14.58372233149339,-2.3951450671958714,-12.18857726429752,39.8842489369772,3028.0347412109377,3136.501755924366,2919.5677264975093,216.9340294268568,-0.11876091181361123,2.5396415302325153,12.575527136629804,-97.46035846976747,2518220.85,1.9753473965557866,1.1976936935981684,0.026577432965341895,-0.025696796412124967,76.9098936081923,1.02184354493454,1.024413402886529,0.9978359699211873,0.013426762103419209,0.011305544079850332,-163.21337890625,-5.33897374485337,82.58503376388171,46.38069463158068,2970.127197265625,1625714.0,2991.262810224855,2967.778901999341,2996.546630859375,3177741.0,3014.453158879609,2986.3703660594774,3007.70166015625,3634901.0,3040.089740964508,2999.090845838676,3108.388916015625,2633138.0,3134.1234145595795,3093.4178759668794,3057.017822265625,2263446.0,3071.4996140027415,3043.221168990462,2836.758544921875
2025-09-26 00:00:00+05:30,2877.7574418213358,2891.260737711385,2829.126226471788,2836.758544921875,3934636.0,0.0,0.0,2940.9876953125,3014.1988037109377,3018.954309082031,3018.8956103515625,3194.372197982368,2985.539143207269,3013.0658355674186,-27.52669236014981,-7.421454527786419,-20.10523783236339,37.46604701435428,3018.954309082031,3157.159518674685,2880.7490994893774,276.41041918530755,-0.15914940796067026,2.502422562627078,5.138758071181059,-97.49757743737291,2601363.2,1.5125285081298911,1.718854147448083,0.021903348577489958,-0.01971311453626645,62.13451123959703,1.0144527270298889,1.0192128416734922,0.9973094930960023,0.013771397485298495,0.01166662385856152,-229.261474609375,-7.477494378670945,64.67821688758704,47.58282659220377,2893.804443359375,4974361.0,2964.4520571099356,2887.5421635017433,2970.127197265625,1625714.0,2991.262810224855,2967.778901999341,2996.546630859375,3177741.0,3014.453158879609,2986.3703660594774,3101.050048828125,4901694.0,3112.107103450778,3076.3919928468,3066.02001953125,1447167.0,3080.991059765134,3053.8867617246956,2833.82275390625
2025-09-29 00:00:00+05:30,2853.2947314486933,2866.3087778304835,2831.7678164651984,2833.82275390625,3110035.0,0.0,0.0,2906.2119140625,2993.082861328125,3008.3620849609374,3012.7682666015626,3191.0944757634943,2962.1981599937935,2999.785773938424,-37.58761394463045,-13.454686413075523,-24.132927531554927,33.00069611448593,3008.3620849609374,3168.6542115733905,2848.0699583484843,320.5842532249062,-0.04444137320818177,1.539859257033601,2.193974449964398,-98.46014074296639,2694521.85,1.1542066359565797,0.7950735885310518,0.012188822084116754,-0.0010349104335581893,34.54096136528506,1.0068712757407294,1.0114636753055404,0.9992748532214236,0.013931055344609016,0.01204842579049679,-211.159423828125,-6.934668628676133,34.54096136528506,47.184448913269144,2836.758544921875,3934636.0,2891.260737711385,2829.126226471788,2893.804443359375,4974361.0,2964.4520571099356,2887.5421635017433,2970.127197265625,1625714.0,2991.262810224855,2967.778901999341,3007.70166015625,3634901.0,3040.089740964508,2999.090845838676,3044.982177734375,1732539.0,3066.6070389449774,3029.4241839737238,2826.288330078125
2025-09-30 00:00:00+05:30,2848.402439766557,2852.610021207006,2823.0594837288886,2826.288330078125,2253458.0,0.0,0.0,2872.16025390625,2967.9061279296875,2997.4469604492188,3006.8679345703126,3187.807933910473,2941.2889552063652,2986.931605279828,-45.642650073462846,-19.892279146792188,-25.75037092667066,22.16080704433554,2997.4469604492188,3176.037919079359,2818.8560018190783,357.1819172602809,0.020808243362529212,1.0380008831669467,1.7822936224569896,-98.96199911683304,2697933.3,0.8352534141596459,-0.1243364398240635,0.010455599014308814,-0.0026587491464451496,29.55053747811735,1.0078244351268368,1.0093131655566625,0.9988575665423538,0.012588483614032924,0.012239977913257346,-251.767333984375,-8.179427582283738,29.55053747811735,44.17206062258716,2833.82275390625,3110035.0,2866.3087778304835,2831.7678164651984,2836.758544921875,3934636.0,2891.260737711385,2829.126226471788,2893.804443359375,4974361.0,2964.4520571099356,2887.5421635017433,2996.546630859375,3177741.0,3014.453158879609,2986.3703660594774,3078.0556640625,2573429.0,3082.263245795216,3042.2428439695796,2851.53369140625
2025-10-01 00:00:00+05:30,2828.8326264436423,2861.9058470940704,2804.957413772581,2851.53369140625,1952902.0,0.0,0.0,2848.441552734375,2942.6022216796873,2988.479052734375,3002.0928759765625,3184.8054853166855,2927.480452979882,2976.9003192717028,-49.419866291820654,-25.797796577000852,-23.6220697148198,24.365286812572975,2988.479052734375,3177.6955114897128,2799.262593979037,378.4329175106759,0.13812513396311124,14.149783854441397,5.575881331547315,-85.85021614555859,2705589.7,0.7218027182761673,-0.19243872998518363,0.019971159202192394,0.008932337532394419,56.948433321489574,0.9920389981605259,1.0036373954546212,0.9836662362524289,0.012636537095847934,0.012432831048591081,-253.0390625,-8.150527707286614,56.948433321489574,46.21292564647096,2826.288330078125,2253458.0,2852.610021207006,2823.0594837288886,2833.82275390625,3110035.0,2866.3087778304835,2831.7678164651984,2836.758544921875,3934636.0,2891.260737711385,2829.126226471788,2970.127197265625,1625714.0,2991.262810224855,2967.778901999341,3104.57275390625,2418271.0,3113.966173979194,3074.8263264485827,2839.498046875
2025-10-03 00:00:00+05:30,2861.1229086009284,2861.1229086009284,2828.9304789544044,2839.498046875,2899519.0,0.0,0.0,2837.5802734375,2915.713134765625,2978.997412109375,2997.0497021484375,3181.749667277378,2913.9446981087613,2966.720671603898,-52.775973495136896,-31.193431961507347,-21.58254153362955,21.95303469256477,2978.997412109375,3178.3692492159635,2779.6255750027867,398.74367421317675,0.15015278170959573,10.493378119197132,8.560387618935158,-89.50662188080287,2776496.1,1.044308688205973,0.10116484589869579,0.011337366363732245,-0.00422076181934028,32.19242964652403,1.0076157339673917,1.0076157339673917,0.9962783676036595,0.012288153333378312,0.012595029116310007,-268.890869140625,-8.650489897039426,32.19242964652403,46.5763636183342,2851.53369140625,1952902.0,2861.9058470940704,2804.957413772581,2826.288330078125,2253458.0,2852.610021207006,2823.0594837288886,2833.82275390625,3110035.0,2866.3087778304835,2831.7678164651984,2893.804443359375,4974361.0,2964.4520571099356,2887.5421635017433,3108.388916015625,2633138.0,3134.1234145595795,3093.4178759668794,2924.137939453125
2025-10-06 00:00:00+05:30,2839.5959635916415,2929.22631078988,2833.3336834873367,2924.137939453125,2112774.0,0.0,0.0,2855.05615234375,2898.021923828125,2976.0668090820313,2993.31771484375,3179.48991527892,2915.512889093224,2963.565906879624,-48.05301778639978,-34.565349126925426,-13.487668659474352,37.07349787369176,2976.0668090820313,3176.9239596514603,2775.2096585126023,401.714301138858,0.37073183732396814,36.20681522259195,20.283325732076825,-63.793184777408044,2742032.05,0.7705139697400692,-0.5689706456584194,0.03279346914820204,0.02980804747207877,95.89262730254313,0.9710882394702302,1.001740126985154,0.9689466578369519,0.01736377713202684,0.013443243036601113,-176.912109375,-5.704909839873573,95.89262730254313,50.76991878485488,2839.498046875,2899519.0,2861.1229086009284,2828.9304789544044,2851.53369140625,1952902.0,2861.9058470940704,2804.957413772581,2826.288330078125,2253458.0,2852.610021207006,2823.0594837288886,2836.758544921875,3934636.0,2891.260737711385,2829.126226471788,3101.050048828125,4901694.0,3112.107103450778,3076.3919928468,2909.75390625
2025-10-07 00:00:00+05:30,2930.5959216848555,2939.891634958981,2891.9453243871753,2909.75390625,3062943.0,0.0,0.0,2870.2423828125,2888.2271484375,2973.8505004882813,2989.906669921875,3177.144384765625,2914.6268917287093,2959.5792614437737,-44.95236971506438,-36.64275324476988,-8.3096164702945,31.24724569839296,2973.8505004882813,3176.697510615729,2771.003490360834,405.6940202548949,0.3420075450015017,31.83697351089196,26.179055617560348,-68.16302648910803,2763869.85,1.108208116239627,-0.15735174080394487,0.016477788884076867,-0.004919067944453737,47.9463105718055,1.007162810363477,1.0103574837185532,0.9938796948344762,0.01511546905638487,0.013603711397784102,-97.94775390625,-3.256564811722773,47.9463105718055,51.33605512386696,2924.137939453125,2112774.0,2929.22631078988,2833.3336834873367,2839.498046875,2899519.0,2861.1229086009284,2828.9304789544044,2851.53369140625,1952902.0,2861.9058470940704,2804.957413772581,2833.82275390625,3110035.0,2866.3087778304835,2831.7678164651984,3007.70166015625,3634901.0,3040.089740964508,2999.090845838676,2962.103515625
2025-10-08 00:00:00+05:30,2911.0260640606234,2977.5638026677234,2904.176590968716,2962.103515625,4121889.0,0.0,0.0,2897.405419921875,2884.7828369140625,2972.764367675781,2987.7813720703125,3175.290584169585,2921.930987740788,2959.766268049235,-37.83528030844673,-36.881258657525144,-0.9540216509215824,34.9896905307216,2972.764367675781,3175.6191013635776,2769.9096339879848,405.7094673755928,0.473722939916234,47.74068448038395,38.59482440462262,-52.259315519616045,2845499.25,1.448564430301642,0.2971129491044109,0.024775370378480092,0.0179910779611141,73.38721169900737,0.9827563583463762,1.0052193608228648,0.9804439904443848,0.01652652580570358,0.013927978035213973,-34.443115234375,-1.1494269730251805,73.38721169900737,53.78229542160953,2909.75390625,3062943.0,2939.891634958981,2891.9453243871753,2924.137939453125,2112774.0,2929.22631078988,2833.3336834873367,2839.498046875,2899519.0,2861.1229086009284,2828.9304789544044,2826.288330078125,2253458.0,2852.610021207006,2823.0594837288886,2996.546630859375,3177741.0,3014.453158879609,2986.3703660594774,2995.86181640625
2025-10-09 00:00:00+05:30,2968.757519004287,3000.069397912704,2955.0585719818546,2995.86181640625,3211304.0,0.0,0.0,2926.271044921875,2887.356298828125,2970.4012939453123,2987.436943359375,3173.7570049579326,2933.304961418567,2962.4403409162073,-29.135379497640315,-35.33208282544477,6.196703327804457,38.8479579111797,2970.4012939453123,3170.8923415722243,2769.9102463184004,400.9820952538239,0.5634954098008317,62.15353915339485,47.243732381556924,-37.84646084660514,2902093.05,1.106547565730189,0.9753191520771796,0.015024333126566957,0.011396732289461253,45.01082593084948,0.9909527544783503,1.0014044644794402,0.9863801313528734,0.01670390540096072,0.01443520663716619,25.734619140625,0.8664483852515392,45.01082593084948,54.08981594576306,2962.103515625,4121889.0,2977.5638026677234,2904.176590968716,2909.75390625,3062943.0,2939.891634958981,2891.9453243871753,2924.137939453125,2112774.0,2929.22631078988,2833.3336834873367,2851.53369140625,1952902.0,2861.9058470940704,2804.957413772581,2970.127197265625,1625714.0,2991.262810224855,2967.778901999341,2963.179931640625
2025-10-10 00:00:00+05:30,2984.413250266025,3003.983173218589,2942.239970746985,2963.179931640625,8817365.0,0.0,0.0,2951.007421875,2894.29384765625,2965.7093994140623,2986.894853515625,3171.972453489142,2937.9011106961293,2962.4951316474103,-24.59402095128098,-33.18447045049733,8.590449499216348,36.98986127212375,2965.7093994140623,3162.013987374214,2769.4048114539105,392.60917592030364,0.49355728819249306,67.29083991028367,59.061687848020824,-32.709160089716335,3229789.0,2.7300127036162425,0.7725623451936843,0.020836805018930676,-0.010909009416472104,61.743202471604036,1.007165720312382,1.0137700856914795,0.9929332806725489,0.014601227225805776,0.014552653149404848,69.37548828125,2.397379976399261,61.743202471604036,55.948965364879186,2995.86181640625,3211304.0,3000.069397912704,2955.0585719818546,2962.103515625,4121889.0,2977.5638026677234,2904.176590968716,2909.75390625,3062943.0,2939.891634958981,2891.9453243871753,2839.498046875,2899519.0,2861.1229086009284,2828.9304789544044,2893.804443359375,4974361.0,2964.4520571099356,2887.5421635017433,2942.533935546875
2025-10-13 00:00:00+05:30,2961.908209472205,2970.2254277677166,2933.7274691163334,2942.533935546875,2866865.0,0.0,0.0,2954.68662109375,2904.87138671875,2959.5350952148438,2985.9868115234376,3170.0443987165177,2938.613852982516,2961.016368763221,-22.402515780705016,-31.028079516446752,8.625563735741736,42.872454676975146,2959.5350952148438,3150.243483476111,2768.8267069535764,381.41677652253475,0.4554262929308662,65.670317888322,65.03823231733351,-34.32968211167799,3300773.9,0.8685432831373273,-0.2713773268988542,0.012403581216336935,-0.006967513472028286,36.497958651383215,1.006584214268961,1.009410763929115,0.9970071827127781,0.012908065849335305,0.014466319985808529,105.775390625,3.728741412072245,36.497958651383215,51.2731621978745,2963.179931640625,8817365.0,3003.983173218589,2942.239970746985,2995.86181640625,3211304.0,3000.069397912704,2955.0585719818546,2962.103515625,4121889.0,2977.5638026677234,2904.176590968716,2924.137939453125,2112774.0,2929.22631078988,2833.3336834873367,2836.758544921875,3934636.0,2891.260737711385,2829.126226471788,2896.642333984375
2025-10-14 00:00:00+05:30,2956.0370052457697,2962.1036338769445,2891.9455044700007,2896.642333984375,3611416.0,0.0,0.0,2952.064306640625,2911.1533447265624,2952.1181030273438,2984.4897119140624,3167.766048177083,2932.1566962008665,2956.2474566186584,-24.0907604177919,-29.640615696668366,5.549855278876468,39.8448667450208,2952.1181030273438,3140.3565209807766,2763.879685073911,376.47683590686574,0.3526449338925794,46.06686112742433,59.67600630867667,-53.93313887257567,3394717.75,1.0638339520273814,0.1612139413222038,0.024220501296906827,-0.015595946407996442,70.15812940694377,1.0205046617473468,1.0225990275446009,0.998378526247694,0.014257524740158891,0.014498966925363515,62.819580078125,2.2167787308339015,70.15812940694377,54.278543382646795,2942.533935546875,2866865.0,2970.2254277677166,2933.7274691163334,2963.179931640625,8817365.0,3003.983173218589,2942.239970746985,2995.86181640625,3211304.0,3000.069397912704,2955.0585719818546,2909.75390625,3062943.0,2939.891634958981,2891.9453243871753,2833.82275390625,3110035.0,2866.3087778304835,2831.7678164651984,2916.7763671875
2025-10-15 00:00:00+05:30,2917.954894078994,2926.499513769408,2898.31197994854,2916.7763671875,4282226.0,11.0,0.0,2942.998876953125,2920.2021484375,2944.0541381835938,2984.0567578125,3165.691753292872,2929.790491733332,2953.3234081517694,-23.532916418437253,-28.419075840988747,4.8861594225514935,44.50676934941949,2944.0541381835938,3123.173799981492,2764.9344763856957,358.2393235957961,0.4238560113326044,56.1831562538283,55.97344508985822,-43.8168437461717,3480157.6,1.2304689879561777,0.9002910194021809,0.009663933833929186,0.006950817837226841,28.18753382086834,1.0004040511657843,1.0033335248774262,0.993669591043497,0.014211005876292291,0.014661219151589452,90.488037109375,3.2016562551802297,29.857179785033168,54.35636130586103,2896.642333984375,3611416.0,2962.1036338769445,2891.9455044700007,2942.533935546875,2866865.0,2970.2254277677166,2933.7274691163334,2963.179931640625,8817365.0,3003.983173218589,2942.239970746985,2962.103515625,4121889.0,2977.5638026677234,2904.176590968716,2826.288330078125,2253458.0,2852.610021207006,2823.0594837288886,2917.66015625
2025-10-16 00:00:00+05:30,2916.87439174088,2921.883430677564,2890.553079047838,2917.66015625,3251495.0,0.0,0.0,2927.358544921875,2926.814794921875,2934.7085083007814,2982.244189453125,3163.6587074154713,2927.924286271729,2950.681464873617,-22.757178601887972,-27.286696393143824,4.529517791255852,52.908054029633796,2934.7085083007814,3097.307079688939,2772.1099369126237,325.19714277631556,0.4475753325959939,56.62721387981603,52.959077087022884,-43.37278612018397,3521818.8,0.9232431265345055,0.6649555379635026,0.010738177152884788,0.0003030019964651576,31.33035162972601,0.9997306867602669,1.0014474867535608,0.9907093096006759,0.014088868889258374,0.014806452330930494,66.12646484375,2.318978907492397,31.33035162972601,50.695312581992766,2916.7763671875,4282226.0,2926.499513769408,2898.31197994854,2896.642333984375,3611416.0,2962.1036338769445,2891.9455044700007,2942.533935546875,2866865.0,2970.2254277677166,2933.7274691163334,2995.86181640625,3211304.0,3000.069397912704,2955.0585719818546,2851.53369140625,1952902.0,2861.9058470940704,2804.957413772581,2909.311767578125
2025-10-17 00:00:00+05:30,2916.972551528368,2935.4369375213087,2902.6331292681275,2909.311767578125,4374683.0,0.0,0.0,2916.584912109375,2933.7961669921874,2924.7546508789064,2980.47013671875,3161.5908461159806,2925.0608218539155,2947.6168055721973,-22.555983718281823,-26.340553858154866,3.7845701398730434,60.03589143684619,2924.7546508789064,3065.489884261028,2784.019417496785,281.4704667642427,0.44513497817973113,52.43258666416671,55.08098559927035,-47.56741333583329,3608896.05,1.2121942387340308,0.5087616256351484,0.011275453053451503,-0.0028613300469527703,32.80380825318116,1.0026331945704878,1.0089798454171626,0.9977043923637111,0.01402447287619608,0.014980084285212275,69.813720703125,2.458664156503243,32.80380825318116,48.41856910810663,2917.66015625,3251495.0,2921.883430677564,2890.553079047838,2916.7763671875,4282226.0,2926.499513769408,2898.31197994854,2896.642333984375,3611416.0,2962.1036338769445,2891.9455044700007,2963.179931640625,8817365.0,3003.983173218589,2942.239970746985,2839.498046875,2899519.0,2861.1229086009284,2828.9304789544044,2961.365478515625
2025-10-20 00:00:00+05:30,2932.1958010354274,2969.0262624451843,2925.320781572273,2961.365478515625,3133039.0,0.0,0.0,2920.351220703125,2937.5189208984375,2917.7704223632813,2980.35556640625,3159.976125409526,2930.646153653658,2948.6352988052927,-17.989145151634602,-24.670272116827434,6.681126965192831,65.53176636660456,2917.7704223632813,3033.269453573457,2802.2713911531055,230.99806242035174,0.6887247697905486,78.5868448277293,62.54888179057068,-21.41315517227071,3520463.3,0.8899507630146294,0.48290304594812317,0.014758556885325244,0.017892104764293704,43.70548087291127,0.9901499231716516,1.0025869093109707,0.9878283524256455,0.011773935688390566,0.014421100140848644,37.2275390625,1.2731115916324587,59.71449486705933,50.21667864394765,2909.311767578125,4374683.0,2935.4369375213087,2902.6331292681275,2917.66015625,3251495.0,2921.883430677564,2890.553079047838,2916.7763671875,4282226.0,2926.499513769408,2898.31197994854,2942.533935546875,2866865.0,2970.2254277677166,2933.7274691163334,2924.137939453125,2112774.0,2929.22631078988,2833.3336834873367,2953.017333984375
2025-10-21 00:00:00+05:30,2976.981832168517,2977.669286180243,2942.508423286113,2953.017333984375,310644.0,0.0,0.0,2931.626220703125,2941.845263671875,2915.0362060546877,2979.7863525390626,3158.320455078125,2934.0878737074745,2948.959915551471,-14.872041843996612,-22.710626062239324,7.838584218242712,65.4021491950607,2915.0362060546877,3023.9739700073033,2806.098442102072,217.87552790523114,0.674324892266964,74.39234027993245,68.47059059060949,-25.60765972006754,3354250.45,0.09261204690305698,-0.8985798952184223,0.01190675804353945,-0.0028190186560270725,35.16086289412988,1.0081152582168584,1.0083480553643098,0.9964412973207704,0.011668383564595102,0.014076391591669669,43.263427734375,1.4868414693575138,35.16086289412988,50.61741617366283,2961.365478515625,3133039.0,2969.0262624451843,2925.320781572273,2909.311767578125,4374683.0,2935.4369375213087,2902.6331292681275,2917.66015625,3251495.0,2921.883430677564,2890.553079047838,2896.642333984375,3611416.0,2962.1036338769445,2891.9455044700007,2909.75390625,3062943.0,2939.891634958981,2891.9453243871753,3018.330078125
2025-10-23 00:00:00+05:30,3000.4550745732363,3042.687339125331,2981.892616996725,3018.330078125,5564758.0,0.0,0.0,2951.936962890625,2947.467919921875,2916.125378417969,2980.73083984375,3157.2094203404017,2947.0482128579915,2954.0987619563384,-7.050549098346892,-19.57861066943278,12.528061571085889,68.47267917361557,2916.125378417969,3028.863801044889,2803.386955791049,225.4768452538401,0.9532824627378913,88.60515588559156,80.52811366441777,-11.394844114408457,3473601.3,1.6020140250408128,0.35005042590909174,0.0201418402080041,0.022117291147932816,60.79472212860628,0.9940778499736292,1.0080697804315233,0.9879279402235192,0.012366894448496318,0.013660428455948942,56.2265625,1.8981970820198146,89.67000514095616,52.95467130362473,2953.017333984375,310644.0,2977.669286180243,2942.508423286113,2961.365478515625,3133039.0,2969.0262624451843,2925.320781572273,2909.311767578125,4374683.0,2935.4369375213087,2902.6331292681275,2916.7763671875,4282226.0,2926.499513769408,2898.31197994854,2962.103515625,4121889.0,2977.5638026677234,2904.176590968716,3008.508544921875
2025-10-24 00:00:00+05:30,3025.0086400055093,3034.8300966289034,3003.6961270890743,3008.508544921875,2684318.0,0.0,0.0,2970.106640625,2948.7325927734373,2918.0444458007814,2981.392783203125,3156.0385473056103,2956.503648565905,2958.1293456276762,-1.6256970617710067,-15.988027947874691,14.362330886103685,68.810141385751,2918.0444458007814,3035.846302921311,2800.242588680252,235.6037142410587,0.8839672027773506,83.67413547219986,82.22387721257464,-16.32586452780012,3526531.5,0.7611779449580983,-0.16410342963481506,0.01034863922603141,-0.00325396260478783,31.133969539829195,1.0054844767223563,1.0087490367117145,0.9984003974856831,0.011985443886709708,0.013188582304523841,12.646728515625,0.4221399146772331,31.133969539829195,52.87906701028938,3018.330078125,5564758.0,3042.687339125331,2981.892616996725,2953.017333984375,310644.0,2977.669286180243,2942.508423286113,2961.365478515625,3133039.0,2969.0262624451843,2925.320781572273,2917.66015625,3251495.0,2921.883430677564,2890.553079047838,2995.86181640625,3211304.0,3000.069397912704,2955.0585719818546,3029.821044921875
2025-10-27 00:00:00+05:30,3011.7496607245316,3038.9550474990237,3005.5620951218402,3029.821044921875,1946312.0,0.0,0.0,2994.20849609375,2955.3967041015626,2924.8452758789062,2982.58666015625,3155.0524730682373,2967.783248011117,2963.4401217165214,4.3431262945955496,-11.92179709935733,16.264923393952877,63.692136790417734,2924.8452758789062,3052.0818751465317,2797.6086766112808,254.47319853525096,0.9125219066181028,91.54280291835488,87.94069809204876,-8.457197081645122,3375129.05,0.5766629871530394,-0.7792637596379417,0.011021427299527048,0.007084074943371377,33.39295237718352,0.9940354945294106,1.0030147003541539,0.9919932730546268,0.011422122102362042,0.01287067179217947,66.64111328125,2.248972887864853,33.39295237718352,48.414804515620844,3008.508544921875,2684318.0,3034.8300966289034,3003.6961270890743,3018.330078125,5564758.0,3042.687339125331,2981.892616996725,2953.017333984375,310644.0,2977.669286180243,2942.508423286113,2909.311767578125,4374683.0,2935.4369375213087,2902.6331292681275,2963.179931640625,8817365.0,3003.983173218589,2942.239970746985,3003.30322265625
2025-10-28 00:00:00+05:30,3021.0801556355614,3035.0265765381446,2985.919291823652,3003.30322265625,3470737.0,0.0,0.0,3002.596044921875,2961.4736328125,2933.172509765625,2983.234521484375,3153.8761222898497,2973.2478594973736,2966.3930880851494,6.854771412224181,-8.166483397023802,15.021254809247983,61.75065349896409,2933.172509765625,3057.910545728485,2808.434473802765,249.47607192572013,0.7811119813987855,74.11226343821576,83.1097339429235,-25.88773656178424,3351934.1,1.0354430894091862,0.21063845001421422,0.016351091139928185,-0.008752273442047098,49.10728471449238,1.0059191269283787,1.010562820844256,0.9942117297043278,0.0115953896539669,0.012739404172642627,60.769287109375,2.065202592067328,49.10728471449238,48.497731240098474,3029.821044921875,1946312.0,3038.9550474990237,3005.5620951218402,3008.508544921875,2684318.0,3034.8300966289034,3003.6961270890743,3018.330078125,5564758.0,3042.687339125331,2981.892616996725,2961.365478515625,3133039.0,2969.0262624451843,2925.320781572273,2942.533935546875,2866865.0,2970.2254277677166,2933.7274691163334,3003.0087890625
2025-10-29 00:00:00+05:30,3003.3032409472494,3021.080174034828,2991.714113509379,3003.0087890625,2895420.0,0.0,0.0,3012.5943359375,2972.1102783203123,2941.6318115234376,2984.148515625,3152.7156043419473,2977.8264640475495,2969.1054847679843,8.7209792795652,-4.788990861693609,13.509970141258808,55.91108326347906,2941.6318115234376,3060.8251792897513,2822.438443757124,238.38673553262743,0.7574680902522862,73.91872807438645,79.8579314769857,-26.08127192561355,3341203.35,0.8665800002864237,-0.1982590762183033,0.009778879313442412,-9.803658569296214e-05,29.36606052544903,1.0000980522886986,1.0060177596010198,0.9962388802875775,0.0098744515923189,0.012301096857858627,106.366455078125,3.672060365554919,29.36606052544903,45.353363299130024,3003.30322265625,3470737.0,3035.0265765381446,2985.919291823652,3029.821044921875,1946312.0,3038.9550474990237,3005.5620951218402,3008.508544921875,2684318.0,3034.8300966289034,3003.6961270890743,2953.017333984375,310644.0,2977.669286180243,2942.508423286113,2896.642333984375,3611416.0,2962.1036338769445,2891.9455044700007,2981.106689453125
2025-10-30 00:00:00+05:30,2994.6603471523654,3009.0978400091353,2978.6513253692647,2981.106689453125,2241536.0,0.0,0.0,3005.149658203125,2978.543310546875,2949.3727294921873,2984.8416943359375,3151.4056126252385,2978.331114110104,2969.9945000803345,8.336614029769407,-2.163869883393299,10.500483913162707,47.79213150255759,2949.3727294921873,3056.526569635737,2842.2188893486377,214.30768028709917,0.6480766341104761,59.522168352586355,69.18438662172953,-40.477831647413645,3340607.25,0.6709965680640848,-0.476548879017595,0.010213158337334105,-0.007293385117335127,30.446514639870657,1.0045465188304705,1.0093895165359363,0.9991763581986022,0.01036175784577858,0.011916172054807257,64.330322265625,2.205528095650866,30.446514639870657,44.313055349774395,3003.0087890625,2895420.0,3021.080174034828,2991.714113509379,3003.30322265625,3470737.0,3035.0265765381446,2985.919291823652,3029.821044921875,1946312.0,3038.9550474990237,3005.5620951218402,3018.330078125,5564758.0,3042.687339125331,2981.892616996725,2916.7763671875,4282226.0,2926.499513769408,2898.31197994854,3003.4013671875
2025-10-31 00:00:00+05:30,2980.8120174669925,3012.6334402910475,2971.088871543434,3003.4013671875,1868085.0,0.0,0.0,3004.12822265625,2987.117431640625,2956.96611328125,2985.8829150390625,3150.2843683416195,2982.188076123033,2972.4691786770186,9.71889744601458,0.21268358249385808,9.506213863520722,56.21158456165962,2956.96611328125,3056.155106403034,2857.7771201594655,198.37798624356856,0.7340746308879099,74.17677522615885,69.20589055104388,-25.82322477384114,3336366.4,0.559916021213977,-0.42546889969075763,0.013832506438031446,0.0074786581148711395,41.54456874761354,0.9924787442773055,1.003073872578074,0.9892413661400425,0.01046132462301601,0.01155341762818302,85.7412109375,2.9386976668215326,41.54456874761354,42.87029579806079,2981.106689453125,2241536.0,3009.0978400091353,2978.6513253692647,3003.0087890625,2895420.0,3021.080174034828,2991.714113509379,3003.30322265625,3470737.0,3035.0265765381446,2985.919291823652,3008.508544921875,2684318.0,3034.8300966289034,3003.6961270890743,2917.66015625,3251495.0,2921.883430677564,2890.553079047838,2962.93701171875
2025-11-03 00:00:00+05:30,2992.499451583931,3003.4013640895914,2956.2583734171585,2962.93701171875,2194877.0,0.0,0.0,2990.751416015625,2992.4799560546876,2963.1380615234375,2984.5022900390627,3148.875741600094,2979.2263739063255,2971.7630669127348,7.463306993590777,1.662808264715966,5.80049872887481,52.969190003858444,2963.1380615234375,3045.482286124267,2880.793836922608,164.68844920165884,0.4987792112582145,47.578982297637374,60.425975292127525,-52.421017702362626,3301134.3,0.6648857030748492,-0.4982774751907738,0.01591089870826719,-0.01347284312740471,47.142990672432916,1.0099774108420998,1.0136568385391929,0.9977459398309256,0.011593193120217567,0.011310289652585171,53.625244140625,1.843227829283678,47.14299377034149,43.63065544941495,3003.4013671875,1868085.0,3012.6334402910475,2971.088871543434,2981.106689453125,2241536.0,3009.0978400091353,2978.6513253692647,3003.0087890625,2895420.0,3021.080174034828,2991.714113509379,3029.821044921875,1946312.0,3038.9550474990237,3005.5620951218402,2909.311767578125,4374683.0,2935.4369375213087,2902.6331292681275,2936.81201171875
2025-11-04 00:00:00+05:30,2965.6872390451917,2975.214004338424,2922.8655907942766,2936.81201171875,2670720.0,0.0,0.0,2977.453173828125,2990.024609375,2963.771765136719,2982.52087890625,3147.2931764517257,2972.701087414691,2969.174013889194,3.5270735254966894,2.035661316872671,1.4914122086240185,56.20259978783704,2963.771765136719,3045.0403044832465,2882.503225790191,162.53707869305526,0.3341316723866974,30.406650446355098,50.720802656717105,-69.5933495536449,3329031.6,0.8022513213752612,-0.14756247847537163,0.01782491127633009,-0.008817264726409202,52.348413544147206,1.009832167401666,1.0130760812971475,0.9952511700208174,0.01052386368363293,0.011185282452109407,-24.553466796875,-0.8291265287924676,52.348413544147206,42.35853288778662,2962.93701171875,2194877.0,3003.4013640895914,2956.2583734171585,3003.4013671875,1868085.0,3012.6334402910475,2971.088871543434,2981.106689453125,2241536.0,3009.0978400091353,2978.6513253692647,3003.30322265625,3470737.0,3035.0265765381446,2985.919291823652,2961.365478515625,3133039.0,2969.0262624451843,2925.320781572273,2957.142333984375
2025-11-06 00:00:00+05:30,2936.7138956519902,2970.0085383136757,2936.61558517126,2957.142333984375,2542721.0,0.0,0.0,2968.2798828125,2990.437109375,2966.1411865234377,2981.897177734375,3145.8846516927083,2970.307433040412,2968.2827509376416,2.0246821027703845,2.033465474052211,-0.00878337128182638,56.229132806336615,2966.1411865234377,3043.445058136501,2888.8373149103745,154.60774322612633,0.4417955895915179,43.77005869855894,40.58523048085047,-56.22994130144106,3303020.5,0.7698168994107061,5.510817026203881,0.011292304992780906,0.006922582100761243,33.392953142415536,0.9930918312258376,1.0043508911226349,0.9930585861298541,0.010762588464189836,0.01109470294206888,4.125,0.1396876324608165,33.392953142415536,42.61108812759965,2936.81201171875,2670720.0,2975.214004338424,2922.8655907942766,2962.93701171875,2194877.0,3003.4013640895914,2956.2583734171585,3003.4013671875,1868085.0,3012.6334402910475,2971.088871543434,3003.0087890625,2895420.0,3021.080174034828,2991.714113509379,2953.017333984375,310644.0,2977.669286180243,2942.508423286113,2938.383544921875
2025-11-07 00:00:00+05:30,2947.419237380036,2950.3656744717186,2907.6423366423182,2938.383544921875,1830520.0,0.0,0.0,2959.73525390625,2982.4424560546877,2964.955187988281,2979.203544921875,3144.35890826057,2965.3960656368927,2966.0679318832194,-0.6718662463267719,1.4923991299758939,-2.164265376302666,53.030758541202644,2964.955187988281,3043.241467919181,2886.668908057381,156.57255986180007,0.3302918270617807,25.52612712620197,33.23427875703867,-74.47387287379803,3188452.05,0.5741093079947682,-0.6710512838114433,0.01453974172406289,-0.00634355297914424,42.72333782940041,1.003075055492254,1.00407779630081,0.9895380545767472,0.007626441739373646,0.010620657671156612,-79.946533203125,-2.6487008091834685,49.49999734205676,43.9089199641947,2957.142333984375,2542721.0,2970.0085383136757,2936.61558517126,2936.81201171875,2670720.0,2975.214004338424,2922.8655907942766,2962.93701171875,2194877.0,3003.4013640895914,2956.2583734171585,2981.106689453125,2241536.0,3009.0978400091353,2978.6513253692647,3018.330078125,5564758.0,3042.687339125331,2981.892616996725,2971.18701171875
2025-11-10 00:00:00+05:30,2939.5619693268272,2993.4816703122747,2938.579823663838,2971.18701171875,1556656.0,0.0,0.0,2953.2923828125,2978.710302734375,2963.7214477539064,2976.8411181640627,3143.0948798186587,2966.286980418819,2966.4471329778908,-0.1601525590717756,1.1618887921661056,-1.3220413512378812,58.44506630003992,2963.7214477539064,3040.724108498454,2886.718787009359,154.00532148909497,0.5484760129887603,47.05444400611932,38.783543276960074,-52.94555599388068,3105719.65,0.5012223173459974,-0.42009255237270693,0.018478085166600645,0.011163779777342508,54.90184664843673,0.9893560916000274,1.0075036201038816,0.989025534937281,0.00877664063110704,0.010299777345596344,-37.321533203125,-1.2405327306156622,55.09812539039967,45.50137118828174,2938.383544921875,1830520.0,2950.3656744717186,2907.6423366423182,2957.142333984375,2542721.0,2970.0085383136757,2936.61558517126,2936.81201171875,2670720.0,2975.214004338424,2922.8655907942766,3003.4013671875,1868085.0,3012.6334402910475,2971.088871543434,3008.508544921875,2684318.0,3034.8300966289034,3003.6961270890743,2992.597900390625
2025-11-11 00:00:00+05:30,2990.633609021809,3001.142519888641,2964.1156755427983,2992.597900390625,2806868.0,0.0,0.0,2959.224560546875,2974.98798828125,2965.192346191406,2976.1496044921873,3142.0043219967165,2970.334814261029,2968.384274140919,1.950540120109963,1.3196190577549742,0.6309210623549888,54.651879908131846,2965.192346191406,3043.2678586287425,2887.11683375407,156.15102487467266,0.6755067199924857,62.90907637177701,45.16321583469943,-37.09092362822299,2805194.8,1.0005964648159194,0.44214699390436896,0.01237280970524289,0.007206173353419887,37.02684434584262,0.9993436166721364,1.0028552514512226,0.9904824417459797,0.008789541013047663,0.010036519236664907,-37.22314453125,-1.2285591782272953,37.02684434584262,43.88082472248055,2971.18701171875,1556656.0,2993.4816703122747,2938.579823663838,2938.383544921875,1830520.0,2950.3656744717186,2907.6423366423182,2957.142333984375,2542721.0,2970.0085383136757,2936.61558517126,2962.93701171875,2194877.0,3003.4013640895914,2956.2583734171585,3029.821044921875,1946312.0,3038.9550474990237,3005.5620951218402,3075.8837890625
2025-11-12 00:00:00+05:30,3005.3656835637266,3080.4015151753365,3002.51755709654,3075.8837890625,4460315.0,0.0,0.0,2987.038916015625,2982.246044921875,2971.8598388671876,2977.2999365234373,3141.5286347094197,2986.5731180779767,2976.3473811340345,10.225736943942138,3.100842634993284,7.124894308948854,64.96056086979527,2971.8598388671876,3063.4022530592083,2880.317424675167,183.08482838404143,1.068173513411555,97.38495740070154,69.11615925953262,-2.6150425992984547,2884867.3,1.5461075107336828,0.28512042255002323,0.02532083895878751,0.027830631258881633,77.8839580787967,0.9770738719877754,1.0014687570866303,0.9761479181278427,0.012235009857343316,0.01010048125700255,72.58056640625,2.416691257103798,87.8036147847115,47.64102128609352,2992.597900390625,2806868.0,3001.142519888641,2964.1156755427983,2971.18701171875,1556656.0,2993.4816703122747,2938.579823663838,2938.383544921875,1830520.0,2950.3656744717186,2907.6423366423182,2936.81201171875,2670720.0,2975.214004338424,2922.8655907942766,3003.30322265625,3470737.0,3035.0265765381446,2985.919291823652,3050.249755859375
2025-11-13 00:00:00+05:30,3075.8838537295965,3075.9819244274895,3046.61586484088,3050.249755859375,1740435.0,0.0,0.0,3005.660400390625,2986.9701416015623,2979.5402099609373,2977.3915869140624,3140.876642717634,2996.369523891182,2981.821745667079,14.547778224102785,5.390229752816085,9.1575484712867,54.30235580988986,2979.5402099609373,3070.2828867702688,2888.797533151606,181.48535361866288,0.88961571547538,82.54694218159945,80.94699198469266,-17.453057818400545,2791318.25,0.6235172216568283,-0.3989006776218994,0.009627427895108842,-0.008333875712169925,29.36605958660948,1.0084039340781783,1.0084360857725452,0.9988086578774363,0.012694715362756933,0.010382507634046353,47.240966796875,1.573121163312452,29.36605958660948,43.33359660364018,3075.8837890625,4460315.0,3080.4015151753365,3002.51755709654,2992.597900390625,2806868.0,3001.142519888641,2964.1156755427983,2971.18701171875,1556656.0,2993.4816703122747,2938.579823663838,2957.142333984375,2542721.0,2970.0085383136757,2936.61558517126,3003.0087890625,2895420.0,3021.080174034828,2991.714113509379,3050.54443359375
2025-11-14 00:00:00+05:30,3034.830102963518,3057.517763723578,3022.356900982103,3050.54443359375,2210794.0,0.0,0.0,3028.092578125,2993.913916015625,2986.22861328125,2977.5106591796875,3140.235988752216,3004.704125384376,2986.912413776814,17.791711607561865,7.8705261237660205,9.921185483795846,55.81523534311034,2986.22861328125,3077.211796988882,2895.2454295736184,181.96636741526345,0.8534489434837454,82.71751357287212,87.5498043850577,-17.28248642712788,2687746.65,0.8225455327048775,-0.013714702775239784,0.01152609427821149,9.660773968067637e-05,35.16086274147483,0.9948486799742434,1.0022859297025917,0.9907598354243803,0.012327048034531234,0.010579036652921616,69.437744140625,2.329260619429996,35.16086274147483,43.62123183232916,3050.249755859375,1740435.0,3075.9819244274895,3046.61586484088,3075.8837890625,4460315.0,3080.4015151753365,3002.51755709654,2992.597900390625,2806868.0,3001.142519888641,2964.1156755427983,2938.383544921875,1830520.0,2950.3656744717186,2907.6423366423182,2981.106689453125,2241536.0,3009.0978400091353,2978.6513253692647,3046.812255859375
2025-11-17 00:00:00+05:30,3050.544457369475,3067.7320066302495,3031.4909272444793,3046.812255859375,2232853.0,0.0,0.0,3043.217626953125,2998.2550048828125,2992.6862182617188,2977.8290673828124,3139.578075140295,3011.1822993039295,2991.3495187187104,19.832780585219098,10.262977016057238,9.56980356916186,52.47073992973607,2992.6862182617188,3081.4851571662384,2903.887279357199,177.59787780903935,0.8047673669606279,80.55717814753223,81.94054463400126,-19.44282185246778,2636814.55,0.8467994080205603,0.19526306351156397,0.011894753054138615,-0.0012234464423054314,36.24107938577026,1.001224952900502,1.0068661108772434,0.9949713578231048,0.012233381462818748,0.010756242336901891,43.410888671875,1.4453908540544624,36.24107938577026,43.82466947579964,3050.54443359375,2210794.0,3057.517763723578,3022.356900982103,3050.249755859375,1740435.0,3075.9819244274895,3046.61586484088,3075.8837890625,4460315.0,3080.4015151753365,3002.51755709654,2971.18701171875,1556656.0,2993.4816703122747,2938.579823663838,3003.4013671875,1868085.0,3012.6334402910475,2971.088871543434,3031.98193359375
2025-11-18 00:00:00+05:30,3046.6158078736476,3049.5622448251693,3023.0443122614724,3031.98193359375,2548350.0,0.0,0.0,3051.09443359375,3005.1594970703127,2998.8197265625,2977.8860888671875,3138.825654570039,3014.38224304096,2994.35937722556,20.02286581540011,12.214954775926206,7.807911039473904,54.31698776655014,2998.8197265625,3079.9893353428033,2917.6501177821965,162.3392175606068,0.7042772383011486,71.97278778890906,78.41582650310447,-28.027212211090944,2545497.9,1.0011204487734993,0.16104455967236442,0.008746072088980305,-0.004867488056444769,26.51793256369683,1.0048265044450817,1.005798290232746,0.9970522181437658,0.01133237596741552,0.010730160621621687,69.044921875,2.330286523200442,26.51793256369683,42.211144322171386,3046.812255859375,2232853.0,3067.7320066302495,3031.4909272444793,3050.54443359375,2210794.0,3057.517763723578,3022.356900982103,3050.249755859375,1740435.0,3075.9819244274895,3046.61586484088,2992.597900390625,2806868.0,3001.142519888641,2964.1156755427983,2962.93701171875,2194877.0,3003.4013640895914,2956.2583734171585,3091.499755859375
2025-11-19 00:00:00+05:30,3041.705020306013,3098.6694669245953,3028.4460542827223,3091.499755859375,3151053.0,0.0,0.0,3054.217626953125,3020.628271484375,3005.3264404296874,2980.061083984375,3138.4970024956597,3026.2464757826783,3001.555071503672,24.691404279006292,14.710244676542624,9.981159602463668,61.30486285728187,3005.3264404296874,3094.3390607378265,2916.3138201215484,178.0252406162781,0.9840511105693636,96.24675769634094,82.92557454426073,-3.753242303659058,2546398.6,1.2374547331277985,0.1798515007189072,0.02271499860505481,0.01963000557693939,70.22341264187298,0.9838930165014618,1.0023191692160516,0.9796041706109969,0.011775716816167741,0.01085534593487517,154.687744140625,5.267199382302135,70.22341264187298,45.129526616201666,3031.98193359375,2548350.0,3049.5622448251693,3023.0443122614724,3046.812255859375,2232853.0,3067.7320066302495,3031.4909272444793,3050.54443359375,2210794.0,3057.517763723578,3022.356900982103,3075.8837890625,4460315.0,3080.4015151753365,3002.51755709654,2936.81201171875,2670720.0,2975.214004338424,2922.8655907942766,3088.65185546875
2025-11-20 00:00:00+05:30,3091.794673762747,3108.0000778660146,3082.0715272134535,3088.65185546875,2700767.0,0.0,0.0,3061.898046875,3033.7792236328123,3012.1081665039064,2982.75251953125,3138.153242860991,3035.847303426979,3008.0067770126198,27.840526414359374,17.336301024106316,10.504225390253058,64.44217131728811,3012.1081665039064,3104.9265712469814,2919.2897617608314,185.63680948615,0.9123303410391479,90.34316204650028,86.1875691772501,-9.656837953499704,2665904.75,1.0130770801169846,0.06215624915199114,0.008394779297204448,-0.0009212034984726891,25.92855065256117,1.0010175372431285,1.0062642937121602,0.9978695144149556,0.01190930834651753,0.010970017923107936,131.509521484375,4.447182672711691,25.92855065256117,44.80681490282242,3091.499755859375,3151053.0,3098.6694669245953,3028.4460542827223,3031.98193359375,2548350.0,3049.5622448251693,3023.0443122614724,3046.812255859375,2232853.0,3067.7320066302495,3031.4909272444793,3050.249755859375,1740435.0,3075.9819244274895,3046.61586484088,2957.142333984375,2542721.0,2970.0085383136757,2936.61558517126,3094.34814453125
2025-11-21 00:00:00+05:30,3088.6516518716926,3113.4016740052466,3079.2229578295533,3094.34814453125,4177037.0,0.0,0.0,3070.6587890625,3049.37568359375,3015.909069824219,2984.962958984375,3137.8532079409247,3044.847432827866,3014.4025182037126,30.444914624153625,19.958023744116048,10.486890880037578,62.78304936317753,3015.909069824219,3115.7597285324214,2916.0584111160165,199.7013174164049,0.8927819591869529,90.73989558957945,92.44327177747356,-9.260104410420539,2596518.7,1.6087066886905146,1.2818854751655269,0.011045530295645175,0.0018442638824489599,34.17871617569335,0.9981590653690261,1.0061575261037354,0.9951119958080903,0.011355367373929432,0.011342910486563515,155.964599609375,5.307836680439948,34.17871617569335,44.280682576256694,3088.65185546875,2700767.0,3108.0000778660146,3082.0715272134535,3091.499755859375,3151053.0,3098.6694669245953,3028.4460542827223,3031.98193359375,2548350.0,3049.5622448251693,3023.0443122614724,3050.54443359375,2210794.0,3057.517763723578,3022.356900982103,2938.383544921875,1830520.0,2950.3656744717186,2907.6423366423182,3085.115966796875
2025-11-24 00:00:00+05:30,3101.616062202543,3122.1428110333977,3075.0981288018247,3085.115966796875,6703764.0,0.0,0.0,3078.31953125,3060.7685791015624,3019.7394409179688,2985.8028125,3137.494451198448,3051.0425919001555,3019.640615388865,31.401976511290286,22.246814297551083,9.155162213739203,68.82573913723873,3019.7394409179688,3124.167329587243,2915.3115522486946,208.85577733854825,0.8130223483017809,82.73810613163727,87.94038792257233,-17.261893868362733,2797491.0,2.3963487281996616,3.306516018953449,0.015248918594271578,-0.002983561416866176,47.044682231573006,1.0053482901723139,1.0120017674003243,0.9967528488060527,0.011416812101158216,0.011606927633568635,113.928955078125,3.8344592457079996,47.044682231573006,44.27366032348751,3094.34814453125,4177037.0,3113.4016740052466,3079.2229578295533,3088.65185546875,2700767.0,3108.0000778660146,3082.0715272134535,3091.499755859375,3151053.0,3098.6694669245953,3028.4460542827223,3046.812255859375,2232853.0,3067.7320066302495,3031.4909272444793,2971.18701171875,1556656.0,2993.4816703122747,2938.579823663838,3063.5087890625
2025-11-25 00:00:00+05:30,3089.142887490615,3093.562543096727,3059.3838251197944,3063.5087890625,2737920.0,0.0,0.0,3084.62490234375,3067.85966796875,3021.423828125,2985.9326318359376,3136.994548075908,3052.960468386705,3022.8901464721616,30.070321914543456,23.811515820949662,6.258806093593794,69.79748917709283,3021.423828125,3127.6083721178175,2915.2392841321825,212.3690879856349,0.6981689582824159,72.66485207673921,82.04761793265197,-27.3351479232608,2837071.4,0.9650514964128151,-0.02456403364889259,0.011156722676611622,-0.007003684129517129,34.1787179769326,1.0083675615750265,1.0098102392072537,0.998653516530642,0.011826562979340503,0.011910629830197918,70.910888671875,2.369542819722592,34.1787179769326,42.97582492582933,3085.115966796875,6703764.0,3122.1428110333977,3075.0981288018247,3094.34814453125,4177037.0,3113.4016740052466,3079.2229578295533,3088.65185546875,2700767.0,3108.0000778660146,3082.0715272134535,3031.98193359375,2548350.0,3049.5622448251693,3023.0443122614724,2992.597900390625,2806868.0,3001.142519888641,2964.1156755427983,3106.428466796875
2025-11-26 00:00:00+05:30,3063.115986297256,3121.2589624366606,3061.348076121797,3106.428466796875,2508527.0,0.0,0.0,3087.61064453125,3070.9141357421877,3026.5800903320314,2986.74080078125,3136.7894065908135,3061.186314296089,3029.0782349763394,32.10807931974978,25.47082852070977,6.637250799040007,71.7890607851354,3026.5800903320314,3138.8979560181006,2914.2622246459623,224.63573137213825,0.8554571482333074,92.67398159321914,82.69231326719854,-7.326018406780848,2788960.9,0.8994486082612345,-0.4375897218021597,0.0192860987964868,0.014009973755456206,59.910886314863546,0.9860571453801156,1.0047741307415579,0.9854880319450711,0.008993642222906804,0.011586493066754267,30.544677734375,0.9930374431891265,59.910886314863546,44.86996300957561,3063.5087890625,2737920.0,3093.562543096727,3059.3838251197944,3085.115966796875,6703764.0,3122.1428110333977,3075.0981288018247,3094.34814453125,4177037.0,3113.4016740052466,3079.2229578295533,3091.499755859375,3151053.0,3098.6694669245953,3028.4460542827223,3075.8837890625,4460315.0,3080.4015151753365,3002.51755709654,3080.59814453125
2025-11-27 00:00:00+05:30,3123.223169867727,3123.223169867727,3069.205159068128,3080.59814453125,2836233.0,0.0,0.0,3085.99990234375,3073.948974609375,3030.4595581054687,2987.4531201171876,3136.4147981770834,3064.172749716922,3032.8945615628186,31.278188154103646,26.632300447388594,4.645887706715051,70.3371255682941,3030.4595581054687,3144.6929549689708,2916.2261612419666,228.4667937270042,0.7194567779757619,76.91494104022084,80.7512582367264,-23.085058959779165,2786001.55,1.0180299433071027,0.6296115626265848,0.017534909866609154,-0.0083151189675581,54.01801079959887,1.0138366068330418,1.0138366068330418,0.9963016969664327,0.008991475255843382,0.011216169056062911,30.348388671875,0.99494766333732,54.01801079959887,45.19267825654291,3106.428466796875,2508527.0,3121.2589624366606,3061.348076121797,3063.5087890625,2737920.0,3093.562543096727,3059.3838251197944,3085.115966796875,6703764.0,3122.1428110333977,3075.0981288018247,3088.65185546875,2700767.0,3108.0000778660146,3082.0715272134535,3050.249755859375,1740435.0,3075.9819244274895,3046.61586484088,3081.48193359375
2025-11-28 00:00:00+05:30,3083.937297684263,3091.1070087848907,3069.205113141185,3081.48193359375,1616690.0,0.0,0.0,3083.42666015625,3077.042724609375,3035.4783203125,2987.5216455078125,3136.0510043718955,3066.835701082617,3036.493658457995,30.34204262462208,27.374248882835314,2.9677937417867675,67.3570801771024,3035.4783203125,3149.4015125629808,2921.555128062019,227.8463845009619,0.7019062684800073,73.76538644450451,81.1181030259815,-26.234613555495482,2754759.25,0.5868716113758399,-0.2687287915563368,0.0071075852838646605,0.00028688878621485614,21.901895643705757,1.000796812749004,1.0031235215388445,0.99601593625498,0.00898948953324838,0.010882413205934627,30.9375,1.0141632313007687,21.901895643705757,42.821518988921916,3080.59814453125,2836233.0,3123.223169867727,3069.205159068128,3106.428466796875,2508527.0,3121.2589624366606,3061.348076121797,3063.5087890625,2737920.0,3093.562543096727,3059.3838251197944,3094.34814453125,4177037.0,3113.4016740052466,3079.2229578295533,3050.54443359375,2210794.0,3057.517763723578,3022.356900982103,3077.455078125
2025-12-01 00:00:00+05:30,3081.8747335418534,3097.687374390369,3066.4550948216056,3077.455078125,1747647.0,0.0,0.0,3081.894482421875,3080.1070068359377,3039.181005859375,2986.9792919921874,3135.6655048571133,3068.469451396845,3039.5278629061386,28.941588490706636,27.687716804409586,1.2538716862970496,64.12689432274227,3039.181005859375,3153.527446117916,2924.834565600834,228.6928805170819,0.6673601389736576,62.08288024726225,70.92106924399586,-37.91711975273775,2748737.35,0.6357999246454012,-0.2173031543052767,0.010148736139405206,-0.0013067918474062301,31.23227956876326,1.001436139701362,1.0065743595769059,0.9964256234375007,0.008991865398540362,0.010558261599506787,30.642822265625,1.0057338520512715,31.23227956876326,42.40762150484482,3081.48193359375,1616690.0,3091.1070087848907,3069.205113141185,3080.59814453125,2836233.0,3123.223169867727,3069.205159068128,3106.428466796875,2508527.0,3121.2589624366606,3061.348076121797,3085.115966796875,6703764.0,3122.1428110333977,3075.0981288018247,3046.812255859375,2232853.0,3067.7320066302495,3031.4909272444793,3079.714111328125
2025-12-02 00:00:00+05:30,3075.0980746626374,3087.8659682974553,3064.6872347092776,3079.714111328125,2512003.0,0.0,0.0,3085.135546875,3084.880224609375,3045.0198608398437,2986.4057958984376,3135.2998094745712,3070.1993990785945,3042.504644952567,27.69475412602742,27.689124268733156,0.005629857294263019,50.87325768699426,3045.0198608398437,3154.808851128456,2935.2308705512314,219.57798057722448,0.6580042333802207,56.864609923324785,64.23762553836384,-43.135390076675215,2764593.65,0.9086337154829246,-0.014262954460729449,0.007526261448398493,0.0007340588719499941,23.178733588177693,0.9985011476719516,1.0026469525009953,0.9951206910525967,0.008754492004028894,0.010300473203168124,47.732177734375,1.574289648810634,23.178733588177693,37.79155856223526,3077.455078125,1747647.0,3097.687374390369,3066.4550948216056,3081.48193359375,1616690.0,3091.1070087848907,3069.205113141185,3080.59814453125,2836233.0,3123.223169867727,3069.205159068128,3063.5087890625,2737920.0,3093.562543096727,3059.3838251197944,3031.98193359375,2548350.0,3049.5622448251693,3023.0443122614724,3123.22314453125
2025-12-03 00:00:00+05:30,3083.9373188138757,3154.5534946281955,3082.9551731709416,3123.22314453125,3952112.0,0.0,0.0,3088.494482421875,3088.0525634765627,3054.3404174804687,2986.8492578125,3135.2213895723416,3078.356898379058,3048.4838356670016,29.873062712056253,28.125911957397786,1.7471507546584668,65.38307536960161,3054.3404174804687,3156.8603162346535,2951.820518726284,205.0397975083697,0.8359480836785822,76.30018351242775,65.08255789433827,-23.699816487572246,2828663.25,1.397165958160626,0.25421946250983396,0.02292449759237415,0.014127620821389186,71.59832145725386,0.9874213836477987,1.010031415831368,0.9871069182389938,0.007590747532268857,0.009881976274778236,31.723388671875,1.026148833159346,74.8393833000705,41.03965311319676,3079.714111328125,2512003.0,3087.8659682974553,3064.6872347092776,3077.455078125,1747647.0,3097.687374390369,3066.4550948216056,3081.48193359375,1616690.0,3091.1070087848907,3069.205113141185,3106.428466796875,2508527.0,3121.2589624366606,3061.348076121797,3091.499755859375,3151053.0,3098.6694669245953,3028.4460542827223,3171.544677734375
2025-12-04 00:00:00+05:30,3136.9731988901626,3191.9733551637537,3130.4909417024,3171.544677734375,5025905.0,0.0,0.0,3106.6837890625,3096.341845703125,3065.0605346679686,2990.1261181640625,3135.4557333669354,3092.693479818419,3057.5995137300883,35.09396608833049,29.519522783584343,5.574443304746147,71.21217698121185,3065.0605346679686,3169.6046766708128,2960.5163926651244,209.08828400568837,1.0092783824439895,87.90694774657791,73.69058039411014,-12.093052253422092,2952822.45,1.702068134845019,0.8609176578357185,0.019385636876878,0.015471687729945227,61.482413461353644,0.9890994823163239,1.0064412390507367,0.9870556021738587,0.008793255720235517,0.009570371012150034,82.892822265625,2.6837865238471315,68.7502106325037,43.43889224827025,3123.22314453125,3952112.0,3154.5534946281955,3082.9551731709416,3079.714111328125,2512003.0,3087.8659682974553,3064.6872347092776,3077.455078125,1747647.0,3097.687374390369,3066.4550948216056,3080.59814453125,2836233.0,3123.223169867727,3069.205159068128,3088.65185546875,2700767.0,3108.0000778660146,3082.0715272134535,3180.384033203125
2025-12-05 00:00:00+05:30,3172.330486734928,3213.187842167148,3164.866083794654,3180.384033203125,5244013.0,0.0,0.0,3126.464208984375,3104.9454345703125,3077.1605590820313,2993.8028662109373,3135.7437352889624,3106.1843341853614,3066.6947188735717,39.48961531178975,31.51354128922544,7.976074022564308,73.00413066073753,3077.1605590820313,3175.824535866196,2978.4965822978666,197.32795356832958,1.0231061907574592,82.74787000099552,82.31833375333373,-17.252129999004474,3123497.1,1.6788915859726585,0.25543848426528193,0.015193686632814209,0.002787082121467943,48.32175837249406,0.9974677440258415,1.0103144175739636,0.9951207309411493,0.008788274487935987,0.00931366172355069,86.035888671875,2.7804204521695297,48.32175837249406,44.301797890179095,3171.544677734375,5025905.0,3191.9733551637537,3130.4909417024,3123.22314453125,3952112.0,3154.5534946281955,3082.9551731709416,3079.714111328125,2512003.0,3087.8659682974553,3064.6872347092776,3081.48193359375,1616690.0,3091.1070087848907,3069.205113141185,3094.34814453125,4177037.0,3113.4016740052466,3079.2229578295533,3178.71435546875
2025-12-08 00:00:00+05:30,3185.0983021118977,3201.6964674714213,3151.3125880977464,3178.71435546875,2544725.0,0.0,0.0,3146.716064453125,3114.3052734375,3087.5369262695312,2997.974609375,3136.017433506668,3117.3427989982356,3074.9925166606026,42.35028233763296,33.680889498906964,8.669392838725997,76.47064523232768,3087.5369262695312,3182.8686544558636,2992.205198083199,190.66345637266477,0.9782113517390885,81.33963783009143,83.99815185922161,-18.66036216990857,3172900.55,0.8020185189857275,-0.6204035523923574,0.01585039539239917,-0.0005249924905117442,50.38387937367497,1.002008342345126,1.0072300022690408,0.9913796068766415,0.008642271981597182,0.009036207711594586,93.598388671875,3.0338693805748163,50.38387937367497,46.00650837660611,3180.384033203125,5244013.0,3213.187842167148,3164.866083794654,3171.544677734375,5025905.0,3191.9733551637537,3130.4909417024,3123.22314453125,3952112.0,3154.5534946281955,3082.9551731709416,3077.455078125,1747647.0,3097.687374390369,3066.4550948216056,3085.115966796875,6703764.0,3122.1428110333977,3075.0981288018247,3151.01806640625
2025-12-09 00:00:00+05:30,3172.330579931189,3175.964471029267,3124.401822284255,3151.01806640625,2734893.0,0.0,0.0,3160.97685546875,3123.056201171875,3095.4579345703123,3003.1188818359374,3136.112374221222,3122.5236093687176,3080.6240683539795,41.89954101473813,35.32461980207321,6.5749212126649255,62.129804788294265,3095.4579345703123,3183.63269699778,3007.2831721428447,176.34952485493523,0.8150568842283037,59.578574763910694,74.55536086499922,-40.421425236089306,3169301.8,0.862932334181617,-0.0011055838008414698,0.016363806128163266,-0.008713047466769264,51.56264874501176,1.0067636913136604,1.0079169348119505,0.9915531286837873,0.008876439247286537,0.008741195338389188,87.50927734375,2.8565048566591367,54.312533184494896,44.87001698679338,3178.71435546875,2544725.0,3201.6964674714213,3151.3125880977464,3180.384033203125,5244013.0,3213.187842167148,3164.866083794654,3171.544677734375,5025905.0,3191.9733551637537,3130.4909417024,3079.714111328125,2512003.0,3087.8659682974553,3064.6872347092776,3063.5087890625,2737920.0,3093.562543096727,3059.3838251197944,3132.259033203125
2025-12-10 00:00:00+05:30,3167.41989738469,3167.41989738469,3121.357359750894,3132.259033203125,1386849.0,0.0,0.0,3162.784033203125,3125.6392578125,3098.2766967773437,3009.0288916015625,3136.088139372052,3124.021366881708,3084.44889911038,39.57246777132832,36.17418939592424,3.3982783754040824,58.34586353743315,3098.2766967773437,3187.4158685600905,3009.137524994597,178.27834356549374,0.6906139340659586,47.381862634246744,62.76669174274961,-52.618137365753256,3015628.5,0.4598872175402242,-0.44714607417022023,0.014705851957170828,-0.005953324547110506,46.06253763379618,1.0112254011589867,1.0112254011589867,0.996519549201816,0.008316314411709555,0.008673462557269465,25.83056640625,0.8315197559622067,46.06253763379618,46.30815891402445,3151.01806640625,2734893.0,3175.964471029267,3124.401822284255,3178.71435546875,2544725.0,3201.6964674714213,3151.3125880977464,3180.384033203125,5244013.0,3213.187842167148,3164.866083794654,3123.22314453125,3952112.0,3154.5534946281955,3082.9551731709416,3106.428466796875,2508527.0,3121.2589624366606,3061.348076121797,3134.91064453125
2025-12-11 00:00:00+05:30,3147.7768486239356,3151.1160479641035,3096.8035846478047,3134.91064453125,1914362.0,0.0,0.0,3155.4572265625,3131.0705078125,3102.5097412109376,3015.0506494140627,3136.080780029297,3125.6966403662573,3088.1868229600464,37.509817406210914,36.44131499798157,1.0685024082293424,57.85469123779087,3102.5097412109376,3190.072768153164,3014.9467142687113,175.12605388445263,0.6850147513841108,49.10588218785087,52.02210652866943,-50.89411781214913,3024324.85,0.6329882188416367,-0.3250335920920461,0.017325043509946656,0.0008465491838371975,54.31246331629882,1.0041041693214223,1.0051693350370683,0.9878442915271216,0.007673072712176593,0.008541622302902788,54.3125,1.7630504678585401,54.31246331629882,47.74628370978199,3132.259033203125,1386849.0,3167.41989738469,3121.357359750894,3151.01806640625,2734893.0,3175.964471029267,3124.401822284255,3178.71435546875,2544725.0,3201.6964674714213,3151.3125880977464,3171.544677734375,5025905.0,3191.9733551637537,3130.4909417024,3080.59814453125,2836233.0,3123.223169867727,3069.205159068128,3163.0
2025-12-12 00:00:00+05:30,3140.607031689688,3165.4553640739014,3128.8212841349605,3163.0,1146554.0,0.0,0.0,3151.980419921875,3139.222314453125,3108.13251953125,3021.7848828125,3136.2479801533386,3131.4356187714607,3093.7285628145864,37.70705595687423,36.6944631897601,1.0125927671141284,64.05530603630967,3108.13251953125,3196.0870089668733,3020.178030095627,175.9089788712463,0.8119083563603037,67.36896530362004,54.61890337523922,-32.631034696379956,2971112.85,0.38590052208888664,-0.290801576059727,0.011582067637983208,0.008960177387432378,36.634079938940886,0.9929203388206411,1.0007762769756248,0.9891942093376417,0.007970530217963765,0.008439726371374325,81.51806640625,2.6454176322617595,36.634079938940886,47.00266926030827,3134.91064453125,1914362.0,3151.1160479641035,3096.8035846478047,3132.259033203125,1386849.0,3167.41989738469,3121.357359750894,3151.01806640625,2734893.0,3175.964471029267,3124.401822284255,3180.384033203125,5244013.0,3213.187842167148,3164.866083794654,3081.48193359375,1616690.0,3091.1070087848907,3069.205113141185,3172.52685546875
2025-12-15 00:00:00+05:30,3153.7680172761306,3180.384020730158,3140.2143592438706,3172.52685546875,1562190.0,0.0,0.0,3150.742919921875,3148.7294921875,3114.418249511719,3028.20474609375,3136.471923828125,3137.7573474941314,3099.565495848108,38.191851646023224,36.993940881012726,1.1979107650104979,70.57081100603666,3114.418249511719,3201.888197124095,3026.948301899343,174.93989522475204,0.8321632603150745,73.22112134560744,63.23198961235945,-26.778878654392553,2937579.7,0.5317949330872622,-0.10611811195281429,0.012661724649247277,0.003011968216487526,40.16966148628762,0.9940870986922354,1.0024766268716887,0.9898149022224415,0.007848815390716113,0.0083254213705919,95.07177734375,3.0892986227332386,40.16966148628762,47.430593796690765,3163.0,1146554.0,3165.4553640739014,3128.8212841349605,3134.91064453125,1914362.0,3151.1160479641035,3096.8035846478047,3132.259033203125,1386849.0,3167.41989738469,3121.357359750894,3178.71435546875,2544725.0,3201.6964674714213,3151.3125880977464,3077.455078125,1747647.0,3097.687374390369,3066.4550948216056,3147.875244140625
2025-12-16 00:00:00+05:30,3162.509118995985,3162.509118995985,3134.1252044928165,3147.875244140625,1734623.0,0.0,0.0,3150.11435546875,3155.54560546875,3120.2129150390624,3034.3722900390626,3136.541882848447,3139.3139469782095,3103.144008475158,36.169938503051526,36.82914040542048,-0.6592019023689559,58.39974983721607,3120.2129150390624,3199.677269283726,3040.7485607943986,158.92870848932762,0.6740549543534494,56.01863241869078,65.53623968930609,-43.98136758130922,2896893.35,0.5987873181454885,-0.3094661909241351,0.00901684860478556,-0.007770339685424843,28.3839145031684,1.004648810299137,1.004648810299137,0.9956319616943516,0.008559207252605918,0.008305892895449602,68.1611328125,2.2132292267578624,38.401650975933535,45.89421984391005,3172.52685546875,1562190.0,3180.384020730158,3140.2143592438706,3163.0,1146554.0,3165.4553640739014,3128.8212841349605,3134.91064453125,1914362.0,3151.1160479641035,3096.8035846478047,3151.01806640625,2734893.0,3175.964471029267,3124.401822284255,3079.714111328125,2512003.0,3087.8659682974553,3064.6872347092776,3160.348388671875
2025-12-17 00:00:00+05:30,3143.3572206041695,3179.107227122374,3143.3572206041695,3160.348388671875,1376350.0,0.0,0.0,3155.7322265625,3159.2581298828127,3123.6553466796877,3039.0964990234374,3136.687044469322,3142.550014931085,3107.381383954233,35.168630976852,36.49703851970679,-1.3284075428547908,67.08759184416492,3123.6553466796877,3203.844171337979,3043.4665220213965,160.3776493165824,0.7287914940052274,64.41802198670223,64.55259191700014,-35.58197801329778,2808158.2,0.49012552070606275,-0.6517431692219249,0.011312046053640366,0.0039624011639174395,35.75000651820437,0.9946236408211798,1.0059356868748202,0.9946236408211798,0.00753023398108035,0.008299841540330751,37.125244140625,1.1886836906172205,35.75000651820437,44.589362395239014,3147.875244140625,1734623.0,3162.509118995985,3134.1252044928165,3172.52685546875,1562190.0,3180.384020730158,3140.2143592438706,3163.0,1146554.0,3165.4553640739014,3128.8212841349605,3132.259033203125,1386849.0,3167.41989738469,3121.357359750894,3123.22314453125,3952112.0,3154.5534946281955,3082.9551731709416,3222.2236328125
2025-12-18 00:00:00+05:30,3170.366292342023,3229.09865265339,3163.4912725011322,3222.2236328125,2307422.0,0.0,0.0,3173.19482421875,3164.326025390625,3130.333935546875,3045.3458935546873,3137.205448035038,3154.807494605162,3115.888243195586,38.91925140957619,36.98148109768067,1.9377703118955196,73.9073132213939,3130.333935546875,3219.94369505934,3040.7241760344104,179.21951902492947,1.012721481262557,95.8184048730562,72.08501975948306,-4.181595126943801,2788490.95,0.827480541043176,-0.5408942270098619,0.02036090216835538,0.019578614928156046,65.60738015225797,0.9839063496579181,1.0021336259131366,0.9817727237447813,0.008450386870778991,0.008265554655385098,50.678955078125,1.5979265697851686,68.75026398151522,47.93567441936826,3160.348388671875,1376350.0,3179.107227122374,3143.3572206041695,3147.875244140625,1734623.0,3162.509118995985,3134.1252044928165,3172.52685546875,1562190.0,3180.384020730158,3140.2143592438706,3134.91064453125,1914362.0,3151.1160479641035,3096.8035846478047,3171.544677734375,5025905.0,3191.9733551637537,3130.4909417024,3223.402099609375
2025-12-19 00:00:00+05:30,3240.09857605464,3258.661033366418,3220.259281411304,3223.402099609375,3902511.0,0.0,0.0,3185.275244140625,3168.62783203125,3136.7866333007814,3050.571865234375,3137.7247049722328,3165.360510759666,3123.852255090986,41.508255668679794,37.8868360118805,3.621419656799297,75.03377345611545,3136.7866333007814,3233.7684846581274,3039.8047819434355,193.96370271469186,0.9465550259988559,81.8228368980054,80.68642125258793,-18.177163101994587,2774764.65,1.4064295507008135,-0.25581591807648074,0.01191342276527263,0.00036573091478642183,38.40175195511392,1.005179768433882,1.0109384224082114,0.9990249996429388,0.008447872443803075,0.008231514450971807,43.01806640625,1.3526060361623848,38.40175195511392,48.447779589821884,3222.2236328125,2307422.0,3229.09865265339,3163.4912725011322,3160.348388671875,1376350.0,3179.107227122374,3143.3572206041695,3147.875244140625,1734623.0,3162.509118995985,3134.1252044928165,3163.0,1146554.0,3165.4553640739014,3128.8212841349605,3180.384033203125,5244013.0,3213.187842167148,3164.866083794654,3265.5361328125
2025-12-22 00:00:00+05:30,3250.9022578364156,3269.170263717588,3232.2414895890165,3265.5361328125,2632816.0,0.0,0.0,3203.877099609375,3177.310009765625,3145.8076416015624,3055.9653515625,3138.490042863492,3180.7721449216524,3134.3473846373367,46.42476028431565,39.59442086636753,6.8303394179481245,78.0380059720934,3145.8076416015624,3255.308933708932,3036.306349494193,219.00258421473882,1.0466989882344955,98.04842298525867,91.89655491877342,-1.9515770147413332,2571217.25,1.023957038247157,0.0346171000795763,0.011308640488618956,0.013071292969695225,36.928774128571604,0.9955186914549677,1.0011128741980748,0.9898042337094559,0.009171023106011806,0.00828438956341327,86.82177734375,2.731348829578839,45.768164108213114,50.061310341252984,3223.402099609375,3902511.0,3258.661033366418,3220.259281411304,3222.2236328125,2307422.0,3229.09865265339,3163.4912725011322,3160.348388671875,1376350.0,3179.107227122374,3143.3572206041695,3172.52685546875,1562190.0,3180.384020730158,3140.2143592438706,3178.71435546875,2544725.0,3201.6964674714213,3151.3125880977464,3250.902099609375
2025-12-23 00:00:00+05:30,3260.625245626059,3260.625245626059,3234.6966963938,3250.902099609375,2365420.0,0.0,0.0,3224.482470703125,3187.2984130859377,3155.1773071289062,3061.719794921875,3139.159162248884,3191.5613687197706,3142.9810881692824,48.58028055048817,41.39159280319166,7.1886877472965125,71.10394248455056,3155.1773071289062,3267.0710188711755,3043.283595386637,223.78742348453852,0.9277487581293073,89.40156867510503,89.75760951945637,-10.598431324894971,2552592.25,0.9266736589049818,-0.13509596170672855,0.007975801312311058,-0.0044813569986503765,25.92854923225923,1.0029909070524925,1.0029909070524925,0.9950151057401814,0.008667870413237244,0.008263532680008342,99.884033203125,3.169897191895288,30.83943641870019,46.91845699258368,3265.5361328125,2632816.0,3269.170263717588,3232.2414895890165,3223.402099609375,3902511.0,3258.661033366418,3220.259281411304,3222.2236328125,2307422.0,3229.09865265339,3163.4912725011322,3147.875244140625,1734623.0,3162.509118995985,3134.1252044928165,3151.01806640625,2734893.0,3175.964471029267,3124.401822284255,3259.741455078125
2025-12-24 00:00:00+05:30,3245.107580613968,3267.696930860065,3237.2504153109776,3259.741455078125,1367708.0,0.0,0.0,3244.361083984375,3200.0466552734374,3162.8429565429688,3068.0639453125,3139.8726669401813,3202.0506127749077,3151.6300236610205,49.638995344543204,43.19739206533077,7.22319704855645,66.7662964276233,3162.8429565429688,3281.478116804908,3044.2077962810295,237.27032052387858,0.908388619028331,94.52979619358692,93.99326261798353,-5.470203806413081,2495551.3,0.5480584590667401,-0.013801790966428196,0.009340162699608275,0.0027190469592461852,30.446515549087508,0.9955107254161645,1.002440523548132,0.9931003608485237,0.008067926366508719,0.008238693875488257,127.482421875,4.069983373777153,30.446515549087508,44.182478772339664,3250.902099609375,2365420.0,3260.625245626059,3234.6966963938,3265.5361328125,2632816.0,3269.170263717588,3232.2414895890165,3223.402099609375,3902511.0,3258.661033366418,3220.259281411304,3160.348388671875,1376350.0,3179.107227122374,3143.3572206041695,3132.259033203125,1386849.0,3167.41989738469,3121.357359750894,3221.437744140625
2025-12-26 00:00:00+05:30,3253.9468611908032,3260.7235702886815,3213.384197736604,3221.437744140625,1176664.0,0.0,0.0,3244.20390625,3208.699365234375,3169.8849365234373,3074.559853515625,3140.3524615119486,3205.0332483696347,3156.8009766718314,48.2322716978033,44.164516896626125,4.027903705978019,57.01815012921449,3169.8849365234373,3284.6205881470955,3055.149284899779,229.47130324731643,0.7246590614497265,72.30757137367694,85.4129787474563,-27.69242862632306,2412572.85,0.48772164537953744,-0.3853492704096717,0.01469510706459606,-0.011750536496638153,47.33937255207729,1.010091493187881,1.0121951219512195,0.9975000148866234,0.009479537929376376,0.008419340397208234,86.527099609375,2.760113745516768,47.33937255207729,44.11230835659561,3259.741455078125,1367708.0,3267.696930860065,3237.2504153109776,3250.902099609375,2365420.0,3260.625245626059,3234.6966963938,3265.5361328125,2632816.0,3269.170263717588,3232.2414895890165,3222.2236328125,2307422.0,3229.09865265339,3163.4912725011322,3134.91064453125,1914362.0,3151.1160479641035,3096.8035846478047,3193.446533203125
2025-12-29 00:00:00+05:30,3221.437683809396,3229.294848891858,3184.9999848268185,3193.446533203125,2079473.0,0.0,0.0,3238.21279296875,3211.7440185546875,3175.4831665039064,3080.0932568359376,3140.6629531592653,3203.250676805556,3159.5154675675,43.735209238056086,44.11053624107144,-0.37532700301535726,52.310538733869336,3175.4831665039064,3282.739412217741,3068.2269207900717,214.51249142766937,0.5837404226656683,56.06823144524006,74.3018663375013,-43.93176855475994,2435712.0,0.8537433818119712,0.8136720991771866,0.01387055133207763,-0.008689042955559945,44.29486406503929,1.0087651852990929,1.0112255881900662,0.9973550368579885,0.00983463346530143,0.008605750721942002,30.446533203125,0.9625840405667052,44.29486406503929,43.67737869169306,3221.437744140625,1176664.0,3260.7235702886815,3213.384197736604,3259.741455078125,1367708.0,3267.696930860065,3237.2504153109776,3250.902099609375,2365420.0,3260.625245626059,3234.6966963938,3223.402099609375,3902511.0,3258.661033366418,3220.259281411304,3163.0,1146554.0,3165.4553640739014,3128.8212841349605,3188.83056640625
2025-12-30 00:00:00+05:30,3191.973384551631,3209.160933545371,3181.6608551553877,3188.83056640625,2807593.0,0.0,0.0,3222.8716796875,3213.3743896484375,3181.0519409179688,3085.5166650390624,3140.9429974223294,3201.032198282585,3161.6869602418096,39.34523804077526,43.15747660101221,-3.812238560236956,56.393215794149015,3181.0519409179688,3277.942500629116,3084.1613812068217,193.78111942229407,0.5401412971060913,53.39023891107619,60.58868057666439,-46.60976108892381,2488709.3,1.1281321607147932,0.7972160876717942,0.008623875686495074,-0.0014454498451380582,27.500078389983173,1.0009855707538964,1.006375493057956,0.9977516173714609,0.009834414288248643,0.008804310611695256,16.3037109375,0.5139030079255535,27.500078389983173,41.76220334922794,3193.446533203125,2079473.0,3229.294848891858,3184.9999848268185,3221.437744140625,1176664.0,3260.7235702886815,3213.384197736604,3259.741455078125,1367708.0,3267.696930860065,3237.2504153109776,3265.5361328125,2632816.0,3269.170263717588,3232.2414895890165,3172.52685546875,1562190.0,3180.384020730158,3140.2143592438706,3148.955322265625
2025-12-31 00:00:00+05:30,3182.151893056932,3188.0447669329633,3141.392848747715,3148.955322265625,3362634.0,0.0,0.0,3202.48232421875,3213.4823974609376,3184.5140014648437,3090.3095361328124,3140.9893114387646,3193.02037120305,3160.7438743904463,32.27649681260391,40.98128064333056,-8.704783830726647,52.63481525317159,3184.5140014648437,3270.4920618532706,3098.5359410764167,171.95612077685382,0.29321073865487524,30.25627569044622,46.57158201558749,-69.74372430955378,2531240.85,1.32845280211087,0.9385388064149962,0.014815046074290707,-0.012504660661718292,46.65191818524818,1.010542090120041,1.012413464361004,0.9975984182867134,0.010378681280842461,0.008986258014518909,1.080078125,0.03431133832290101,47.43771765853489,41.86043049385213,3188.83056640625,2807593.0,3209.160933545371,3181.6608551553877,3193.446533203125,2079473.0,3229.294848891858,3184.9999848268185,3221.437744140625,1176664.0,3260.7235702886815,3213.384197736604,3250.902099609375,2365420.0,3260.625245626059,3234.6966963938,3147.875244140625,1734623.0,3162.509118995985,3134.1252044928165,3169.77685546875
2026-01-01 00:00:00+05:30,3157.59834501185,3176.3574233163417,3141.0982497161094,3169.77685546875,1255735.0,0.0,0.0,3184.489404296875,3214.425244140625,3186.841687011719,3094.477763671875,3141.1547570941093,3189.4444457054647,3161.4129851226885,28.031460582776162,38.39131663121968,-10.359856048443518,55.20376038478356,3186.841687011719,3268.2313663679124,3105.4520076555254,162.77935871238697,0.3951658755879448,29.181239119503363,37.60925124034192,-70.81876088049664,2396422.0,0.5240041194747836,-0.0876339593853308,0.011123550712852356,0.006612203436453967,35.259173600232316,0.9961579281406233,1.00207603504841,0.9909524843355576,0.010521585873993836,0.009285393203810258,9.428466796875,0.29833631097986313,35.259173600232316,40.49948122841881,3148.955322265625,3362634.0,3188.0447669329633,3141.392848747715,3188.83056640625,2807593.0,3209.160933545371,3181.6608551553877,3193.446533203125,2079473.0,3229.294848891858,3184.9999848268185,3259.741455078125,1367708.0,3267.696930860065,3237.2504153109776,3160.348388671875,1376350.0,3179.107227122374,3143.3572206041695,3192.660888671875
2026-01-02 00:00:00+05:30,3176.2591039024273,3196.196709004467,3162.017991655493,3192.660888671875,1184324.0,0.0,0.0,3178.734033203125,3211.4689697265626,3187.897497558594,3099.270634765625,3141.449077845982,3189.9392830849124,3163.7276479207494,26.211635164163,35.95538033780834,-9.743745173645344,54.496738790076684,3187.897497558594,3268.9989927086854,3106.7960024085023,162.20299030018305,0.5293668514030828,43.34529861002215,34.26093780665724,-56.65470138997785,2204342.95,0.5372684862852216,-0.4867328126367868,0.01070540171373851,0.007219446114524963,34.178717348973805,0.9948626599124122,1.0011074838374276,0.9904020821236892,0.008553420123504827,0.009295696529082843,-29.562744140625,-0.9174640716920535,34.178717348973805,40.324098186278306,3169.77685546875,1255735.0,3176.3574233163417,3141.0982497161094,3148.955322265625,3362634.0,3188.0447669329633,3141.392848747715,3188.83056640625,2807593.0,3209.160933545371,3181.6608551553877,3221.437744140625,1176664.0,3260.7235702886815,3213.384197736604,3222.2236328125,2307422.0,3229.09865265339,3163.4912725011322,3158.6787109375
2026-01-05 00:00:00+05:30,3182.642968809425,3189.026915514335,3134.026759287417,3158.6787109375,2341703.0,0.0,0.0,3171.78046875,3204.996630859375,3186.8122314453126,3102.077607421875,3141.546973488548,3185.129964293002,3163.353652098556,21.77631219444629,33.11956670913593,-11.34325451468964,48.045481610532526,3186.8122314453126,3268.911822755613,3104.7126401350124,164.19918262060037,0.32866223778459314,18.24131448568488,30.25595073840346,-81.75868551431512,2059227.45,1.1371754975391377,-0.39994967342821075,0.017412393364500803,-0.010643841898445805,55.00015622691808,1.0075867981725855,1.0096078795452506,0.9921954861807498,0.009067188576050095,0.009357628142307544,-64.723388671875,-2.007921651466271,58.63412938445799,41.64298875043333,3192.660888671875,1184324.0,3196.196709004467,3162.017991655493,3169.77685546875,1255735.0,3176.3574233163417,3141.0982497161094,3148.955322265625,3362634.0,3188.0447669329633,3141.392848747715,3193.446533203125,2079473.0,3229.294848891858,3184.9999848268185,3223.402099609375,3902511.0,3258.661033366418,3220.259281411304,3197.669921875
2026-01-06 00:00:00+05:30,3152.6876022111082,3204.9377039238207,3147.7768738587542,3197.669921875,2912325.0,0.0,0.0,3173.54833984375,3198.210009765625,3187.760009765625,3105.8608349609376,3141.864052292991,3187.059188536387,3165.8956010922607,21.16358744412628,30.728370856134,-9.56478341200772,56.754579962815846,3187.760009765625,3269.903628429918,3105.616391101332,164.28723732858634,0.5603206449296756,47.093023712780465,36.22654560282916,-52.906976287219535,2077607.45,1.4017686546127854,0.10616351465503104,0.0178757756308848,0.012344152256602126,57.16083006506642,0.9859327820685395,1.0022728368550808,0.9843970612241959,0.008934942095989726,0.009334020041305336,-67.8662109375,-2.078256316185634,57.16083006506642,42.98293011394282,3158.6787109375,2341703.0,3189.026915514335,3134.026759287417,3192.660888671875,1184324.0,3196.196709004467,3162.017991655493,3169.77685546875,1255735.0,3176.3574233163417,3141.0982497161094,3188.83056640625,2807593.0,3209.160933545371,3181.6608551553877,3265.5361328125,2632816.0,3269.170263717588,3232.2414895890165,3236.75927734375
2026-01-07 00:00:00+05:30,3185.0000101265678,3241.6700055592964,3165.651788913644,3236.75927734375,1989442.0,0.0,0.0,3191.109130859375,3196.7957275390627,3192.0470703125,3109.999599609375,3142.397171534849,3194.7053560452127,3171.144768193493,23.5605878517199,29.294814255251186,-5.734226403531284,59.66698850941096,3192.0470703125,3275.0617893285316,3109.0323512964687,166.0294380320629,0.7693028872543385,76.01735539529025,47.11723119791853,-23.98264460470975,2040334.9,0.9750565948756746,-0.1589476710267098,0.023485903686985624,0.012224324718865809,76.0182166456525,0.9840089228817601,1.0015171743694133,0.9780312706824276,0.00993778788146739,0.00946101178812835,-14.142822265625,-0.4350430075185763,76.0182166456525,45.85923083733197,3197.669921875,2912325.0,3204.9377039238207,3147.7768738587542,3158.6787109375,2341703.0,3189.026915514335,3134.026759287417,3192.660888671875,1184324.0,3196.196709004467,3162.017991655493,3148.955322265625,3362634.0,3188.0447669329633,3141.392848747715,3250.902099609375,2365420.0,3260.625245626059,3234.6966963938,3146.6962890625
2026-01-08 00:00:00+05:30,3228.2143763788763,3228.2143763788763,3125.1873956711997,3146.6962890625,4159336.0,0.0,0.0,3186.493017578125,3185.4912109375,3192.768933105469,3112.8674609375,3142.4211889512044,3187.319345740179,3169.333767855409,17.98557788477001,27.032966981154953,-9.047389096384943,41.0809221224038,3192.768933105469,3273.8225465954642,3111.7153196154736,162.10722697999063,0.21578908046674677,14.93850878451076,46.01629596419382,-85.06149121548924,2178959.25,1.9088636008222732,2.0410994159572073,0.032741317001511935,-0.0278250498613416,103.02698070767656,1.0259059279409082,1.0259059279409082,0.9931646109393962,0.01307444726656026,0.009961663878133504,-113.045166015625,-3.4679181638629597,111.57188167255026,48.917917815263046,3236.75927734375,1989442.0,3241.6700055592964,3165.651788913644,3197.669921875,2912325.0,3204.9377039238207,3147.7768738587542,3158.6787109375,2341703.0,3189.026915514335,3134.026759287417,3169.77685546875,1255735.0,3176.3574233163417,3141.0982497161094,3259.741455078125,1367708.0,3267.696930860065,3237.2504153109776,3150.52685546875
2026-01-09 00:00:00+05:30,3134.0267606372377,3172.0357492326657,3134.0267606372377,3150.52685546875,1938673.0,0.0,0.0,3178.0662109375,3178.4001220703126,3193.5497436523438,3115.817822265625,3142.4662204318574,3181.6589626214973,3167.940661892312,13.718300729185103,24.370033730760984,-10.65173300157588,41.44768019216984,3193.5497436523438,3272.5309372807646,3114.568550023923,157.9623872568418,0.22763840221254755,17.598940861065774,36.18493501362226,-82.40105913893423,2180174.8,0.8892282398640697,0.6476011843652902,0.012064327758213278,0.0012173295591202393,38.008988595428036,0.9947627506164973,1.0068270783747106,0.9947627506164973,0.01279944137892104,0.010293654223087971,-70.910888671875,-2.20121865775158,38.008988595428036,48.8898632895712,3146.6962890625,4159336.0,3228.2143763788763,3125.1873956711997,3236.75927734375,1989442.0,3241.6700055592964,3165.651788913644,3197.669921875,2912325.0,3204.9377039238207,3147.7768738587542,3192.660888671875,1184324.0,3196.196709004467,3162.017991655493,3221.437744140625,1176664.0,3260.7235702886815,3213.384197736604,3181.75927734375
2026-01-12 00:00:00+05:30,3145.8126491306843,3193.937788002805,3117.6251157476318,3181.75927734375,2228342.0,0.0,0.0,3182.68232421875,3177.231396484375,3194.4877075195313,3119.8308740234374,3142.683309144078,3181.67439565569,3168.96426394978,12.710131705910044,22.0380533257908,-9.327921619880755,39.91014249001746,3194.4877075195313,3272.3793599772685,3116.5960550617942,155.78330491547422,0.41829400343838125,42.735647295309334,25.09103231362862,-57.264352704690666,2234264.2,0.9973493734536855,0.07158977298575175,0.023984426728499066,0.009913396491379345,76.31267225517331,0.9887022791230532,1.0038276027811954,0.9798431760526963,0.01309180261038951,0.01061937113759678,-11.687255859375,-0.3659762497308039,76.31267225517331,51.07161387149693,3150.52685546875,1938673.0,3172.0357492326657,3134.0267606372377,3146.6962890625,4159336.0,3228.2143763788763,3125.1873956711997,3236.75927734375,1989442.0,3241.6700055592964,3165.651788913644,3158.6787109375,2341703.0,3189.026915514335,3134.026759287417,3193.446533203125,2079473.0,3229.294848891858,3184.9999848268185,3209.652099609375
2026-01-13 00:00:00+05:30,3187.0627488471305,3221.437847833155,3153.1787227037635,3209.652099609375,5645341.0,0.0,0.0,3185.078759765625,3179.3135498046877,3196.3439697265626,3123.955888671875,3143.05126953125,3185.9786578024114,3171.978180191244,14.000477611167298,20.4305381828661,-6.430060571698803,45.185715799947346,3196.3439697265626,3273.8002878873485,3118.8876515657767,154.91263632157188,0.5859073229842079,61.321963616417186,40.55218392426409,-38.678036383582814,2438421.75,2.3151618459768084,1.0107405168769121,0.02126682986536109,0.008766477861553046,68.25912512939158,0.9929620563035496,1.003671970624235,0.982405140758874,0.013386518249366887,0.010974581533708602,20.821533203125,0.6529520076254958,68.25912512939158,53.744448779403456,3181.75927734375,2228342.0,3193.937788002805,3117.6251157476318,3150.52685546875,1938673.0,3172.0357492326657,3134.0267606372377,3146.6962890625,4159336.0,3228.2143763788763,3125.1873956711997,3197.669921875,2912325.0,3204.9377039238207,3147.7768738587542,3188.83056640625,2807593.0,3209.160933545371,3181.6608551553877,3135.5
2026-01-14 00:00:00+05:30,3201.7948316366483,3201.7948316366483,3126.1696162881753,3135.5,3539511.0,0.0,0.0,3164.826904296875,3177.968017578125,3195.725207519531,3127.4071484375,3143.01000576332,3178.212710448194,3169.276090703565,8.936619744628842,18.13175449521865,-9.195134750589808,37.41795847201625,3195.725207519531,3274.988459465719,3116.461955573343,158.52650389237624,0.12009376324593643,12.491318868325441,38.849643260017324,-87.50868113167456,2528666.15,1.3997541747454483,0.0526007290713173,0.024119028974158165,-0.02310284644818661,75.62521534847292,1.0211433046202036,1.0211433046202036,0.9970242756460453,0.014886445778065653,0.011425357983430922,-13.455322265625,-0.4272947974359953,83.48248332119965,57.53273219169718,3209.652099609375,5645341.0,3221.437847833155,3153.1787227037635,3181.75927734375,2228342.0,3193.937788002805,3117.6251157476318,3150.52685546875,1938673.0,3172.0357492326657,3134.0267606372377,3236.75927734375,1989442.0,3241.6700055592964,3165.651788913644,3148.955322265625,3362634.0,3188.0447669329633,3141.392848747715,3135.5
2026-01-15 00:00:00+05:30,3135.5,3135.5,3135.5,3135.5,134739.971136,0.0,0.0,3162.587646484375,3174.54033203125,3194.4827880859375,3131.380908203125,3142.969190514606,3171.6415242253943,3166.7741562875044,4.867367937889867,15.478877183752894,-10.611509245863028,40.56503486906611,3194.4827880859375,3276.8009563896403,3112.1646197822347,164.6363366074056,0.14173894231752265,14.410012600686242,29.40776502847629,-85.58998739931376,2459848.65,0.040169919671919546,-0.9560860074105199,0.0019988725349077345,0.0,5.899353130862739,1.0,1.0003367054805155,0.9996854719356733,0.014689500571477368,0.011842149453179275,-34.27685546875,-1.0813649361346322,5.899353130862739,54.151348437977376,3135.5,3539511.0,3201.7948316366483,3126.1696162881753,3209.652099609375,5645341.0,3221.437847833155,3153.1787227037635,3181.75927734375,2228342.0,3193.937788002805,3117.6251157476318,3146.6962890625,4159336.0,3228.2143763788763,3125.1873956711997,3169.77685546875,1255735.0,3176.3574233163417,3141.0982497161094,3206.699951171875
2026-01-16 00:00:00+05:30,3219.39990234375,3221.89990234375,3171.0,3206.699951171875,4293470.0,45.28891200000106,0.0,3173.822265625,3175.94423828125,3193.7066040039062,3136.372060546875,3143.3136811127533,3177.035128371007,3169.7316245140014,7.30350385700558,13.843802518403432,-6.540298661397852,51.32898222180876,3193.7066040039062,3275.2121599389156,3112.201048068897,163.0111118700188,0.5797083525099156,71.80854895311214,32.90329347404128,-28.191451046887863,2559151.05,1.6776930771632257,2.6252495094247856,0.015872985660896913,0.022707686548198103,50.89990234375,1.0039604426248967,1.0047400603122598,0.9888670746513628,0.016371344045274825,0.012623941845356276,14.0390625,0.4397292098829775,86.39990234375,57.158851172171,3135.5,134739.971136,3135.5,3135.5,3135.5,3539511.0,3201.7948316366483,3126.1696162881753,3209.652099609375,5645341.0,3221.437847833155,3153.1787227037635,3150.52685546875,1938673.0,3172.0357492326657,3134.0267606372377,3192.660888671875,1184324.0,3196.196709004467,3162.017991655493,3163.60009765625
2026-01-19 00:00:00+05:30,3188.0,3220.0,3152.10009765625,3163.60009765625,3387562.0,0.0,0.0,3170.1904296875,3176.436376953125,3190.71650390625,3140.8763916015623,3143.422747868364,3174.968200568737,3169.277437063666,5.690763505070663,12.21319471573688,-6.522431210666216,47.65129407914473,3190.71650390625,3272.0226241169216,3109.4103836955787,162.6122404213429,0.3332449870948267,37.06318090041541,41.0939141514046,-62.93681909958459,2533403.6,1.3371584377633314,0.4466232481232675,0.021462858846809867,-0.013440563249416115,67.89990234375,1.007712701223466,1.0178277597050063,0.9963649008581964,0.016606212348000762,0.013377844222551342,4.92138671875,0.15580523279270508,67.89990234375,60.04455288315434,3206.699951171875,4293470.0,3221.89990234375,3171.0,3135.5,134739.971136,3135.5,3135.5,3135.5,3539511.0,3201.7948316366483,3126.1696162881753,3181.75927734375,2228342.0,3193.937788002805,3117.6251157476318,3158.6787109375,2341703.0,3189.026915514335,3134.026759287417,3102.300048828125
2026-01-20 00:00:00+05:30,3151.60009765625,3160.0,3091.10009765625,3102.300048828125,4499273.0,0.0,0.0,3148.72001953125,3166.8993896484376,3182.5546997070314,3143.49865234375,3143.202840386865,3163.7884849163347,3164.316146257836,-0.5276613415012434,9.665023504289255,-10.192684845790499,45.823454743821074,3182.5546997070314,3265.001424228888,3100.107975185175,164.8934490437132,0.013293879506207947,7.438372864707314,38.77003423941162,-92.56162713529268,2626726.45,1.7128822074335146,0.5449075910140524,0.022209296734458848,-0.019376674338055233,68.89990234375,1.0158914508758583,1.018599087858594,0.9963897911241353,0.01706897030572894,0.014191247043525266,-95.369873046875,-2.982480223942363,72.5,61.834715907544705,3163.60009765625,3387562.0,3220.0,3152.10009765625,3206.699951171875,4293470.0,3221.89990234375,3171.0,3135.5,134739.971136,3135.5,3135.5,3209.652099609375,5645341.0,3221.437847833155,3153.1787227037635,3197.669921875,2912325.0,3204.9377039238207,3147.7768738587542,3122.60009765625
2026-01-21 00:00:00+05:30,3100.0,3138.5,3082.0,3122.60009765625,2015150.0,0.0,0.0,3146.1400390625,3155.4834716796877,3176.139599609375,3146.0986962890624,3143.093251329787,3157.4518099532447,3161.226066975579,-3.7742570223344956,6.977167398964505,-10.751424421299,45.7728251168163,3176.139599609375,3256.123891980758,3096.1553072379925,159.96858474276542,0.1653123984361154,25.427504379444887,23.309686048189207,-74.57249562055512,2609212.95,0.7723210173397307,0.012922216380271356,0.018093895546345357,0.006543547854371168,56.5,0.9927624105074444,1.005091879154069,0.9869979836077237,0.016598030439981024,0.014857271299376626,-114.1591796875,-3.526959217714354,56.5,63.3519177932424,3102.300048828125,4499273.0,3160.0,3091.10009765625,3163.60009765625,3387562.0,3220.0,3152.10009765625,3206.699951171875,4293470.0,3221.89990234375,3171.0,3135.5,3539511.0,3201.7948316366483,3126.1696162881753,3236.75927734375,1989442.0,3241.6700055592964,3165.651788913644,3150.39990234375
2026-01-22 00:00:00+05:30,3150.0,3160.0,3122.300048828125,3150.39990234375,2269827.0,0.0,0.0,3149.12001953125,3155.8538330078127,3170.6725219726563,3147.5890185546873,3143.1319108589614,3156.366901090246,3160.4241284682903,-4.057227378044445,4.770288443562714,-8.82751582160716,46.24635968383732,3170.6725219726563,3240.955478496167,3100.3895654491457,140.56591304702124,0.35577855121870927,42.83829145252232,25.234722898891516,-57.16170854747768,2654318.9,0.8551447981627227,-0.45428140453187715,0.011966719254856503,0.008902774552644654,37.699951171875,0.9998730629900501,1.0030472631900185,0.991080543935162,0.014543866553141075,0.015004213228034708,3.70361328125,0.11769846661475736,37.699951171875,63.603434494878194,3122.60009765625,2015150.0,3138.5,3082.0,3102.300048828125,4499273.0,3160.0,3091.10009765625,3163.60009765625,3387562.0,3220.0,3152.10009765625,3135.5,134739.971136,3135.5,3135.5,3146.6962890625,4159336.0,3228.2143763788763,3125.1873956711997,3162.5
2026-01-23 00:00:00+05:30,3190.300048828125,3194.5,3152.0,3162.5,2068857.0,0.0,0.0,3140.280029296875,3157.0511474609375,3167.725634765625,3149.8340234375,3143.2338481702304,3157.31045476867,3160.577896798503,-3.2674420298330915,3.162742348883553,-6.430184378716644,50.353135578612594,3167.725634765625,3233.866705441819,3101.584564089431,132.28214135238795,0.4604962944188801,50.416482242874864,39.5607593582807,-49.583517757125136,2698928.55,0.7665475249428149,0.0671510873674932,0.013438735177865613,0.00384081324001051,42.5,1.0087905292737154,1.010118577075099,0.9966798418972332,0.01458758978235573,0.015183028068378176,11.97314453125,0.3800362631560139,44.10009765625,62.565289371434766,3150.39990234375,2269827.0,3160.0,3122.300048828125,3122.60009765625,2015150.0,3138.5,3082.0,3102.300048828125,4499273.0,3160.0,3091.10009765625,3206.699951171875,4293470.0,3221.89990234375,3171.0,3150.52685546875,1938673.0,3172.0357492326657,3134.0267606372377,3158.0
2026-01-27 00:00:00+05:30,3175.0,3175.0,3130.0,3158.0,4279874.0,0.0,0.0,3139.160009765625,3154.6752197265623,3165.9533081054688,3151.983134765625,3143.311157865674,3157.4165386504133,3160.3869414012106,-2.970402750797348,1.9361133289473726,-4.906516079744721,46.08438119014685,3165.9533081054688,3231.084344223799,3100.8222719871387,130.26207223666006,0.4389437925490761,47.598169570912916,46.95098108877004,-52.401830429087084,2808948.6,1.523656929856246,0.9206540109193293,0.014249525015832806,-0.0014229249011857847,45.0,1.00538315389487,1.00538315389487,0.9911336288790373,0.014208205809945543,0.015294668388333783,-23.75927734375,-0.7467339692519115,45.0,61.696658652501455,3162.5,2068857.0,3194.5,3152.0,3150.39990234375,2269827.0,3160.0,3122.300048828125,3122.60009765625,2015150.0,3138.5,3082.0,3163.60009765625,3387562.0,3220.0,3152.10009765625,3181.75927734375,2228342.0,3193.937788002805,3117.6251157476318,3200.10009765625
2026-01-28 00:00:00+05:30,3176.0,3205.199951171875,3170.60009765625,3200.10009765625,2751234.0,0.0,0.0,3158.72001953125,3153.72001953125,3166.5167846679688,3155.0488916015624,3143.60693359375,3163.983240035927,3163.3286578045877,0.6545822313391909,1.6798071094257365,-1.0252248780865456,46.4029356046995,3166.5167846679688,3232.6681748913506,3100.365394444587,132.3027804467638,0.753836789180667,80.77187796514927,59.59550992631235,-19.22812203485073,2806130.65,0.9804368873559042,-0.5126540628812325,0.010812116015047748,0.013331253216038563,34.599853515625,0.9924689550574056,1.0015936543732993,0.9907815383582514,0.014612225765306198,0.015417239139927711,-9.552001953125,-0.29760240850674746,47.199951171875,59.6382111186602,3158.0,4279874.0,3175.0,3130.0,3162.5,2068857.0,3194.5,3152.0,3150.39990234375,2269827.0,3160.0,3122.300048828125,3102.300048828125,4499273.0,3160.0,3091.10009765625,3209.652099609375,5645341.0,3221.437847833155,3153.1787227037635,3144.39990234375
2026-01-29 00:00:00+05:30,3200.10009765625,3200.10009765625,3125.60009765625,3144.39990234375,2457641.0,0.0,0.0,3163.07998046875,3154.610009765625,3166.289013671875,3157.2972509765623,3143.611042240123,3160.970418852515,3161.9265272738553,-0.9561084213401045,1.152624003272568,-2.108732424612673,49.75838088994745,3166.289013671875,3232.7257575713174,3099.852269772433,132.87348779888453,0.33526351501169116,44.60324939357451,57.65776564321224,-55.39675060642549,2760881.0,0.890165494275197,-0.3056552162148952,0.023692915123318038,-0.01740576657376902,74.5,1.0177140939582725,1.0177140939582725,0.9940211788349544,0.013702902882756576,0.015298884850396804,8.89990234375,0.28384316197576087,74.5,56.9902195706209,3200.10009765625,2751234.0,3205.199951171875,3170.60009765625,3158.0,4279874.0,3175.0,3130.0,3162.5,2068857.0,3194.5,3152.0,3122.60009765625,2015150.0,3138.5,3082.0,3135.5,3539511.0,3201.7948316366483,3126.1696162881753,3123.89990234375
2026-01-30 00:00:00+05:30,3141.0,3141.0,3092.0,3123.89990234375,3022068.0,0.0,0.0,3157.77998046875,3153.45,3163.995166015625,3157.94525390625,3143.5094384262243,3155.267262466551,3159.1097393182645,-3.8424768517134,0.15360383227537422,-3.996080683988774,47.29333459073921,3163.995166015625,3233.0415751866303,3094.9487568446193,138.09281834201101,0.20964989958730593,29.94991536219744,51.77501424030708,-70.05008463780256,2849197.65,1.0606733443009824,-0.3056552162148952,0.015685521793843988,-0.00651952698024183,49.0,1.0054739582543668,1.0054739582543668,0.9897884364605227,0.013876351979185922,0.015217569991167659,-11.60009765625,-0.3699600592010799,52.39990234375,58.01814198121532,3144.39990234375,2457641.0,3200.10009765625,3125.60009765625,3200.10009765625,2751234.0,3205.199951171875,3170.60009765625,3158.0,4279874.0,3175.0,3130.0,3150.39990234375,2269827.0,3160.0,3122.300048828125,3135.5,134739.971136,3135.5,3135.5,3169.60009765625
2026-02-02 00:00:00+05:30,3198.0,3198.0,3134.0,3169.60009765625,2636272.0,0.0,0.0,3159.2,3149.7400146484374,3162.8421264648437,3159.56421875,3143.6432366786858,3157.4723140341976,3159.8868031348084,-2.4144891006108082,-0.36001475430186247,-2.054474346308946,48.79931918668846,3162.8421264648437,3230.6317127499838,3095.0525401797036,135.5791725702802,0.549845201613863,62.61626790918451,45.72314422165215,-37.38373209081549,2921795.05,0.9022782073643393,-0.38598103631794334,0.02019182168984806,0.014629212439941641,64.0,1.0089600900645952,1.0089600900645952,0.9887682683747472,0.012562021155138853,0.014836637702154062,-37.099853515625,-1.1569480799744625,74.10009765625,57.86010093843509,3123.89990234375,3022068.0,3141.0,3092.0,3144.39990234375,2457641.0,3200.10009765625,3125.60009765625,3200.10009765625,2751234.0,3205.199951171875,3170.60009765625,3162.5,2068857.0,3194.5,3152.0,3206.699951171875,4293470.0,3221.89990234375,3171.0,3225.300048828125
2026-02-03 00:00:00+05:30,3350.0,3350.0,3186.300048828125,3225.300048828125,4366060.0,0.0,0.0,3172.660009765625,3155.910009765625,3166.173193359375,3162.1832568359373,3144.059853067203,3167.9073501563403,3164.732230104031,3.1751200523094667,0.3470122070204036,2.828107845289063,51.46474591021113,3166.173193359375,3239.428365183755,3092.918021534995,146.51034364875977,0.9035677891145976,53.47016747318097,48.678783581520975,-46.52983252681903,3023012.9,1.4442743529146038,0.28885021145000445,0.05075495262257955,0.01757317940930858,153.42023955078218,1.0386630543775868,1.0386630543775868,0.9879081017550072,0.01299548108508696,0.014475564575862682,61.699951171875,1.9503081700365854,180.39990234375,65.8701564537464,3169.60009765625,2636272.0,3198.0,3134.0,3123.89990234375,3022068.0,3141.0,3092.0,3144.39990234375,2457641.0,3200.10009765625,3125.60009765625,3158.0,4279874.0,3175.0,3130.0,3163.60009765625,3387562.0,3220.0,3152.10009765625,2999.10009765625
2026-02-04 00:00:00+05:30,3120.0,3120.0,2986.0,2999.10009765625,10852595.0,0.0,0.0,3132.460009765625,3145.5900146484373,3156.2447021484377,3160.462939453125,3143.3240167453205,3141.9370036178643,3152.463180062075,-10.526176444210705,-1.827625523225819,-8.698550920984886,40.06121658988798,3156.2447021484377,3259.29287442107,3053.1965298758055,206.0963445452644,-0.2624812795147583,3.598927927541209,39.89512110330223,-96.40107207245879,3420026.4,3.0718138421558687,1.4120774622922414,0.044680069233007234,-0.06351860894540574,134.0,1.0403120597536013,1.0403120597536013,0.995631990520594,0.025840326906723728,0.01535270023596216,-103.199951171875,-3.3265625357823847,215.24748788968944,76.99998256138393,3225.300048828125,4366060.0,3350.0,3186.300048828125,3169.60009765625,2636272.0,3198.0,3134.0,3123.89990234375,3022068.0,3141.0,3092.0,3200.10009765625,2751234.0,3205.199951171875,3170.60009765625,3102.300048828125,4499273.0,3160.0,3091.10009765625,2991.5
2026-02-05 00:00:00+05:30,2990.0,3029.699951171875,2972.300048828125,2991.5,3521545.0,0.0,0.0,3101.880029296875,3132.4800048828124,3143.98173828125,3159.022763671875,3142.55722878196,3118.792849215116,3140.5399786649414,-21.74712944982548,-5.811526308545753,-15.935603141279726,39.62237394107831,3143.98173828125,3263.7099497941813,3024.2535267683184,239.45642302586293,-0.136782828184069,5.083387252845561,20.717494217855915,-94.91661274715445,3496631.55,1.007124985759509,0.7475349229585886,0.0191876658344476,-0.002534126040737772,57.39990234375,0.9994985793080394,1.0127694972996406,0.9935818314651931,0.025623775266869913,0.01625527471865105,-131.10009765625,-4.198427386031611,57.39990234375,81.0999755859375,2999.10009765625,10852595.0,3120.0,2986.0,3225.300048828125,4366060.0,3350.0,3186.300048828125,3169.60009765625,2636272.0,3198.0,3134.0,3144.39990234375,2457641.0,3200.10009765625,3125.60009765625,3122.60009765625,2015150.0,3138.5,3082.0,2941.60009765625
2026-02-06 00:00:00+05:30,2976.60009765625,2985.0,2916.0,2941.60009765625,4687389.0,0.0,0.0,3065.420068359375,3111.6000244140623,3133.7269287109375,3155.7261962890625,3141.5473939521826,3091.532425898367,3125.803687893839,-34.27126199547229,-11.503473445931062,-22.767788549541223,30.28998087172512,3133.7269287109375,3283.7713076140935,2983.6825498077815,300.08875780631206,-0.14023335115637015,5.898640012960829,4.860318397782533,-94.10135998703917,3523034.2,1.3304977283501818,1.06508645813095,0.02345662146767552,-0.01668056237464488,69.0,1.0118982862517194,1.014753841753789,0.9912972202861133,0.025472000120704465,0.01734808807540739,-208.7998046875,-6.627723817924281,75.5,80.3214111328125,2991.5,3521545.0,3029.699951171875,2972.300048828125,2999.10009765625,10852595.0,3120.0,2986.0,3225.300048828125,4366060.0,3350.0,3186.300048828125,3123.89990234375,3022068.0,3141.0,3092.0,3150.39990234375,2269827.0,3160.0,3122.300048828125,2948.199951171875
2026-02-09 00:00:00+05:30,2959.10009765625,2977.0,2937.5,2948.199951171875,2380318.0,0.0,0.0,3021.1400390625,3090.17001953125,3123.6105834960936,3153.078232421875,3140.580656738281,3069.481275940445,3112.647852825326,-43.166576884881124,-17.836094133721076,-25.330482751160048,33.06603272020536,3123.6105834960936,3294.693488814357,2952.5276781778302,342.16581063652666,-0.012648040427839428,7.419343587989632,6.133790284598675,-92.58065641201037,3545116.45,0.6714357718771128,0.15054737954339048,0.013398005784614172,0.0022436270385235435,39.5,1.0036972209025519,1.0097686891340858,0.9963706833494717,0.025404649454920512,0.01842979404266387,-214.300048828125,-6.776286128952568,39.5,78.2928466796875,2941.60009765625,4687389.0,2985.0,2916.0,2991.5,3521545.0,3029.699951171875,2972.300048828125,2999.10009765625,10852595.0,3120.0,2986.0,3169.60009765625,2636272.0,3198.0,3134.0,3162.5,2068857.0,3194.5,3152.0,2984.60009765625
2026-02-10 00:00:00+05:30,2949.800048828125,3011.60009765625,2943.5,2984.60009765625,3547763.0,0.0,0.0,2973.000048828125,3072.830029296875,3113.7526245117188,3151.140595703125,3139.0638037109375,3056.4226331274917,3103.1628321089684,-46.740198981476624,-23.616915103272188,-23.123283878204436,40.36983428729634,3113.7526245117188,3293.242263449249,2934.2629855741884,358.9792778750607,0.14022289080313138,15.806474114343319,9.708152571764593,-84.19352588565668,3611087.5,0.9824638699560728,-0.1710590078119122,0.02281715989680752,0.012346566409074944,68.10009765625,0.9883401301047156,1.0090464380877031,0.9862292781908956,0.02608598201761283,0.019617571663430595,-173.39990234375,-5.49081388042274,68.10009765625,77.97856794084821,2948.199951171875,2380318.0,2977.0,2937.5,2941.60009765625,4687389.0,2985.0,2916.0,2991.5,3521545.0,3029.699951171875,2972.300048828125,3225.300048828125,4366060.0,3350.0,3186.300048828125,3158.0,4279874.0,3175.0,3130.0,2909.800048828125
2026-02-11 00:00:00+05:30,2980.0,2998.0,2904.199951171875,2909.800048828125,3363513.0,0.0,0.0,2955.1400390625,3043.8000244140626,3098.7600219726564,3147.7874951171875,3136.948701171875,3033.8653124660505,3088.8396604393524,-54.974347973301974,-29.888401677278146,-25.085946296023828,34.014427617807144,3098.7600219726564,3293.92953048107,2903.590513464243,390.3390170168268,0.0159080570816068,1.2561904537630675,8.16066938536534,-98.74380954623693,3496996.1,0.9618292110763291,0.2225470461618313,0.032235908740843366,-0.02506200039558537,93.800048828125,1.0241253522557836,1.0303113443163892,0.9980754355755457,0.025861102949069598,0.020742459381806938,-290.300048828125,-9.071592761762059,93.800048828125,80.64285714285714,2984.60009765625,3547763.0,3011.60009765625,2943.5,2948.199951171875,2380318.0,2977.0,2937.5,2941.60009765625,4687389.0,2985.0,2916.0,2999.10009765625,10852595.0,3120.0,2986.0,3200.10009765625,2751234.0,3205.199951171875,3170.60009765625,2750.10009765625
2026-02-12 00:00:00+05:30,2869.800048828125,2880.0,2740.0,2750.10009765625,10612156.0,0.0,0.0,2906.86005859375,3004.3700439453123,3079.490026855469,3141.19521484375,3134.056848144531,2990.209125572235,3063.7478368576108,-73.53871128537594,-38.61846359889771,-34.92024768647823,24.902848928016667,3079.490026855469,3328.158126770012,2830.8219269409256,497.3361998290866,-0.16230837271128912,1.6557537141393444,6.239472760748576,-98.34424628586065,3850628.35,2.7559543626172074,3.3180252933605843,0.05084118509106168,-0.054883479446016126,140.0,1.042131786219098,1.0451261069628106,0.9963273708964784,0.02963066659695598,0.022335235753226875,-394.2998046875,-12.539747390069556,169.800048828125,90.07857840401786,2909.800048828125,3363513.0,2998.0,2904.199951171875,2984.60009765625,3547763.0,3011.60009765625,2943.5,2948.199951171875,2380318.0,2977.0,2937.5,2991.5,3521545.0,3029.699951171875,2972.300048828125,3144.39990234375,2457641.0,3200.10009765625,3125.60009765625,2692.199951171875
2026-02-13 00:00:00+05:30,2585.0,2713.0,2585.0,2692.199951171875,11031611.171840012,0.0,0.0,2856.980029296875,2961.200048828125,3057.3250244140627,3132.5747509765624,3130.7353369140624,2944.3615602798714,3036.225767070695,-91.86420679082357,-49.26761223728289,-42.59659455354068,22.115513501260367,3057.3250244140627,3358.463531649021,2756.186517179104,602.277014469917,-0.10624108918309916,14.013065512663399,5.641669893521937,-85.9869344873366,4409065.1,2.5331299825897333,2.695725906895543,0.04754475979552837,-0.021053832380035886,128.0,0.9636268631897635,1.00772604160366,0.9617749098982359,0.029635540653654785,0.023911527966448246,-431.699951171875,-13.819263250015979,165.10009765625,98.721435546875,2750.10009765625,10612156.0,2880.0,2740.0,2909.800048828125,3363513.0,2998.0,2904.199951171875,2984.60009765625,3547763.0,3011.60009765625,2943.5,2941.60009765625,4687389.0,2985.0,2916.0,3123.89990234375,3022068.0,3141.0,3092.0,2706.60009765625
2026-02-16 00:00:00+05:30,2700.0,2719.800048828125,2671.0,2706.60009765625,2918730.0,0.0,0.0,2808.66005859375,2914.900048828125,3032.320031738281,3123.275859375,3127.5766870117186,2907.7828737223913,3011.8090473836373,-104.02617366124605,-60.21932452207553,-43.292844334616845,23.546674831388017,3032.320031738281,3362.851028738284,2701.789034738278,661.061994000006,0.007277778728225938,15.895437602124183,10.521418942975641,-84.10456239787581,4340328.1,0.6724675952493085,0.10714296552100855,0.018030018128789273,0.0053488398876564425,48.800048828125,0.9975614803007045,1.0048769491966343,0.986846931067845,0.028763238782651575,0.025531649729199517,-463.0,-14.607521003749458,48.800048828125,98.99286760602679,2692.199951171875,11031611.171840012,2713.0,2585.0,2750.10009765625,10612156.0,2880.0,2740.0,2909.800048828125,3363513.0,2998.0,2904.199951171875,2948.199951171875,2380318.0,2977.0,2937.5,3169.60009765625,2636272.0,3198.0,3134.0,2717.39990234375
2026-02-17 00:00:00+05:30,2716.0,2760.0,2695.199951171875,2717.39990234375,4209118.0,0.0,0.0,2755.22001953125,2864.1100341796873,3010.0100219726564,3114.0161767578124,3124.5817443847654,2878.4931858179852,2990.0009597258313,-111.50777390784606,-70.47701439922965,-41.03075950861641,20.635115835299757,3010.0100219726564,3362.721777367527,2657.298266577786,705.4235107897412,0.08519936583723826,17.307176776960784,15.738559963916122,-82.69282322303921,4381405.9,0.960677484822851,-0.03594591004246395,0.023846342517431878,0.003990173759637505,64.800048828125,0.9994848375675062,1.0156767863351683,0.9918304438177363,0.027323939548820335,0.026704572413052574,-488.7630754506836,-15.252971097354438,64.800048828125,100.25001743861607,2706.60009765625,2918730.0,2719.800048828125,2671.0,2692.199951171875,11031611.171840012,2713.0,2585.0,2750.10009765625,10612156.0,2880.0,2740.0,2984.60009765625,3547763.0,3011.60009765625,2943.5,3225.300048828125,4366060.0,3350.0,3186.300048828125,2694.89990234375
2026-02-18 00:00:00+05:30,2730.0,2730.0,2657.300048828125,2694.89990234375,2950820.0,0.0,0.0,2712.239990234375,2833.6900146484377,2989.6400146484375,3104.3398876953124,3121.361693115234,2850.2480652834874,2968.1416195061297,-117.89355422264225,-79.96032236391217,-37.93323185873008,21.50374738896201,2989.6400146484375,3366.162806532278,2613.117222764597,753.0455837676809,0.10860256183958102,14.366000306372548,15.856204895152503,-85.63399969362744,4303983.25,0.6856021105565409,-0.728100053489511,0.02697686511793925,-0.008279973801645357,72.699951171875,1.0130246387354587,1.0130246387354587,0.9860477736175194,0.019847779170724982,0.026365240801972983,-304.2001953125,-10.143049094967783,72.699951171875,100.12144252232143,2717.39990234375,4209118.0,2760.0,2695.199951171875,2706.60009765625,2918730.0,2719.800048828125,2671.0,2692.199951171875,11031611.171840012,2713.0,2585.0,2909.800048828125,3363513.0,2998.0,2904.199951171875,2999.10009765625,10852595.0,3120.0,2986.0,2677.89990234375
2026-02-19 00:00:00+05:30,2708.0,2748.699951171875,2666.60009765625,2677.89990234375,3238849.0,0.0,0.0,2697.799951171875,2802.3300048828123,2967.4050048828126,3094.8775244140625,3118.029093017578,2823.7329632927585,2946.64223064925,-122.90926735649145,-88.55011136242804,-34.359155994063414,21.599599524902217,2967.4050048828126,3362.911425510383,2571.898584255242,791.0128412551412,0.13400707619399732,12.143778084150327,14.605651722494551,-87.85622191584967,4365168.2,0.7419757616670991,-0.08027612880142099,0.030658298110310102,-0.006308212036081562,82.099853515625,1.011240187741859,1.02643864648046,0.99578034837015,0.01971584001950623,0.02577444727723661,-313.60009765625,-10.483038531046295,82.099853515625,101.66034660602685,2694.89990234375,2950820.0,2730.0,2657.300048828125,2717.39990234375,4209118.0,2760.0,2695.199951171875,2706.60009765625,2918730.0,2719.800048828125,2671.0,2750.10009765625,10612156.0,2880.0,2740.0,2991.5,3521545.0,3029.699951171875,2972.300048828125,2686.199951171875
2026-02-20 00:00:00+05:30,2667.0,2702.60009765625,2647.5,2686.199951171875,2293482.0,0.0,0.0,2696.599951171875,2776.789990234375,2944.1950073242188,3085.9563427734374,3114.8100048828123,2802.574038351084,2927.35020795282,-124.776169601736,-95.79532301028965,-28.98084659144635,17.67851598552916,2944.1950073242188,3348.8613108129052,2539.5287038355323,809.332606977373,0.18122493282967816,13.228751787173202,13.246176725898692,-86.77124821282679,4366350.95,0.5252628628030919,-0.5107122536661668,0.02051228451262988,0.0030994619406277124,55.10009765625,0.9928523745361924,1.0061053334757228,0.9855930489630931,0.02005342510710347,0.025232589775876512,-255.400146484375,-8.682354433149076,55.10009765625,100.88572474888393,2677.89990234375,3238849.0,2748.699951171875,2666.60009765625,2694.89990234375,2950820.0,2730.0,2657.300048828125,2717.39990234375,4209118.0,2760.0,2695.199951171875,2692.199951171875,11031611.171840012,2713.0,2585.0,2941.60009765625,4687389.0,2985.0,2916.0,2676.300048828125
2026-02-23 00:00:00+05:30,2686.0,2704.0,2660.199951171875,2676.300048828125,4699596.0,0.0,0.0,2690.53994140625,2749.6,2919.885009765625,3076.784130859375,3111.5230517578125,2783.1472707321673,2908.7538980894346,-125.60662735726737,-101.75758387968521,-23.849043477582157,10.897435897435884,2919.885009765625,3327.7359889842774,2512.0340305469726,815.7019584373047,0.20137994837703693,17.0654296875,14.145986519607844,-82.9345703125,4497887.9,1.044845070505203,0.9743563675105595,0.01636589621081679,-0.0036854673977010366,43.800048828125,1.0036243885195617,1.010350091793334,0.993984195582517,0.019774499252587518,0.024669574755643214,-271.89990234375,-9.222573327690109,43.800048828125,91.12859235491071,2686.199951171875,2293482.0,2702.60009765625,2647.5,2677.89990234375,3238849.0,2748.699951171875,2666.60009765625,2694.89990234375,2950820.0,2730.0,2657.300048828125,2706.60009765625,2918730.0,2719.800048828125,2671.0,2948.199951171875,2380318.0,2977.0,2937.5,2573.699951171875
2026-02-24 00:00:00+05:30,2641.0,2647.5,2561.300048828125,2573.699951171875,7798833.0,0.0,0.0,2661.799951171875,2708.5099853515626,2890.6700073242187,3064.9981298828125,3107.7646630859376,2750.9246061844296,2883.9350850069263,-132.94660880532723,-108.00816286824751,-25.00231595424917,13.226137729214187,2890.6700073242187,3310.2441071223925,2471.095907526045,829.6553340038488,0.12227166035175363,2.647289694490573,10.98049038972126,-97.35271030550943,4673835.85,1.6686150841176848,1.1982395667354329,0.03349261872295014,-0.038336545149777024,86.199951171875,1.0261491432975633,1.0286746902235133,0.9951820715005633,0.02006064196733817,0.02406704075061575,-410.900146484375,-13.767343464440918,115.0,82.25001743861607,2676.300048828125,4699596.0,2704.0,2660.199951171875,2686.199951171875,2293482.0,2702.60009765625,2647.5,2677.89990234375,3238849.0,2748.699951171875,2666.60009765625,2717.39990234375,4209118.0,2760.0,2695.199951171875,2984.60009765625,3547763.0,3011.60009765625,2943.5,2629.300048828125
2026-02-25 00:00:00+05:30,2596.0,2654.199951171875,2595.0,2629.300048828125,3621285.0,0.0,0.0,2648.67998046875,2680.4599853515624,2862.1300048828125,3054.13359375,3103.413854980469,2732.2131358219212,2865.073228927244,-132.8600931053229,-112.9785489156626,-19.881544189660303,21.088771833412252,2862.1300048828125,3270.5874778778616,2453.6725318877634,816.9149459900982,0.2149887424663306,15.10104211113575,11.60458716437544,-84.89895788886425,4717338.4,0.7676542772509175,0.0766377296594365,0.022515479432733562,0.02160317780281029,59.199951171875,0.9873350138022601,1.0094701638768264,0.9869546844440928,0.022601819471201306,0.02374111240282892,-280.5,-9.63983762777676,80.5,83.9000244140625,2573.699951171875,7798833.0,2647.5,2561.300048828125,2676.300048828125,4699596.0,2704.0,2660.199951171875,2686.199951171875,2293482.0,2702.60009765625,2647.5,2694.89990234375,2950820.0,2730.0,2657.300048828125,2909.800048828125,3363513.0,2998.0,2904.199951171875,2647.699951171875
2026-02-26 00:00:00+05:30,2650.0,2671.0,2635.0,2647.699951171875,3464267.0,0.0,0.0,2642.639990234375,2670.219970703125,2837.2950073242187,3044.130087890625,3099.664442138672,2719.2111074142213,2848.9715034255446,-129.76039601132334,-116.33491833479475,-13.425477676528587,25.298363244553826,2837.2950073242187,3233.7122702823535,2440.877744366084,792.8345259162697,0.26086427879357194,19.187184760161546,12.311838855262621,-80.81281523983846,4767669.7,0.7266164012997796,-0.6735567211789951,0.013596706826264947,0.006998023048738977,36.0,1.000868696933392,1.008800109248713,0.9952034024224482,0.01656825026296112,0.022434870769429436,-102.400146484375,-3.7235061578901996,41.699951171875,81.48573521205357,2629.300048828125,3621285.0,2654.199951171875,2595.0,2573.699951171875,7798833.0,2647.5,2561.300048828125,2676.300048828125,4699596.0,2704.0,2660.199951171875,2677.89990234375,3238849.0,2748.699951171875,2666.60009765625,2750.10009765625,10612156.0,2880.0,2740.0,2637.39990234375
2026-02-27 00:00:00+05:30,2681.60009765625,2688.60009765625,2626.10009765625,2637.39990234375,5083717.0,0.0,0.0,2632.87998046875,2664.7399658203126,2812.970007324219,3033.6711181640626,3095.7006579589843,2706.62476817261,2833.299531872385,-126.67476369977521,-118.40288740779086,-8.271876291984356,24.039436070553577,2812.970007324219,3194.774075265738,2431.1659393827,763.6081358830379,0.27007826825019454,16.899810185157573,17.06267901881829,-83.10018981484242,4870752.15,1.0437231958107331,-0.54482607027564,0.023697581828398033,-0.0038901873392286346,62.5,1.0167590039239862,1.0194131330887668,0.9957155512603688,0.015415339989847123,0.021012477357274184,-54.800048828125,-2.035511842434712,62.5,83.12859235491071,2647.699951171875,3464267.0,2671.0,2635.0,2629.300048828125,3621285.0,2654.199951171875,2595.0,2573.699951171875,7798833.0,2647.5,2561.300048828125,2686.199951171875,2293482.0,2702.60009765625,2647.5,2692.199951171875,11031611.171840012,2713.0,2585.0,2613.5
2026-03-02 00:00:00+05:30,2592.0,2623.800048828125,2580.300048828125,2613.5,3374385.0,0.0,0.0,2620.319970703125,2655.4299560546874,2785.165002441406,3021.4966455078124,3091.4665856933593,2692.2978807614395,2817.0180840063404,-124.72020324490086,-119.66635057521286,-5.053852669687998,18.341576879082723,2785.165002441406,3137.4714006295126,2432.8586042532997,704.6127963762128,0.25636973480432035,11.953276164056705,16.013423703125273,-88.0467238359433,4891650.195746401,0.6875754458674768,0.15611413183131018,0.01664434666156495,-0.009061918263707835,43.5,0.9917734838339392,1.0039410938695714,0.9872967472080065,0.015330966945861654,0.01966925017359519,-93.10009765625,-3.4397433790410714,57.099853515625,82.34286063058036,2637.39990234375,5083717.0,2688.60009765625,2626.10009765625,2647.699951171875,3464267.0,2671.0,2635.0,2629.300048828125,3621285.0,2654.199951171875,2595.0,2676.300048828125,4699596.0,2704.0,2660.199951171875,2706.60009765625,2918730.0,2719.800048828125,2671.0,2587.800048828125
2026-03-04 00:00:00+05:30,2625.0,2635.0,2580.39990234375,2587.800048828125,3446434.0,0.0,0.0,2623.139990234375,2642.469970703125,2753.290002441406,3008.7846044921876,3087.19390625,2676.221291233237,2800.0389692652375,-123.81767803200046,-120.49661606657038,-3.3210619654300757,20.01862197392923,2753.290002441406,3048.687253195547,2457.8927516872654,590.7945015082814,0.2198857586000038,8.315031082545897,12.38937247725339,-91.6849689174541,4861676.5,0.7088982576277957,-0.1811980562198542,0.021099040353204816,-0.009833537850344354,54.60009765625,1.0143751257709115,1.0182394119643243,0.9971403716111196,0.015214643997299476,0.018458320618443106,-129.599853515625,-4.769259519139801,54.60009765625,79.54286411830357,2613.5,3374385.0,2623.800048828125,2580.300048828125,2637.39990234375,5083717.0,2688.60009765625,2626.10009765625,2647.699951171875,3464267.0,2671.0,2635.0,2573.699951171875,7798833.0,2647.5,2561.300048828125,2717.39990234375,4209118.0,2760.0,2695.199951171875,2578.800048828125
2026-03-05 00:00:00+05:30,2600.0,2609.5,2546.39990234375,2578.800048828125,2960636.0,0.0,0.0,2613.039990234375,2630.8599853515625,2732.275,2995.0498828125,3083.0816284179687,2661.2334077862965,2783.6509001693908,-122.41749238309421,-120.88079132987515,-1.536701053219062,27.828109348189486,2732.275,3013.5032569007963,2451.046743099204,562.4565138015923,0.22713454746118614,15.168600969704174,11.812302738768926,-84.83139903029583,4467078.55,0.6627678396208189,0.0033265329637186536,0.02446878255835475,-0.0034778575740717077,63.10009765625,1.0082208588376245,1.0119047427449157,0.987435960186561,0.015167243877145953,0.017990267089085202,-116.099853515625,-4.308132313732804,63.10009765625,71.92143903459821,2587.800048828125,3446434.0,2635.0,2580.39990234375,2613.5,3374385.0,2623.800048828125,2580.300048828125,2637.39990234375,5083717.0,2688.60009765625,2626.10009765625,2629.300048828125,3621285.0,2654.199951171875,2595.0,2694.89990234375,2950820.0,2730.0,2657.300048828125,2557.60009765625
2026-03-06 00:00:00+05:30,2572.0,2619.199951171875,2553.60009765625,2557.60009765625,3998643.0,0.0,0.0,2595.02001953125,2618.8300048828123,2710.5800048828123,2981.1838427734374,3078.9624279785157,2645.289821612443,2766.906395413577,-121.61657380113365,-121.02794782412685,-0.5886259770067994,30.749440801809556,2710.5800048828123,2973.988670327348,2447.171339438277,526.817330889071,0.2096148925693288,5.24353473401714,9.575722262089071,-94.75646526598285,4490933.45,0.8903812636101298,0.2345876575289556,0.02564898772710394,-0.008220858837624467,65.599853515625,1.0056302399882397,1.024085021568491,0.9984360338413869,0.01520753791430386,0.017539436878564966,-120.2998046875,-4.492318946731777,65.599853515625,64.81427873883929,2578.800048828125,2960636.0,2609.5,2546.39990234375,2587.800048828125,3446434.0,2635.0,2580.39990234375,2613.5,3374385.0,2623.800048828125,2580.300048828125,2647.699951171875,3464267.0,2671.0,2635.0,2677.89990234375,3238849.0,2748.699951171875,2666.60009765625,2527.39990234375
2026-03-09 00:00:00+05:30,2530.0,2560.0,2505.0,2527.39990234375,3653428.0,0.0,0.0,2573.02001953125,2602.95,2689.8699951171875,2966.53701171875,3074.5593188476564,2627.1529109557214,2749.165172855166,-122.01226189944464,-121.22481063919042,-0.7874512602542154,25.478893923743115,2689.8699951171875,2941.676591958103,2438.063398276272,503.61319368183104,0.1773911112501917,8.78427542892157,9.732137044214294,-91.21572457107843,4439235.4,0.8229858682420851,0.5929612702432372,0.021761494866323488,-0.011808020863064206,55.0,1.0010287638508804,1.0128986701416023,0.9911371752752789,0.015112298904562341,0.017045324258310852,-158.800048828125,-5.9116987459867705,55.0,65.25713239397321,2557.60009765625,3998643.0,2619.199951171875,2553.60009765625,2578.800048828125,2960636.0,2609.5,2546.39990234375,2587.800048828125,3446434.0,2635.0,2580.39990234375,2637.39990234375,5083717.0,2688.60009765625,2626.10009765625,2686.199951171875,2293482.0,2702.60009765625,2647.5,2513.10009765625
2026-03-10 00:00:00+05:30,2541.0,2545.199951171875,2490.10009765625,2513.10009765625,4323710.0,0.0,0.0,2552.9400390625,2586.6300048828125,2668.1150024414064,2952.3702587890625,3070.3205615234374,2609.606324294264,2731.678870213276,-122.07254591901165,-121.39435769515467,-0.6781882238569779,22.309588130884293,2668.1150024414064,2900.3711255090834,2435.8588793737295,464.51224613535396,0.16628456822215462,8.89404989497038,7.64062001930303,-91.10595010502962,4536405.0,0.9531137541731833,-0.07998261978263665,0.021925053270664324,-0.005657911387208392,55.099853515625,1.011101787139227,1.0127730103331585,0.9908479570624942,0.015092007656468539,0.016577075098698955,-163.199951171875,-6.097969143756343,55.099853515625,64.56426130022321,2527.39990234375,3653428.0,2560.0,2505.0,2557.60009765625,3998643.0,2619.199951171875,2553.60009765625,2578.800048828125,2960636.0,2609.5,2546.39990234375,2613.5,3374385.0,2623.800048828125,2580.300048828125,2676.300048828125,4699596.0,2704.0,2660.199951171875,2464.89990234375
2026-03-11 00:00:00+05:30,2508.10009765625,2521.0,2460.10009765625,2464.89990234375,2720664.0,0.0,0.0,2528.360009765625,2575.75,2642.129992675781,2937.799326171875,3065.659080810547,2587.343797840339,2711.9174643746287,-124.57366653428971,-122.03021946298168,-2.5434470713080373,20.856570821180966,2642.129992675781,2838.8707805163954,2445.3892048351668,393.4815756812286,0.04958478036691975,1.6631348315081993,6.447153385133383,-98.3368651684918,4495050.05,0.6052577768294259,-0.6511447289613715,0.024706846020742395,-0.019179576395485398,60.89990234375,1.0175261458980234,1.0227595845181816,0.9980527384974391,0.011292705262457112,0.01570028142821085,-108.800048828125,-4.2273789055552236,60.89990234375,63.721400669642854,2513.10009765625,4323710.0,2545.199951171875,2490.10009765625,2527.39990234375,3653428.0,2560.0,2505.0,2557.60009765625,3998643.0,2619.199951171875,2553.60009765625,2587.800048828125,3446434.0,2635.0,2580.39990234375,2573.699951171875,7798833.0,2647.5,2561.300048828125,2442.39990234375
2026-03-12 00:00:00+05:30,2459.800048828125,2472.89990234375,2436.0,2442.39990234375,2752075.0,0.0,0.0,2501.07998046875,2557.0599853515623,2618.7599853515626,2922.870712890625,3060.775393066406,2565.04473699471,2691.9531997615986,-126.90846276688853,-123.00586812376305,-3.9025946431254823,20.5698647189119,2618.7599853515626,2791.1607783509926,2446.3591923521326,344.80158599886,-0.011482806834872522,2.3880232625932836,4.315069329690621,-97.61197673740672,4464478.15,0.6164382280603165,-0.24002805633911717,0.015108051023233544,-0.00912815971902381,36.89990234375,1.0071242004504166,1.012487717498978,0.9973796664757444,0.006737281510396327,0.014113827632130352,-186.900146484375,-7.108361275377306,36.89990234375,60.492832728794646,2464.89990234375,2720664.0,2521.0,2460.10009765625,2513.10009765625,4323710.0,2545.199951171875,2490.10009765625,2527.39990234375,3653428.0,2560.0,2505.0,2578.800048828125,2960636.0,2609.5,2546.39990234375,2629.300048828125,3621285.0,2654.199951171875,2595.0,2410.5
2026-03-13 00:00:00+05:30,2437.0,2445.89990234375,2397.0,2410.5,2466488.0,0.0,0.0,2471.6599609375,2533.339990234375,2601.77998046875,2908.1016064453124,3055.9187585449217,2541.2686236109084,2671.1048138602773,-129.83619024936888,-124.37193254888423,-5.4642577004846515,17.465189645486106,2601.77998046875,2786.1909881659285,2417.368972771572,368.82201539435664,-0.018624085561235626,4.397394136807818,2.816184076969767,-95.60260586319218,4057194.75,0.6079294073817876,-0.28802023631550344,0.02028620715359884,-0.013060884220122415,48.89990234375,1.0109935697987968,1.0146857093315702,0.9943995021779714,0.004666594323286406,0.012923662038162878,-237.199951171875,-8.958717209134292,48.89990234375,60.049961635044646,2442.39990234375,2752075.0,2472.89990234375,2436.0,2464.89990234375,2720664.0,2521.0,2460.10009765625,2513.10009765625,4323710.0,2545.199951171875,2490.10009765625,2557.60009765625,3998643.0,2619.199951171875,2553.60009765625,2647.699951171875,3464267.0,2671.0,2635.0,2409.199951171875
2026-03-16 00:00:00+05:30,2410.0,2425.0,2366.10009765625,2409.199951171875,3807907.0,0.0,0.0,2448.019970703125,2510.5199951171876,2587.62998046875,2892.890068359375,3051.060457763672,2520.950366312595,2651.7044530288867,-130.75408671629157,-125.64836338236572,-5.105723333925852,17.82702543743568,2587.62998046875,2785.748547010953,2389.511413926547,396.2371330844062,0.049688773720089396,13.36429566375969,6.716571021053597,-86.63570433624031,3689153.35,1.0321899467800655,-0.2509600750789236,0.024447909487587408,-0.0005393274541070081,58.89990234375,1.00033208070909,1.006558213991512,0.9821103045039244,0.005191532995870874,0.011901281338765255,-228.199951171875,-8.652459225811103,58.89990234375,61.12852260044643,2410.5,2466488.0,2445.89990234375,2397.0,2442.39990234375,2752075.0,2472.89990234375,2436.0,2464.89990234375,2720664.0,2521.0,2460.10009765625,2527.39990234375,3653428.0,2560.0,2505.0,2637.39990234375,5083717.0,2688.60009765625,2626.10009765625,2391.699951171875
2026-03-17 00:00:00+05:30,2420.0,2420.0,2360.0,2391.699951171875,2993367.0,0.0,0.0,2423.73994140625,2488.339990234375,2571.884973144531,2876.870849609375,3046.112722167969,2501.0656870601765,2632.444859717569,-131.3791726573927,-126.79452523737113,-4.584647420021568,22.424242424242422,2571.884973144531,2779.9935849319318,2363.7763613571306,416.2172235748012,0.0670889819861722,9.646969492089578,9.13621976421903,-90.35303050791042,3692885.2,0.8105767815365611,-0.1129147978076005,0.025086758884868252,-0.007263822162825395,60.0,1.011832608356353,1.011832608356353,0.9867458494714846,0.005220087370121427,0.01089019338119123,-221.800048828125,-8.48670552240769,60.0,57.199951171875,2409.199951171875,3807907.0,2425.0,2366.10009765625,2410.5,2466488.0,2445.89990234375,2397.0,2442.39990234375,2752075.0,2472.89990234375,2436.0,2513.10009765625,4323710.0,2545.199951171875,2490.10009765625,2613.5,3374385.0,2623.800048828125,2580.300048828125,2440.800048828125
2026-03-18 00:00:00+05:30,2410.0,2482.89990234375,2410.0,2440.800048828125,3082388.0,0.0,0.0,2418.919970703125,2473.639990234375,2558.05498046875,2862.5132763671877,3041.578192138672,2491.7940504090916,2618.2489474031945,-126.45489699410291,-126.7265995887175,0.2717025946145952,20.865533230293664,2558.05498046875,2762.1715424932413,2353.9384184442583,408.233124048983,0.21277457723750104,24.589173711278164,15.866812955709145,-75.41082628872184,3636548.7,0.8476135628267538,-0.10562976108058353,0.029867216029740185,0.020529371852097134,72.89990234375,0.9873811667437025,1.0172483827734426,0.9873811667437025,0.010610419973409538,0.010429770978802237,-147.0,-5.6805007043171045,91.199951171875,57.9642333984375,2391.699951171875,2993367.0,2420.0,2360.0,2409.199951171875,3807907.0,2425.0,2366.10009765625,2410.5,2466488.0,2445.89990234375,2397.0,2464.89990234375,2720664.0,2521.0,2460.10009765625,2587.800048828125,3446434.0,2635.0,2580.39990234375,2357.2578152421875
2026-03-19 00:00:00+05:30,2417.0,2424.0,2350.199951171875,2357.2578152421875,2757060.0,0.0,0.0,2401.639990234375,2451.3599853515625,2541.1099853515625,2845.6798779296873,3036.685389404297,2470.902658038462,2598.823098944843,-127.92044090638092,-126.89280962697015,-0.9550730541307075,12.592992872398852,2541.1099853515625,2753.494436680124,2328.725534023001,424.76890265712336,0.06421012886391858,1.7139616777301858,11.983368293699309,-98.28603832226982,3626860.7,0.7601780790753833,-0.06876090137389401,0.03132429916304117,-0.03474272661901945,73.800048828125,1.0258913412563668,1.028862478777589,0.9975381796145479,0.013940251530942421,0.010307071744181884,-222.800048828125,-8.639679099175268,90.60009765625,61.457101004464285,2440.800048828125,3082388.0,2482.89990234375,2410.0,2391.699951171875,2993367.0,2420.0,2360.0,2409.199951171875,3807907.0,2425.0,2366.10009765625,2442.39990234375,2752075.0,2472.89990234375,2436.0,2578.800048828125,2960636.0,2609.5,2546.39990234375,2390.60009765625
2026-03-20 00:00:00+05:30,2386.0,2407.800048828125,2364.199951171875,2390.60009765625,4206320.0,0.0,0.0,2397.660009765625,2434.6599853515627,2526.7449951171875,2828.7566943359375,3032.1811389160157,2458.54841797966,2583.399172553996,-124.85075457433595,-126.54244519666736,1.6916906223314072,20.207666790053295,2526.7449951171875,2739.037580233895,2314.45241000048,424.58517023341483,0.1793460841176056,14.185442260494916,13.496192549834424,-85.81455773950509,3675234.25,1.1445039183556802,0.05193686958300603,0.018238139327023218,0.01468594976920623,43.60009765625,0.9980757560995835,1.0071948257630952,0.9889566864360719,0.015820762001518055,0.010368394152903304,-167.0,-6.529558712209804,51.800048828125,60.692818777901785,2357.2578152421875,2757060.0,2424.0,2350.199951171875,2440.800048828125,3082388.0,2482.89990234375,2410.0,2391.699951171875,2993367.0,2420.0,2360.0,2410.5,2466488.0,2445.89990234375,2397.0,2557.60009765625,3998643.0,2619.199951171875,2553.60009765625,2383.800048828125
2026-03-23 00:00:00+05:30,2369.3808567578126,2406.800048828125,2348.0,2383.800048828125,3860515.0,0.0,0.0,2392.580029296875,2420.3,2511.625,2813.49876953125,3027.6150952148437,2447.048668879424,2568.6140519500727,-121.56538307064875,-125.54703277146363,3.9816497008148843,21.077845194934227,2511.625,2719.1207261023865,2304.1292738976135,414.99145220477294,0.191981725183098,12.473884609102788,9.457762849109299,-87.52611539089722,3753585.9,1.0284871860798497,0.05668292901899252,0.024666518845417037,-0.0028444944994320265,58.800048828125,0.9921134120131564,1.0096484602436797,0.9849819413982627,0.015747699800615796,0.010431934242508649,-143.599853515625,-5.681722681972867,58.800048828125,60.814261300223215,2390.60009765625,4206320.0,2407.800048828125,2364.199951171875,2357.2578152421875,2757060.0,2424.0,2350.199951171875,2440.800048828125,3082388.0,2482.89990234375,2410.0,2409.199951171875,3807907.0,2425.0,2366.10009765625,2527.39990234375,3653428.0,2560.0,2505.0,2398.800048828125
2026-03-24 00:00:00+05:30,2404.10009765625,2435.39990234375,2379.10009765625,2398.800048828125,3420182.0,0.0,0.0,2394.000048828125,2408.8699951171875,2497.75,2798.4642333984375,3023.171834716797,2439.625804256147,2556.035236645672,-116.40943238952468,-123.71951269507585,7.310080305551168,25.543502984780403,2497.75,2695.7771369316965,2299.7228630683035,396.05427386339306,0.2501606277173901,18.731584798822507,15.130303889473405,-81.26841520117749,3689615.2,0.9269752574740043,-0.20897053687689504,0.023469986468861333,0.006292474071964982,56.2998046875,1.002209458362615,1.0152575674381468,0.9917875809692854,0.016199892751647953,0.010542722752026591,-114.300048828125,-4.548169367973953,56.2998046875,60.9356689453125,2383.800048828125,3860515.0,2406.800048828125,2348.0,2390.60009765625,4206320.0,2407.800048828125,2364.199951171875,2357.2578152421875,2757060.0,2424.0,2350.199951171875,2391.699951171875,2993367.0,2420.0,2360.0,2513.10009765625,4323710.0,2545.199951171875,2490.10009765625,2377.39990234375
2026-03-25 00:00:00+05:30,2400.89990234375,2421.60009765625,2369.800048828125,2377.39990234375,5843778.0,0.0,0.0,2381.501863065967,2400.1199951171875,2487.9349975585938,2782.3770458984377,3018.5576989746096,2430.052588577317,2542.8029894087235,-112.75040083140675,-121.52569032234204,8.775289490935293,24.74926338562841,2487.9349975585938,2689.5386282333184,2286.331366883869,403.20726134944925,0.22586035567686402,10.840673907466005,14.015381105130436,-89.15932609253399,3591862.45,1.6269492725145975,1.1479234480994345,0.02178852988807568,-0.008921188114378031,51.800048828125,1.0098847484501168,1.0185918217919188,0.9968032919038431,0.01547750190367766,0.010961202416148645,-87.5,-3.5498398907314876,51.800048828125,60.12852260044643,2398.800048828125,3420182.0,2435.39990234375,2379.10009765625,2383.800048828125,3860515.0,2406.800048828125,2348.0,2390.60009765625,4206320.0,2407.800048828125,2364.199951171875,2440.800048828125,3082388.0,2482.89990234375,2410.0,2464.89990234375,2720664.0,2521.0,2460.10009765625,2389.800048828125
2026-03-27 00:00:00+05:30,2403.89990234375,2422.10009765625,2385.0,2389.800048828125,4979411.0,0.0,0.0,2388.080029296875,2394.860009765625,2475.959997558594,2765.9800048828124,3013.8217419433595,2423.859890154364,2531.4694380550536,-107.60954790068945,-118.74246183801154,11.132913937322087,28.48721362827969,2475.959997558594,2670.537808525253,2281.382186591935,389.1556219333179,0.27859770263004857,19.717004164209907,16.42975429016614,-80.28299583579009,3659768.75,1.3605807744000218,0.8093296875993568,0.015524352204462712,0.005215843776282814,37.10009765625,1.0059000139038992,1.0135157955344272,0.9979914433299645,0.015562317946738605,0.011843706059782872,-52.599853515625,-2.1536134793139206,44.7001953125,58.635689871651785,2377.39990234375,5843778.0,2421.60009765625,2369.800048828125,2398.800048828125,3420182.0,2435.39990234375,2379.10009765625,2383.800048828125,3860515.0,2406.800048828125,2348.0,2357.2578152421875,2757060.0,2424.0,2350.199951171875,2442.39990234375,2752075.0,2472.89990234375,2436.0,2358.89990234375
2026-03-30 00:00:00+05:30,2375.10009765625,2401.8169683789065,2346.9807115507815,2358.89990234375,6804756.0,0.0,0.0,2381.739990234375,2389.7,2461.5199951171876,2750.4480029296874,3008.7313720703123,2413.866045875808,2518.6865092754474,-104.82046339963927,-115.95806215033707,11.137598750697805,28.436177990514338,2461.5199951171876,2644.981261522359,2279.4777355526317,366.922532810343,0.22032218357524408,6.3818850109924625,12.313187694222792,-93.61811498900754,3826793.2,1.7781875435547443,1.7588846975943122,0.021959409458899733,-0.012930013328741552,51.800048828125,1.006867690865731,1.0165755645745718,0.9946161551156721,0.0155520951060765,0.012932256138061881,-51.60009765625,-2.1406387743725386,51.800048828125,58.40712193080357,2389.800048828125,4979411.0,2422.10009765625,2385.0,2377.39990234375,5843778.0,2421.60009765625,2369.800048828125,2398.800048828125,3420182.0,2435.39990234375,2379.10009765625,2390.60009765625,4206320.0,2407.800048828125,2364.199951171875,2410.5,2466488.0,2445.89990234375,2397.0,2408.199951171875
2026-04-01 00:00:00+05:30,2429.0,2472.0,2397.89990234375,2408.199951171875,4132661.0,0.0,0.0,2386.619970703125,2389.6430732,2450.0599975585938,2735.902001953125,3003.8436181640627,2413.3691546497726,2510.5023196627512,-97.50798066447123,-112.2680458531639,14.760065188692664,37.67912639483021,2450.0599975585938,2614.9576224029006,2285.162372714287,329.7952496886137,0.37307262179718415,35.46909764365255,20.522662272951642,-64.53090235634744,3779240.4,1.0935163055517718,0.08528412064685398,0.03076991078759532,0.02089959339908476,74.10009765625,1.0086371768332623,1.0264928370242175,0.9957229262366222,0.01717661467159825,0.014130764305634619,-1.0,-0.04150755521614702,113.10009765625,62.549996512276785,2358.89990234375,6804756.0,2401.8169683789065,2346.9807115507815,2389.800048828125,4979411.0,2422.10009765625,2385.0,2377.39990234375,5843778.0,2421.60009765625,2369.800048828125,2383.800048828125,3860515.0,2406.800048828125,2348.0,2409.199951171875,3807907.0,2425.0,2366.10009765625,2450.699951171875
2026-04-02 00:00:00+05:30,2386.0,2469.89990234375,2375.699951171875,2450.699951171875,5378361.0,0.0,0.0,2396.999951171875,2395.5,2441.9199951171877,2720.782001953125,2999.352186279297,2418.795202409602,2506.072514527437,-87.27731211783475,-107.26989910609808,19.992586988263326,48.30953257033708,2441.9199951171877,2587.8261719456395,2296.013818288736,291.8123536569037,0.5300876777307731,76.44479687385586,39.43192650950029,-23.555203126144132,3879439.2,1.3863758968048783,0.7967596355542104,0.03843797814858179,0.017648036235246467,94.199951171875,0.9735993991671903,1.0078344764983138,0.9693964983497321,0.017786905672447232,0.0153874461358672,59.0,2.4668646236787106,94.199951171875,64.92857142857143,2408.199951171875,4132661.0,2472.0,2397.89990234375,2358.89990234375,6804756.0,2401.8169683789065,2346.9807115507815,2389.800048828125,4979411.0,2422.10009765625,2385.0,2398.800048828125,3420182.0,2435.39990234375,2379.10009765625,2391.699951171875,2993367.0,2420.0,2360.0,2473.89990234375
2026-04-06 00:00:00+05:30,2474.0,2482.0,2448.199951171875,2473.89990234375,2572417.0,0.0,0.0,2416.299951171875,2398.8099853515623,2436.224987792969,2706.987998046875,2994.9206811523436,2427.272848553317,2504.7015036646285,-76.41650948522647,-101.09922118192377,24.682711696697297,53.743754316123,2436.224987792969,2566.1755624470184,2306.2744131389195,259.90114930809887,0.6449586300448387,93.41623758981146,68.44337736910663,-6.583762410188544,3835738.35,0.6706445448762166,-0.1654467250716003,0.013662658216730251,0.009466663252994723,33.800048828125,1.000040461481952,1.0032742220687976,0.9896115638520673,0.01686695198596112,0.016013099337122357,33.099853515625,1.3561067212988887,33.800048828125,64.7071533203125,2450.699951171875,5378361.0,2469.89990234375,2375.699951171875,2408.199951171875,4132661.0,2472.0,2397.89990234375,2358.89990234375,6804756.0,2401.8169683789065,2346.9807115507815,2377.39990234375,5843778.0,2421.60009765625,2369.800048828125,2440.800048828125,3082388.0,2482.89990234375,2410.0,2539.800048828125
2026-04-07 00:00:00+05:30,2461.0,2543.89990234375,2448.0,2539.800048828125,4516550.0,0.0,0.0,2446.299951171875,2417.189990234375,2434.3091420257692,2695.737998046875,2990.571954345703,2444.5847255186723,2506.3642240550107,-61.77949853633845,-93.23527665280672,31.455778116468267,64.21814218330107,2434.3091420257692,2556.316433787164,2312.413922346663,243.72213089261095,0.9329728311855803,97.92622431552313,89.26241959306348,-2.073775684476876,3913534.05,1.1540847587617131,0.6381761731699709,0.03775883947557157,0.026638162046064062,95.89990234375,0.9689739163268054,1.00161424263202,0.9638554031564485,0.01293100949945673,0.015912175133973788,183.800048828125,7.801360306796479,95.89990234375,68.06429617745536,2473.89990234375,2572417.0,2482.0,2448.199951171875,2450.699951171875,5378361.0,2469.89990234375,2375.699951171875,2408.199951171875,4132661.0,2472.0,2397.89990234375,2389.800048828125,4979411.0,2422.10009765625,2385.0,2357.2578152421875,2757060.0,2424.0,2350.199951171875,2559.199951171875
2026-04-08 00:00:00+05:30,2572.0,2580.300048828125,2540.10009765625,2559.199951171875,4769337.0,0.0,0.0,2486.3599609375,2434.0499755859373,2434.35498046875,2684.4699951171874,2986.2275842285158,2462.2178371576265,2510.2779816626476,-48.06014450502107,-84.2002502232496,36.140105718228526,65.86291795070929,2434.35498046875,2556.5585227694487,2312.1514381680513,244.4070846013974,1.0108074952358037,90.98671984014584,94.10972724849347,-9.013280159854162,3952068.75,1.2067950487956465,0.13385025390364969,0.015708014980801783,0.007638358126932587,40.199951171875,1.00500158216331,1.0082448023049502,0.9925367873241483,0.012692674471986664,0.015599366381020649,168.599853515625,7.05261635691059,40.5,66.75001743861607,2539.800048828125,4516550.0,2543.89990234375,2448.0,2473.89990234375,2572417.0,2482.0,2448.199951171875,2450.699951171875,5378361.0,2469.89990234375,2375.699951171875,2358.89990234375,6804756.0,2401.8169683789065,2346.9807115507815,2390.60009765625,4206320.0,2407.800048828125,2364.199951171875,2589.0
2026-04-09 00:00:00+05:30,2554.0,2605.0,2531.10009765625,2589.0,5628261.0,0.0,0.0,2522.519970703125,2454.569970703125,2437.4349853515623,2673.2419970703127,2982.3437878417967,2481.7227852872225,2516.109242340138,-34.386457052915375,-74.23749158918275,38.485466891466054,70.33598342805865,2437.4349853515623,2571.9932085499954,2302.876762153129,269.1164463968662,1.0631949168388046,93.817620950054,94.18548916050597,-6.182379049945993,4050810.4,1.3894160536370699,0.4579041915392117,0.028543801600521435,0.01164428313406285,73.89990234375,0.9864812668984164,1.0061799922750096,0.9776361906744883,0.012275525423004049,0.015252148943259474,205.199951171875,8.608102482116786,73.89990234375,67.74286760602679,2559.199951171875,4769337.0,2580.300048828125,2540.10009765625,2539.800048828125,4516550.0,2543.89990234375,2448.0,2473.89990234375,2572417.0,2482.0,2448.199951171875,2408.199951171875,4132661.0,2472.0,2397.89990234375,2383.800048828125,3860515.0,2406.800048828125,2348.0,2524.300048828125
2026-04-10 00:00:00+05:30,2565.800048828125,2565.800048828125,2501.10009765625,2524.300048828125,10480239.0,0.0,0.0,2537.239990234375,2467.119970703125,2437.994982910156,2660.477998046875,2978.270090332031,2488.2731335242843,2516.715968752427,-28.44283522814294,-65.07856031697479,36.63572508883185,58.33831495901739,2437.994982910156,2573.964914866035,2302.025050954277,271.93986391175804,0.8173682029420083,68.81764453395846,84.54066177471942,-31.182355466041535,4358636.85,2.4044762985932175,2.0642343009816435,0.025630848124378536,-0.024990324902230632,64.699951171875,1.0164402009259026,1.0164402009259026,0.990809352801524,0.01621472634440623,0.015253632302535305,125.5,5.2317824514515054,87.89990234375,67.50714983258929,2589.0,5628261.0,2605.0,2531.10009765625,2559.199951171875,4769337.0,2580.300048828125,2540.10009765625,2539.800048828125,4516550.0,2543.89990234375,2448.0,2450.699951171875,5378361.0,2469.89990234375,2375.699951171875,2398.800048828125,3420182.0,2435.39990234375,2379.10009765625,2472.60009765625
2026-04-13 00:00:00+05:30,2489.89990234375,2504.89990234375,2470.0,2472.60009765625,3739587.0,0.0,0.0,2536.980029296875,2476.639990234375,2438.379992675781,2646.77,2973.8808459472657,2485.8618972368945,2513.448126420223,-27.58622918332867,-57.58009409024556,29.99386490691689,62.46791611931758,2438.379992675781,2574.71381749975,2302.0461678518122,272.66764964793765,0.625501155067912,48.84085109594404,70.4920388599855,-51.15914890405596,4409583.0,0.8480591021872136,-0.36007373996753467,0.014114657027163927,-0.020480905665662075,34.89990234375,1.006996604385763,1.013063092862496,0.998948435835332,0.01768147101629056,0.015474029213796595,95.2001953125,4.004382906664006,54.300048828125,64.91428920200893,2524.300048828125,10480239.0,2565.800048828125,2501.10009765625,2589.0,5628261.0,2605.0,2531.10009765625,2559.199951171875,4769337.0,2580.300048828125,2540.10009765625,2473.89990234375,2572417.0,2482.0,2448.199951171875,2377.39990234375,5843778.0,2421.60009765625,2369.800048828125,2554.89990234375
2026-04-15 00:00:00+05:30,2501.89990234375,2559.0,2493.39990234375,2554.89990234375,5261384.0,0.0,0.0,2540.0,2493.1499755859377,2444.004992675781,2633.86599609375,2970.1083752441405,2496.483128791795,2516.5186283655257,-20.035499573730704,-50.07117518694259,30.035675613211886,65.94214159484903,2444.004992675781,2589.9795745894776,2298.0304107620846,291.949163827393,0.8798432172716635,80.64138786560947,66.09996116517065,-19.358612134390523,4535048.45,1.1601604829602206,0.056627781880226324,0.025676190913026153,0.033284721118271854,65.60009765625,0.979255547369437,1.0016047977662408,0.9759286068532146,0.019963387481511725,0.015914136167273905,165.099853515625,6.9085216395649685,86.39990234375,67.38570731026786,2472.60009765625,3739587.0,2504.89990234375,2470.0,2524.300048828125,10480239.0,2565.800048828125,2501.10009765625,2589.0,5628261.0,2605.0,2531.10009765625,2539.800048828125,4516550.0,2543.89990234375,2448.0,2389.800048828125,4979411.0,2422.10009765625,2385.0,2576.89990234375
2026-04-16 00:00:00+05:30,2572.0,2594.0,2558.0,2576.89990234375,3905403.0,0.0,0.0,2543.539990234375,2514.9499755859374,2452.324987792969,2622.51599609375,2966.461510009766,2508.85494010748,2520.991315360651,-12.136375253170627,-42.4842152001882,30.347839947017576,68.19978931663206,2452.324987792969,2608.8462318796664,2295.8037437062712,313.0424881733952,0.8979489023284876,89.14215905928522,72.87479934027958,-10.85784094071478,4606994.2,0.8477117249246808,-0.4260774376039347,0.013970274890094555,0.008610904865516744,36.0,0.9980985282589776,1.006635918469591,0.9926656435794964,0.018710988535703833,0.01623002551023664,212.54443998876997,8.966822011128182,39.10009765625,65.97856794084821,2554.89990234375,5261384.0,2559.0,2493.39990234375,2472.60009765625,3739587.0,2504.89990234375,2470.0,2524.300048828125,10480239.0,2565.800048828125,2501.10009765625,2559.199951171875,4769337.0,2580.300048828125,2540.10009765625,2358.89990234375,6804756.0,2401.8169683789065,2346.9807115507815,2581.5
2026-04-17 00:00:00+05:30,2570.0,2589.0,2555.89990234375,2581.5,2718206.0,0.0,0.0,2542.039990234375,2532.27998046875,2460.939990234375,2611.667998046875,2962.572393798828,2520.031103167868,2525.47344018009,-5.442337012222197,-35.075839562595,29.633502550372803,67.56391377677929,2460.939990234375,2626.190564845006,2295.6894156237436,330.5011492212625,0.8647793965306704,90.91963077039182,86.90105923176218,-9.080369229608177,4552509.15,0.5970786461791076,-0.34226252770309495,0.012822040540867713,0.001785128577197037,33.10009765625,0.9955452256440054,1.0029052876234748,0.990083247082607,0.018336975080234224,0.016346061551100237,173.300048828125,7.196248332444077,33.10009765625,64.32144601004464,2576.89990234375,3905403.0,2594.0,2558.0,2554.89990234375,5261384.0,2559.0,2493.39990234375,2472.60009765625,3739587.0,2504.89990234375,2470.0,2589.0,5628261.0,2605.0,2531.10009765625,2408.199951171875,4132661.0,2472.0,2397.89990234375,2579.60009765625
2026-04-20 00:00:00+05:30,2587.10009765625,2594.0,2561.199951171875,2579.60009765625,2288558.0,0.0,0.0,2553.1,2545.1699951171877,2470.334997558594,2599.867998046875,2958.688405761719,2529.195563858388,2529.482822241318,-0.2872583829298492,-28.11812332666197,27.83086494373212,70.19578064998161,2470.334997558594,2640.3087037449736,2300.361291372214,339.9474123727596,0.821417654969071,90.18551099245786,90.08243360737829,-9.814489007542132,4517268.7,0.5066242794014002,-0.574487841184331,0.012715168082807166,-0.0007359683686809504,32.800048828125,1.002907427398074,1.0055822227471745,0.9928670546643672,0.01808451449256621,0.016375822433112135,128.900146484375,5.259727794205804,32.800048828125,62.964303152901785,2581.5,2718206.0,2589.0,2555.89990234375,2576.89990234375,3905403.0,2594.0,2558.0,2554.89990234375,5261384.0,2559.0,2493.39990234375,2524.300048828125,10480239.0,2565.800048828125,2501.10009765625,2450.699951171875,5378361.0,2469.89990234375,2375.699951171875,2610.5
2026-04-21 00:00:00+05:30,2560.0,2614.0,2560.0,2610.5,2719959.0,0.0,0.0,2580.67998046875,2558.8300048828123,2478.8199951171873,2587.5719970703126,2954.9623291015623,2541.7039386494052,2535.4840947038615,6.219843945543744,-21.250529872220827,27.47037381776457,71.25794774138112,2478.8199951171873,2659.2093691866016,2298.430621047773,360.77874813882863,0.8649882526676484,98.41344959356755,93.26606550648098,-1.5865504064324438,4499147.25,0.6045498955385379,0.057355397666863484,0.020685692396092702,0.011978563022936983,54.0,0.9806550469258762,1.0013407393219689,0.9806550469258762,0.018166293442334867,0.01650575657874951,136.60009765625,5.521650149500235,54.0,63.628574916294646,2579.60009765625,2288558.0,2594.0,2561.199951171875,2581.5,2718206.0,2589.0,2555.89990234375,2576.89990234375,3905403.0,2594.0,2558.0,2472.60009765625,3739587.0,2504.89990234375,2470.0,2473.89990234375,2572417.0,2482.0,2448.199951171875,2538.5
2026-04-22 00:00:00+05:30,2580.0,2580.0,2503.60009765625,2538.5,5232045.0,0.0,0.0,2577.4,2558.7,2487.9449951171873,2578.3599951171873,2950.7743481445314,2541.211025011035,2535.707495097408,5.503529913627062,-15.89971791505125,21.40324782867831,66.03000638897436,2487.9449951171873,2660.4669626573814,2315.4230275769933,345.0439350803881,0.6465175873067712,68.31725365929123,85.7319398027808,-31.682746340708775,4622896.5,1.1317677131642467,0.15841626905492023,0.03009647521912547,-0.02758092319479022,76.39990234375,1.016348237147922,1.016348237147922,0.9862517619287965,0.019228816681228042,0.017135537296926642,-1.300048828125,-0.051187054222034956,106.89990234375,67.56427873883929,2610.5,2719959.0,2614.0,2560.0,2579.60009765625,2288558.0,2594.0,2561.199951171875,2581.5,2718206.0,2589.0,2555.89990234375,2554.89990234375,5261384.0,2559.0,2493.39990234375,2539.800048828125,4516550.0,2543.89990234375,2448.0,2521.800048828125
2026-04-23 00:00:00+05:30,2529.0,2559.5,2516.300048828125,2521.800048828125,2509050.0,0.0,0.0,2566.380029296875,2554.960009765625,2494.504992675781,2571.286313852539,2947.6765151525883,2538.224720982895,2534.6773138869817,3.5474070959135133,-12.010292912858297,15.55770000877181,60.76574884037745,2494.504992675781,2661.325194241437,2327.684791110125,333.64040313131227,0.5818098044966133,61.309302442327805,76.10653695273744,-38.690697557672195,4538033.0,0.5528937317115147,-0.4739205889623652,0.017130601290911197,-0.00657866896666337,43.199951171875,1.0028550840798107,1.014949619494771,0.9978190182038597,0.01913614766980648,0.017779884616708624,-37.39990234375,-1.4613903976758214,43.199951171875,62.5714111328125,2538.5,5232045.0,2580.0,2503.60009765625,2610.5,2719959.0,2614.0,2560.0,2579.60009765625,2288558.0,2594.0,2561.199951171875,2576.89990234375,3905403.0,2594.0,2558.0,2559.199951171875,4769337.0,2580.300048828125,2540.10009765625,2396.89990234375
