,RMSE,MAE,R²,MAPE,Directional_Accuracy
linear_regression,46.936682635478974,35.51388709569831,0.9221258839593072,1.0894919915954562,42.857142857142854
lstm,79.62462586131701,64.35408664261668,0.7172077804357766,1.9811743862447935,70.27027027027027
prophet,328.2742829195723,266.3276250660442,-2.7289752723507723,8.54685685266741,51.02040816326531
